-- phpMyAdmin SQL Dump
-- version 3.4.5
-- http://www.phpmyadmin.net
--
-- Хост: localhost
-- Время создания: Янв 04 2013 г., 01:55
-- Версия сервера: 5.1.40
-- Версия PHP: 5.3.1

SET SQL_MODE="NO_AUTO_VALUE_ON_ZERO";
SET time_zone = "+00:00";


/*!40101 SET @OLD_CHARACTER_SET_CLIENT=@@CHARACTER_SET_CLIENT */;
/*!40101 SET @OLD_CHARACTER_SET_RESULTS=@@CHARACTER_SET_RESULTS */;
/*!40101 SET @OLD_COLLATION_CONNECTION=@@COLLATION_CONNECTION */;
/*!40101 SET NAMES utf8 */;

--
-- База данных: `management`
--

-- --------------------------------------------------------

--
-- Структура таблицы `tbl_category`
--

CREATE TABLE IF NOT EXISTS `tbl_category` (
  `id` int(11) NOT NULL AUTO_INCREMENT,
  `title` varchar(255) NOT NULL,
  PRIMARY KEY (`id`)
) ENGINE=InnoDB  DEFAULT CHARSET=utf8 COMMENT='список категорий' AUTO_INCREMENT=179 ;

--
-- Дамп данных таблицы `tbl_category`
--

INSERT INTO `tbl_category` (`id`, `title`) VALUES
(1, 'тестовая категория'),
(2, 'Автомобили'),
(3, 'Автозвук'),
(4, 'Автопробеги/Автошоу'),
(5, 'Автосервис'),
(6, 'Автохимия'),
(7, 'Обзоры автомобилей'),
(8, 'Тюнинг'),
(9, 'Бизнес'),
(10, 'GR/Правовое регулирование'),
(11, 'PR'),
(12, 'Малый бизнес'),
(13, 'Маркетинг'),
(14, 'Менеджмент'),
(15, 'Партнерские отношения'),
(16, 'Платежные системы'),
(17, 'Реклама'),
(18, 'Форекс'),
(19, 'Бухгалтерия и финансы'),
(20, 'Арендные отношения'),
(21, 'Аудиторская деятельность'),
(22, 'Банковская деятельность'),
(23, 'Бухгалтерский учет'),
(24, 'Кредитование'),
(25, 'Налоги'),
(26, 'Нормативные документы'),
(27, 'Отчетность'),
(28, 'Страхование'),
(29, 'Финансы и инвестиции'),
(30, 'Высокие технологии'),
(31, 'Авиация/космонавтика'),
(32, 'Беспроводные технологии'),
(33, 'Биотехнологии'),
(34, 'Интернет-технологии'),
(35, 'Продвижение сайтов'),
(36, 'Создание сайтов'),
(37, 'Искусственный интеллект'),
(38, 'Нанотехнологии'),
(39, 'Оборонные технологии'),
(40, 'Программирование'),
(41, 'Робототехника'),
(42, 'Системы безопасности, контроля, автоматизации'),
(43, 'Энергетика'),
(44, 'Живая природа/Растительный мир'),
(45, 'Животные'),
(46, 'Охота'),
(47, 'Птицы'),
(48, 'Растения'),
(49, 'Рыбалка'),
(50, 'Экология'),
(51, 'Журналистика'),
(52, 'Журналистская этика'),
(53, 'Издательство и полиграфия'),
(54, 'СМИ и периодика'),
(55, 'Закон и право'),
(56, 'Арбитраж'),
(57, 'Законодательство'),
(58, 'Нормативные, законодательные базы'),
(59, 'Юридические услуги'),
(60, 'История'),
(61, 'Войны'),
(62, 'Исторические памятники'),
(63, 'Этапы развития'),
(64, 'Кулинария'),
(65, 'Национальные кухни'),
(66, 'Питание/Диеты'),
(67, 'Культура'),
(68, 'Живопись'),
(69, 'Кинематограф'),
(70, 'Мультипликация'),
(71, 'Культуры разных стран'),
(72, 'Литература'),
(73, 'Стихи'),
(74, 'Тексты песен'),
(75, 'Музыка'),
(76, 'Памятники культуры'),
(77, 'Театр'),
(78, 'Философия'),
(79, 'Жизнь и философия'),
(80, 'Знаменитые философы'),
(81, 'Источники философии'),
(82, 'Философские направления и школы'),
(83, 'Фотография'),
(84, 'Медицина/Здоровье'),
(85, 'Анатомия'),
(86, 'Беременность'),
(87, 'Заболевания'),
(88, 'Йога/Лечебная гимнастика'),
(89, 'Косметические и ухаживающие средства'),
(90, 'Массаж'),
(91, 'Медицинская этика/Медицинское законодательство'),
(92, 'Медицинское оборудование/Медицинские технологии'),
(93, 'Методики лечения'),
(94, 'Народная медицина'),
(95, 'Парфюмерия и ароматерапия'),
(96, 'Питание/Диеты'),
(97, 'Сауна/Баня'),
(98, 'Фармакология'),
(99, 'Мода и стиль'),
(100, 'Аксессуары'),
(101, 'Бренды'),
(102, 'Дизайнеры/Бутики'),
(103, 'Модели'),
(104, 'Модные тенденции'),
(105, 'Показы мод/Модные мероприятия'),
(106, 'Общество'),
(107, 'Дом и семья'),
(108, 'Бытовые услуги'),
(109, 'Дети/Воспитание детей'),
(110, 'Домашнее хозяйство'),
(111, 'Домашние питомцы'),
(112, 'Домашний интерьер'),
(113, 'Подарки и поздравления'),
(114, 'Полезные советы'),
(115, 'Сад/Огород'),
(116, 'Семейные отношения'),
(117, 'Семейный отдых/Семейные праздники'),
(118, 'Товары для дома'),
(119, 'Знаменитости'),
(120, 'Образование'),
(121, 'Языки'),
(122, 'Переводы'),
(123, 'Языковедение'),
(124, 'Политика'),
(125, 'Религия'),
(126, 'Трудоустройство/Поиск работы'),
(127, 'Экономика'),
(128, 'Отдых и Туризм'),
(129, 'Гостиницы/Отели'),
(130, 'Обзор стран и городов'),
(131, 'Побережье городов/Водная стихия'),
(132, 'Путешествия/Туры'),
(133, 'Психология'),
(134, 'Психология в разных сферах жизни'),
(135, 'Самосовершенствование'),
(136, 'Тренинги/Тесты'),
(137, 'Разное'),
(138, 'Астрология'),
(139, 'Гадания, предсказания, магия'),
(140, 'Другое'),
(141, 'Народные поверья'),
(142, 'Необъяснимо, но факт'),
(143, 'Происшествия'),
(144, 'Развлечения'),
(145, 'Видеоигры'),
(146, 'MMORPG'),
(147, 'Случаи из жизни'),
(148, 'Хобби и увлечения'),
(149, 'Юмор'),
(150, 'Спорт'),
(151, 'Виды спорта'),
(152, 'Соревнования/Чемпионаты'),
(153, 'Спорт и здоровье'),
(154, 'Спортивное снаряжение/Спортивная форма'),
(155, 'Спортсмены/Тренеры/Комментаторы'),
(156, 'Строительство'),
(157, 'Архитектура'),
(158, 'Дизайн помещений/Ландшафтный дизайн'),
(159, 'Недвижимость'),
(160, 'Ремонт'),
(161, 'Стройматериалы'),
(162, 'Технологии'),
(163, 'Техника'),
(164, 'Аудиотехника'),
(165, 'Бытовая техника'),
(166, 'Вычислительная техника'),
(167, 'Мобильные телефоны'),
(168, 'Промышленная техника'),
(169, 'Светотехника'),
(170, 'Транспорт'),
(171, 'Фототехника'),
(172, 'Электротехника'),
(173, 'Фондовый рынок'),
(174, 'Инвестиционный рынок/Инвестиционные компании'),
(175, 'Рынок ценных бумаг'),
(176, 'Торговые системы'),
(177, 'Трейдинг/Интернет-трейдинг'),
(178, 'Ценообразование на рынке/Курсы валют');

-- --------------------------------------------------------

--
-- Структура таблицы `tbl_check`
--

CREATE TABLE IF NOT EXISTS `tbl_check` (
  `id` int(11) NOT NULL AUTO_INCREMENT,
  `title` varchar(255) NOT NULL COMMENT 'название проверки',
  `class_name` varchar(255) NOT NULL COMMENT 'класс который будет производит проверку текста',
  PRIMARY KEY (`id`)
) ENGINE=MyISAM  DEFAULT CHARSET=utf8 COMMENT='Проверки, котор. нужно сделать по тексту с вызывом классов с' AUTO_INCREMENT=10 ;

--
-- Дамп данных таблицы `tbl_check`
--

INSERT INTO `tbl_check` (`id`, `title`, `class_name`) VALUES
(1, 'Пунктуация', 'Punctuation'),
(2, 'Орфография', 'Spelling'),
(3, 'Уникальность контента', 'Unique'),
(4, 'Плотность вхождения ключей', 'Density'),
(5, 'Точность вхождения ключей', 'Accuracy'),
(6, 'Порядок следования ключей', 'OrderKeys'),
(7, 'Расстояние между словами в ключевике', 'DistanceInWords'),
(8, 'Равномерность распределения ключей', 'Uniformity'),
(9, 'Количество текста', 'AmountText');

-- --------------------------------------------------------

--
-- Структура таблицы `tbl_checking_import_vars`
--

CREATE TABLE IF NOT EXISTS `tbl_checking_import_vars` (
  `id` int(11) NOT NULL AUTO_INCREMENT,
  `type` tinyint(2) NOT NULL COMMENT 'тип:1-шаблон,2-проект',
  `model_id` int(11) NOT NULL COMMENT 'ID проекта или ID шаблона, зависит от типа',
  `import_var_id` int(11) NOT NULL COMMENT 'ID поля по которому нужна или не нужна проверка ИЗ таблицы СХЕМЫ',
  `selected` tinyint(1) NOT NULL COMMENT 'выбрана ли проверка по полю',
  `checked_id` int(11) NOT NULL COMMENT 'id проверки по полю',
  PRIMARY KEY (`id`)
) ENGINE=MyISAM  DEFAULT CHARSET=utf8 COMMENT='выбранные проверки по полям из задания,шаблона' AUTO_INCREMENT=1387 ;

--
-- Дамп данных таблицы `tbl_checking_import_vars`
--

INSERT INTO `tbl_checking_import_vars` (`id`, `type`, `model_id`, `import_var_id`, `selected`, `checked_id`) VALUES
(1, 1, 1, 1, 0, 1),
(2, 1, 1, 1, 0, 2),
(3, 1, 1, 1, 0, 3),
(4, 1, 1, 1, 0, 4),
(5, 1, 1, 1, 0, 5),
(6, 1, 1, 1, 0, 6),
(7, 1, 1, 1, 0, 7),
(8, 1, 1, 1, 0, 8),
(9, 1, 1, 1, 0, 9),
(10, 1, 1, 2, 1, 1),
(11, 1, 1, 2, 1, 2),
(12, 1, 1, 2, 1, 3),
(13, 1, 1, 2, 1, 4),
(14, 1, 1, 2, 1, 5),
(15, 1, 1, 2, 1, 6),
(16, 1, 1, 2, 1, 7),
(17, 1, 1, 2, 1, 8),
(18, 1, 1, 2, 1, 9),
(19, 1, 1, 3, 1, 1),
(20, 1, 1, 3, 1, 2),
(21, 1, 1, 3, 1, 3),
(22, 1, 1, 3, 1, 4),
(23, 1, 1, 3, 1, 5),
(24, 1, 1, 3, 1, 6),
(25, 1, 1, 3, 1, 7),
(26, 1, 1, 3, 1, 8),
(27, 1, 1, 3, 1, 9),
(28, 1, 1, 4, 1, 1),
(29, 1, 1, 4, 1, 2),
(30, 1, 1, 4, 1, 3),
(31, 1, 1, 4, 1, 4),
(32, 1, 1, 4, 1, 5),
(33, 1, 1, 4, 1, 6),
(34, 1, 1, 4, 1, 7),
(35, 1, 1, 4, 1, 8),
(36, 1, 1, 4, 1, 9),
(37, 1, 1, 5, 1, 1),
(38, 1, 1, 5, 1, 2),
(39, 1, 1, 5, 1, 3),
(40, 1, 1, 5, 1, 4),
(41, 1, 1, 5, 1, 5),
(42, 1, 1, 5, 1, 6),
(43, 1, 1, 5, 1, 7),
(44, 1, 1, 5, 1, 8),
(45, 1, 1, 5, 1, 9),
(46, 1, 1, 6, 1, 1),
(47, 1, 1, 6, 1, 2),
(48, 1, 1, 6, 1, 3),
(49, 1, 1, 6, 1, 4),
(50, 1, 1, 6, 1, 5),
(51, 1, 1, 6, 1, 6),
(52, 1, 1, 6, 1, 7),
(53, 1, 1, 6, 1, 8),
(54, 1, 1, 6, 1, 9),
(55, 1, 1, 7, 1, 1),
(56, 1, 1, 7, 1, 2),
(57, 1, 1, 7, 1, 3),
(58, 1, 1, 7, 1, 4),
(59, 1, 1, 7, 1, 5),
(60, 1, 1, 7, 1, 6),
(61, 1, 1, 7, 1, 7),
(62, 1, 1, 7, 1, 8),
(63, 1, 1, 7, 1, 9),
(64, 1, 1, 8, 1, 1),
(65, 1, 1, 8, 1, 2),
(66, 1, 1, 8, 1, 3),
(67, 1, 1, 8, 1, 4),
(68, 1, 1, 8, 1, 5),
(69, 1, 1, 8, 1, 6),
(70, 1, 1, 8, 1, 7),
(71, 1, 1, 8, 1, 8),
(72, 1, 1, 8, 1, 9),
(73, 1, 1, 9, 1, 1),
(74, 1, 1, 9, 1, 2),
(75, 1, 1, 9, 1, 3),
(76, 1, 1, 9, 1, 4),
(77, 1, 1, 9, 1, 5),
(78, 1, 1, 9, 1, 6),
(79, 1, 1, 9, 1, 7),
(80, 1, 1, 9, 1, 8),
(81, 1, 1, 9, 1, 9),
(82, 1, 1, 10, 1, 1),
(83, 1, 1, 10, 1, 2),
(84, 1, 1, 10, 1, 3),
(85, 1, 1, 10, 1, 4),
(86, 1, 1, 10, 1, 5),
(87, 1, 1, 10, 1, 6),
(88, 1, 1, 10, 1, 7),
(89, 1, 1, 10, 1, 8),
(90, 1, 1, 10, 1, 9),
(91, 1, 1, 11, 1, 1),
(92, 1, 1, 11, 1, 2),
(93, 1, 1, 11, 1, 3),
(94, 1, 1, 11, 1, 4),
(95, 1, 1, 11, 1, 5),
(96, 1, 1, 11, 1, 6),
(97, 1, 1, 11, 1, 7),
(98, 1, 1, 11, 1, 8),
(99, 1, 1, 11, 1, 9),
(100, 1, 1, 12, 1, 1),
(101, 1, 1, 12, 1, 2),
(102, 1, 1, 12, 1, 3),
(103, 1, 1, 12, 1, 4),
(104, 1, 1, 12, 1, 5),
(105, 1, 1, 12, 1, 6),
(106, 1, 1, 12, 1, 7),
(107, 1, 1, 12, 1, 8),
(108, 1, 1, 12, 1, 9),
(109, 1, 1, 13, 1, 1),
(110, 1, 1, 13, 1, 2),
(111, 1, 1, 13, 1, 3),
(112, 1, 1, 13, 1, 4),
(113, 1, 1, 13, 1, 5),
(114, 1, 1, 13, 1, 6),
(115, 1, 1, 13, 1, 7),
(116, 1, 1, 13, 1, 8),
(117, 1, 1, 13, 1, 9),
(118, 1, 1, 14, 1, 1),
(119, 1, 1, 14, 1, 2),
(120, 1, 1, 14, 1, 3),
(121, 1, 1, 14, 1, 4),
(122, 1, 1, 14, 1, 5),
(123, 1, 1, 14, 1, 6),
(124, 1, 1, 14, 1, 7),
(125, 1, 1, 14, 1, 8),
(126, 1, 1, 14, 1, 9),
(127, 1, 1, 15, 0, 1),
(128, 1, 1, 15, 0, 2),
(129, 1, 1, 15, 0, 3),
(130, 1, 1, 15, 0, 4),
(131, 1, 1, 15, 0, 5),
(132, 1, 1, 15, 0, 6),
(133, 1, 1, 15, 0, 7),
(134, 1, 1, 15, 0, 8),
(135, 1, 1, 15, 0, 9),
(136, 1, 1, 16, 1, 1),
(137, 1, 1, 16, 1, 2),
(138, 1, 1, 16, 1, 3),
(139, 1, 1, 16, 1, 4),
(140, 1, 1, 16, 1, 5),
(141, 1, 1, 16, 1, 6),
(142, 1, 1, 16, 1, 7),
(143, 1, 1, 16, 1, 8),
(144, 1, 1, 16, 1, 9),
(145, 1, 1, 17, 1, 1),
(146, 1, 1, 17, 1, 2),
(147, 1, 1, 17, 1, 3),
(148, 1, 1, 17, 1, 4),
(149, 1, 1, 17, 1, 5),
(150, 1, 1, 17, 1, 6),
(151, 1, 1, 17, 1, 7),
(152, 1, 1, 17, 1, 8),
(153, 1, 1, 17, 1, 9),
(154, 1, 1, 18, 1, 1),
(155, 1, 1, 18, 1, 2),
(156, 1, 1, 18, 1, 3),
(157, 1, 1, 18, 1, 4),
(158, 1, 1, 18, 1, 5),
(159, 1, 1, 18, 1, 6),
(160, 1, 1, 18, 1, 7),
(161, 1, 1, 18, 1, 8),
(162, 1, 1, 18, 1, 9),
(163, 1, 1, 19, 1, 1),
(164, 1, 1, 19, 1, 2),
(165, 1, 1, 19, 1, 3),
(166, 1, 1, 19, 1, 4),
(167, 1, 1, 19, 1, 5),
(168, 1, 1, 19, 1, 6),
(169, 1, 1, 19, 1, 7),
(170, 1, 1, 19, 1, 8),
(171, 1, 1, 19, 1, 9),
(172, 1, 1, 20, 1, 1),
(173, 1, 1, 20, 1, 2),
(174, 1, 1, 20, 1, 3),
(175, 1, 1, 20, 1, 4),
(176, 1, 1, 20, 1, 5),
(177, 1, 1, 20, 1, 6),
(178, 1, 1, 20, 1, 7),
(179, 1, 1, 20, 1, 8),
(180, 1, 1, 20, 1, 9),
(181, 1, 1, 21, 1, 1),
(182, 1, 1, 21, 1, 2),
(183, 1, 1, 21, 1, 3),
(184, 1, 1, 21, 1, 4),
(185, 1, 1, 21, 1, 5),
(186, 1, 1, 21, 1, 6),
(187, 1, 1, 21, 1, 7),
(188, 1, 1, 21, 1, 8),
(189, 1, 1, 21, 1, 9),
(190, 1, 1, 22, 1, 1),
(191, 1, 1, 22, 1, 2),
(192, 1, 1, 22, 1, 3),
(193, 1, 1, 22, 1, 4),
(194, 1, 1, 22, 1, 5),
(195, 1, 1, 22, 1, 6),
(196, 1, 1, 22, 1, 7),
(197, 1, 1, 22, 1, 8),
(198, 1, 1, 22, 1, 9),
(199, 1, 1, 23, 1, 1),
(200, 1, 1, 23, 1, 2),
(201, 1, 1, 23, 1, 3),
(202, 1, 1, 23, 1, 4),
(203, 1, 1, 23, 1, 5),
(204, 1, 1, 23, 1, 6),
(205, 1, 1, 23, 1, 7),
(206, 1, 1, 23, 1, 8),
(207, 1, 1, 23, 1, 9),
(208, 2, 1, 24, 0, 1),
(209, 2, 1, 24, 0, 2),
(210, 2, 1, 24, 0, 3),
(211, 2, 1, 24, 0, 4),
(212, 2, 1, 24, 0, 5),
(213, 2, 1, 24, 0, 6),
(214, 2, 1, 24, 0, 7),
(215, 2, 1, 24, 0, 8),
(216, 2, 1, 24, 0, 9),
(217, 2, 1, 25, 1, 1),
(218, 2, 1, 25, 1, 2),
(219, 2, 1, 25, 1, 3),
(220, 2, 1, 25, 1, 4),
(221, 2, 1, 25, 1, 5),
(222, 2, 1, 25, 1, 6),
(223, 2, 1, 25, 1, 7),
(224, 2, 1, 25, 1, 8),
(225, 2, 1, 25, 1, 9),
(226, 2, 1, 26, 1, 1),
(227, 2, 1, 26, 1, 2),
(228, 2, 1, 26, 1, 3),
(229, 2, 1, 26, 1, 4),
(230, 2, 1, 26, 1, 5),
(231, 2, 1, 26, 1, 6),
(232, 2, 1, 26, 1, 7),
(233, 2, 1, 26, 1, 8),
(234, 2, 1, 26, 1, 9),
(235, 2, 1, 27, 1, 1),
(236, 2, 1, 27, 1, 2),
(237, 2, 1, 27, 1, 3),
(238, 2, 1, 27, 1, 4),
(239, 2, 1, 27, 1, 5),
(240, 2, 1, 27, 1, 6),
(241, 2, 1, 27, 1, 7),
(242, 2, 1, 27, 1, 8),
(243, 2, 1, 27, 1, 9),
(244, 2, 1, 28, 1, 1),
(245, 2, 1, 28, 1, 2),
(246, 2, 1, 28, 1, 3),
(247, 2, 1, 28, 1, 4),
(248, 2, 1, 28, 1, 5),
(249, 2, 1, 28, 1, 6),
(250, 2, 1, 28, 1, 7),
(251, 2, 1, 28, 1, 8),
(252, 2, 1, 28, 1, 9),
(253, 2, 1, 29, 1, 1),
(254, 2, 1, 29, 1, 2),
(255, 2, 1, 29, 1, 3),
(256, 2, 1, 29, 1, 4),
(257, 2, 1, 29, 1, 5),
(258, 2, 1, 29, 1, 6),
(259, 2, 1, 29, 1, 7),
(260, 2, 1, 29, 1, 8),
(261, 2, 1, 29, 1, 9),
(262, 2, 1, 30, 1, 1),
(263, 2, 1, 30, 1, 2),
(264, 2, 1, 30, 1, 3),
(265, 2, 1, 30, 1, 4),
(266, 2, 1, 30, 1, 5),
(267, 2, 1, 30, 1, 6),
(268, 2, 1, 30, 1, 7),
(269, 2, 1, 30, 1, 8),
(270, 2, 1, 30, 1, 9),
(271, 2, 1, 31, 1, 1),
(272, 2, 1, 31, 1, 2),
(273, 2, 1, 31, 1, 3),
(274, 2, 1, 31, 1, 4),
(275, 2, 1, 31, 1, 5),
(276, 2, 1, 31, 1, 6),
(277, 2, 1, 31, 1, 7),
(278, 2, 1, 31, 1, 8),
(279, 2, 1, 31, 1, 9),
(280, 2, 1, 32, 1, 1),
(281, 2, 1, 32, 1, 2),
(282, 2, 1, 32, 1, 3),
(283, 2, 1, 32, 1, 4),
(284, 2, 1, 32, 1, 5),
(285, 2, 1, 32, 1, 6),
(286, 2, 1, 32, 1, 7),
(287, 2, 1, 32, 1, 8),
(288, 2, 1, 32, 1, 9),
(289, 2, 1, 33, 1, 1),
(290, 2, 1, 33, 1, 2),
(291, 2, 1, 33, 1, 3),
(292, 2, 1, 33, 1, 4),
(293, 2, 1, 33, 1, 5),
(294, 2, 1, 33, 1, 6),
(295, 2, 1, 33, 1, 7),
(296, 2, 1, 33, 1, 8),
(297, 2, 1, 33, 1, 9),
(298, 2, 1, 34, 1, 1),
(299, 2, 1, 34, 1, 2),
(300, 2, 1, 34, 1, 3),
(301, 2, 1, 34, 1, 4),
(302, 2, 1, 34, 1, 5),
(303, 2, 1, 34, 1, 6),
(304, 2, 1, 34, 1, 7),
(305, 2, 1, 34, 1, 8),
(306, 2, 1, 34, 1, 9),
(307, 2, 1, 35, 1, 1),
(308, 2, 1, 35, 1, 2),
(309, 2, 1, 35, 1, 3),
(310, 2, 1, 35, 1, 4),
(311, 2, 1, 35, 1, 5),
(312, 2, 1, 35, 1, 6),
(313, 2, 1, 35, 1, 7),
(314, 2, 1, 35, 1, 8),
(315, 2, 1, 35, 1, 9),
(316, 2, 1, 36, 1, 1),
(317, 2, 1, 36, 1, 2),
(318, 2, 1, 36, 1, 3),
(319, 2, 1, 36, 1, 4),
(320, 2, 1, 36, 1, 5),
(321, 2, 1, 36, 1, 6),
(322, 2, 1, 36, 1, 7),
(323, 2, 1, 36, 1, 8),
(324, 2, 1, 36, 1, 9),
(325, 2, 1, 37, 1, 1),
(326, 2, 1, 37, 1, 2),
(327, 2, 1, 37, 1, 3),
(328, 2, 1, 37, 1, 4),
(329, 2, 1, 37, 1, 5),
(330, 2, 1, 37, 1, 6),
(331, 2, 1, 37, 1, 7),
(332, 2, 1, 37, 1, 8),
(333, 2, 1, 37, 1, 9),
(334, 2, 1, 38, 0, 1),
(335, 2, 1, 38, 0, 2),
(336, 2, 1, 38, 0, 3),
(337, 2, 1, 38, 0, 4),
(338, 2, 1, 38, 0, 5),
(339, 2, 1, 38, 0, 6),
(340, 2, 1, 38, 0, 7),
(341, 2, 1, 38, 0, 8),
(342, 2, 1, 38, 0, 9),
(343, 2, 1, 39, 1, 1),
(344, 2, 1, 39, 1, 2),
(345, 2, 1, 39, 1, 3),
(346, 2, 1, 39, 1, 4),
(347, 2, 1, 39, 1, 5),
(348, 2, 1, 39, 1, 6),
(349, 2, 1, 39, 1, 7),
(350, 2, 1, 39, 1, 8),
(351, 2, 1, 39, 1, 9),
(352, 2, 1, 40, 1, 1),
(353, 2, 1, 40, 1, 2),
(354, 2, 1, 40, 1, 3),
(355, 2, 1, 40, 1, 4),
(356, 2, 1, 40, 1, 5),
(357, 2, 1, 40, 1, 6),
(358, 2, 1, 40, 1, 7),
(359, 2, 1, 40, 1, 8),
(360, 2, 1, 40, 1, 9),
(361, 2, 1, 41, 1, 1),
(362, 2, 1, 41, 1, 2),
(363, 2, 1, 41, 1, 3),
(364, 2, 1, 41, 1, 4),
(365, 2, 1, 41, 1, 5),
(366, 2, 1, 41, 1, 6),
(367, 2, 1, 41, 1, 7),
(368, 2, 1, 41, 1, 8),
(369, 2, 1, 41, 1, 9),
(370, 2, 1, 42, 1, 1),
(371, 2, 1, 42, 1, 2),
(372, 2, 1, 42, 1, 3),
(373, 2, 1, 42, 1, 4),
(374, 2, 1, 42, 1, 5),
(375, 2, 1, 42, 1, 6),
(376, 2, 1, 42, 1, 7),
(377, 2, 1, 42, 1, 8),
(378, 2, 1, 42, 1, 9),
(379, 2, 1, 43, 1, 1),
(380, 2, 1, 43, 1, 2),
(381, 2, 1, 43, 1, 3),
(382, 2, 1, 43, 1, 4),
(383, 2, 1, 43, 1, 5),
(384, 2, 1, 43, 1, 6),
(385, 2, 1, 43, 1, 7),
(386, 2, 1, 43, 1, 8),
(387, 2, 1, 43, 1, 9),
(388, 2, 1, 44, 1, 1),
(389, 2, 1, 44, 1, 2),
(390, 2, 1, 44, 1, 3),
(391, 2, 1, 44, 1, 4),
(392, 2, 1, 44, 1, 5),
(393, 2, 1, 44, 1, 6),
(394, 2, 1, 44, 1, 7),
(395, 2, 1, 44, 1, 8),
(396, 2, 1, 44, 1, 9),
(397, 2, 1, 45, 1, 1),
(398, 2, 1, 45, 1, 2),
(399, 2, 1, 45, 1, 3),
(400, 2, 1, 45, 1, 4),
(401, 2, 1, 45, 1, 5),
(402, 2, 1, 45, 1, 6),
(403, 2, 1, 45, 1, 7),
(404, 2, 1, 45, 1, 8),
(405, 2, 1, 45, 1, 9),
(406, 2, 1, 46, 1, 1),
(407, 2, 1, 46, 1, 2),
(408, 2, 1, 46, 1, 3),
(409, 2, 1, 46, 1, 4),
(410, 2, 1, 46, 1, 5),
(411, 2, 1, 46, 1, 6),
(412, 2, 1, 46, 1, 7),
(413, 2, 1, 46, 1, 8),
(414, 2, 1, 46, 1, 9),
(415, 2, 2, 47, 0, 1),
(416, 2, 2, 47, 0, 2),
(417, 2, 2, 47, 0, 3),
(418, 2, 2, 47, 0, 4),
(419, 2, 2, 47, 0, 5),
(420, 2, 2, 47, 0, 6),
(421, 2, 2, 47, 0, 7),
(422, 2, 2, 47, 0, 8),
(423, 2, 2, 47, 0, 9),
(424, 2, 2, 48, 1, 1),
(425, 2, 2, 48, 1, 2),
(426, 2, 2, 48, 1, 3),
(427, 2, 2, 48, 1, 4),
(428, 2, 2, 48, 1, 5),
(429, 2, 2, 48, 1, 6),
(430, 2, 2, 48, 1, 7),
(431, 2, 2, 48, 1, 8),
(432, 2, 2, 48, 1, 9),
(433, 2, 2, 49, 1, 1),
(434, 2, 2, 49, 1, 2),
(435, 2, 2, 49, 1, 3),
(436, 2, 2, 49, 1, 4),
(437, 2, 2, 49, 1, 5),
(438, 2, 2, 49, 1, 6),
(439, 2, 2, 49, 1, 7),
(440, 2, 2, 49, 1, 8),
(441, 2, 2, 49, 1, 9),
(442, 2, 2, 50, 1, 1),
(443, 2, 2, 50, 1, 2),
(444, 2, 2, 50, 1, 3),
(445, 2, 2, 50, 1, 4),
(446, 2, 2, 50, 1, 5),
(447, 2, 2, 50, 1, 6),
(448, 2, 2, 50, 1, 7),
(449, 2, 2, 50, 1, 8),
(450, 2, 2, 50, 1, 9),
(451, 2, 2, 51, 1, 1),
(452, 2, 2, 51, 1, 2),
(453, 2, 2, 51, 1, 3),
(454, 2, 2, 51, 1, 4),
(455, 2, 2, 51, 1, 5),
(456, 2, 2, 51, 1, 6),
(457, 2, 2, 51, 1, 7),
(458, 2, 2, 51, 1, 8),
(459, 2, 2, 51, 1, 9),
(460, 2, 2, 52, 1, 1),
(461, 2, 2, 52, 1, 2),
(462, 2, 2, 52, 1, 3),
(463, 2, 2, 52, 1, 4),
(464, 2, 2, 52, 1, 5),
(465, 2, 2, 52, 1, 6),
(466, 2, 2, 52, 1, 7),
(467, 2, 2, 52, 1, 8),
(468, 2, 2, 52, 1, 9),
(469, 2, 2, 53, 1, 1),
(470, 2, 2, 53, 1, 2),
(471, 2, 2, 53, 1, 3),
(472, 2, 2, 53, 1, 4),
(473, 2, 2, 53, 1, 5),
(474, 2, 2, 53, 1, 6),
(475, 2, 2, 53, 1, 7),
(476, 2, 2, 53, 1, 8),
(477, 2, 2, 53, 1, 9),
(478, 2, 2, 54, 1, 1),
(479, 2, 2, 54, 1, 2),
(480, 2, 2, 54, 1, 3),
(481, 2, 2, 54, 1, 4),
(482, 2, 2, 54, 1, 5),
(483, 2, 2, 54, 1, 6),
(484, 2, 2, 54, 1, 7),
(485, 2, 2, 54, 1, 8),
(486, 2, 2, 54, 1, 9),
(487, 2, 2, 55, 1, 1),
(488, 2, 2, 55, 1, 2),
(489, 2, 2, 55, 1, 3),
(490, 2, 2, 55, 1, 4),
(491, 2, 2, 55, 1, 5),
(492, 2, 2, 55, 1, 6),
(493, 2, 2, 55, 1, 7),
(494, 2, 2, 55, 1, 8),
(495, 2, 2, 55, 1, 9),
(496, 2, 2, 56, 1, 1),
(497, 2, 2, 56, 1, 2),
(498, 2, 2, 56, 1, 3),
(499, 2, 2, 56, 1, 4),
(500, 2, 2, 56, 1, 5),
(501, 2, 2, 56, 1, 6),
(502, 2, 2, 56, 1, 7),
(503, 2, 2, 56, 1, 8),
(504, 2, 2, 56, 1, 9),
(505, 2, 2, 57, 1, 1),
(506, 2, 2, 57, 1, 2),
(507, 2, 2, 57, 1, 3),
(508, 2, 2, 57, 1, 4),
(509, 2, 2, 57, 1, 5),
(510, 2, 2, 57, 1, 6),
(511, 2, 2, 57, 1, 7),
(512, 2, 2, 57, 1, 8),
(513, 2, 2, 57, 1, 9),
(514, 2, 2, 58, 1, 1),
(515, 2, 2, 58, 1, 2),
(516, 2, 2, 58, 1, 3),
(517, 2, 2, 58, 1, 4),
(518, 2, 2, 58, 1, 5),
(519, 2, 2, 58, 1, 6),
(520, 2, 2, 58, 1, 7),
(521, 2, 2, 58, 1, 8),
(522, 2, 2, 58, 1, 9),
(523, 2, 2, 59, 1, 1),
(524, 2, 2, 59, 1, 2),
(525, 2, 2, 59, 1, 3),
(526, 2, 2, 59, 1, 4),
(527, 2, 2, 59, 1, 5),
(528, 2, 2, 59, 1, 6),
(529, 2, 2, 59, 1, 7),
(530, 2, 2, 59, 1, 8),
(531, 2, 2, 59, 1, 9),
(532, 2, 2, 60, 1, 1),
(533, 2, 2, 60, 1, 2),
(534, 2, 2, 60, 1, 3),
(535, 2, 2, 60, 1, 4),
(536, 2, 2, 60, 1, 5),
(537, 2, 2, 60, 1, 6),
(538, 2, 2, 60, 1, 7),
(539, 2, 2, 60, 1, 8),
(540, 2, 2, 60, 1, 9),
(541, 2, 2, 61, 0, 1),
(542, 2, 2, 61, 0, 2),
(543, 2, 2, 61, 0, 3),
(544, 2, 2, 61, 0, 4),
(545, 2, 2, 61, 0, 5),
(546, 2, 2, 61, 0, 6),
(547, 2, 2, 61, 0, 7),
(548, 2, 2, 61, 0, 8),
(549, 2, 2, 61, 0, 9),
(550, 2, 2, 62, 1, 1),
(551, 2, 2, 62, 1, 2),
(552, 2, 2, 62, 1, 3),
(553, 2, 2, 62, 1, 4),
(554, 2, 2, 62, 1, 5),
(555, 2, 2, 62, 1, 6),
(556, 2, 2, 62, 1, 7),
(557, 2, 2, 62, 1, 8),
(558, 2, 2, 62, 1, 9),
(559, 2, 2, 63, 1, 1),
(560, 2, 2, 63, 1, 2),
(561, 2, 2, 63, 1, 3),
(562, 2, 2, 63, 1, 4),
(563, 2, 2, 63, 1, 5),
(564, 2, 2, 63, 1, 6),
(565, 2, 2, 63, 1, 7),
(566, 2, 2, 63, 1, 8),
(567, 2, 2, 63, 1, 9),
(568, 2, 2, 64, 1, 1),
(569, 2, 2, 64, 1, 2),
(570, 2, 2, 64, 1, 3),
(571, 2, 2, 64, 1, 4),
(572, 2, 2, 64, 1, 5),
(573, 2, 2, 64, 1, 6),
(574, 2, 2, 64, 1, 7),
(575, 2, 2, 64, 1, 8),
(576, 2, 2, 64, 1, 9),
(577, 2, 2, 65, 1, 1),
(578, 2, 2, 65, 1, 2),
(579, 2, 2, 65, 1, 3),
(580, 2, 2, 65, 1, 4),
(581, 2, 2, 65, 1, 5),
(582, 2, 2, 65, 1, 6),
(583, 2, 2, 65, 1, 7),
(584, 2, 2, 65, 1, 8),
(585, 2, 2, 65, 1, 9),
(586, 2, 2, 66, 1, 1),
(587, 2, 2, 66, 1, 2),
(588, 2, 2, 66, 1, 3),
(589, 2, 2, 66, 1, 4),
(590, 2, 2, 66, 1, 5),
(591, 2, 2, 66, 1, 6),
(592, 2, 2, 66, 1, 7),
(593, 2, 2, 66, 1, 8),
(594, 2, 2, 66, 1, 9),
(595, 2, 2, 67, 1, 1),
(596, 2, 2, 67, 1, 2),
(597, 2, 2, 67, 1, 3),
(598, 2, 2, 67, 1, 4),
(599, 2, 2, 67, 1, 5),
(600, 2, 2, 67, 1, 6),
(601, 2, 2, 67, 1, 7),
(602, 2, 2, 67, 1, 8),
(603, 2, 2, 67, 1, 9),
(604, 2, 2, 68, 1, 1),
(605, 2, 2, 68, 1, 2),
(606, 2, 2, 68, 1, 3),
(607, 2, 2, 68, 1, 4),
(608, 2, 2, 68, 1, 5),
(609, 2, 2, 68, 1, 6),
(610, 2, 2, 68, 1, 7),
(611, 2, 2, 68, 1, 8),
(612, 2, 2, 68, 1, 9),
(613, 2, 2, 69, 1, 1),
(614, 2, 2, 69, 1, 2),
(615, 2, 2, 69, 1, 3),
(616, 2, 2, 69, 1, 4),
(617, 2, 2, 69, 1, 5),
(618, 2, 2, 69, 1, 6),
(619, 2, 2, 69, 1, 7),
(620, 2, 2, 69, 1, 8),
(621, 2, 2, 69, 1, 9),
(622, 2, 3, 70, 0, 1),
(623, 2, 3, 70, 0, 2),
(624, 2, 3, 70, 0, 3),
(625, 2, 3, 70, 0, 4),
(626, 2, 3, 70, 0, 5),
(627, 2, 3, 70, 0, 6),
(628, 2, 3, 70, 0, 7),
(629, 2, 3, 70, 0, 8),
(630, 2, 3, 70, 0, 9),
(631, 2, 3, 71, 1, 1),
(632, 2, 3, 71, 1, 2),
(633, 2, 3, 71, 1, 3),
(634, 2, 3, 71, 1, 4),
(635, 2, 3, 71, 1, 5),
(636, 2, 3, 71, 1, 6),
(637, 2, 3, 71, 1, 7),
(638, 2, 3, 71, 1, 8),
(639, 2, 3, 71, 1, 9),
(640, 2, 3, 72, 1, 1),
(641, 2, 3, 72, 1, 2),
(642, 2, 3, 72, 1, 3),
(643, 2, 3, 72, 1, 4),
(644, 2, 3, 72, 1, 5),
(645, 2, 3, 72, 1, 6),
(646, 2, 3, 72, 1, 7),
(647, 2, 3, 72, 1, 8),
(648, 2, 3, 72, 1, 9),
(649, 2, 3, 73, 1, 1),
(650, 2, 3, 73, 1, 2),
(651, 2, 3, 73, 1, 3),
(652, 2, 3, 73, 1, 4),
(653, 2, 3, 73, 1, 5),
(654, 2, 3, 73, 1, 6),
(655, 2, 3, 73, 1, 7),
(656, 2, 3, 73, 1, 8),
(657, 2, 3, 73, 1, 9),
(658, 2, 3, 74, 1, 1),
(659, 2, 3, 74, 1, 2),
(660, 2, 3, 74, 1, 3),
(661, 2, 3, 74, 1, 4),
(662, 2, 3, 74, 1, 5),
(663, 2, 3, 74, 1, 6),
(664, 2, 3, 74, 1, 7),
(665, 2, 3, 74, 1, 8),
(666, 2, 3, 74, 1, 9),
(667, 2, 3, 75, 1, 1),
(668, 2, 3, 75, 1, 2),
(669, 2, 3, 75, 1, 3),
(670, 2, 3, 75, 1, 4),
(671, 2, 3, 75, 1, 5),
(672, 2, 3, 75, 1, 6),
(673, 2, 3, 75, 1, 7),
(674, 2, 3, 75, 1, 8),
(675, 2, 3, 75, 1, 9),
(676, 2, 3, 76, 1, 1),
(677, 2, 3, 76, 1, 2),
(678, 2, 3, 76, 1, 3),
(679, 2, 3, 76, 1, 4),
(680, 2, 3, 76, 1, 5),
(681, 2, 3, 76, 1, 6),
(682, 2, 3, 76, 1, 7),
(683, 2, 3, 76, 1, 8),
(684, 2, 3, 76, 1, 9),
(685, 2, 3, 77, 1, 1),
(686, 2, 3, 77, 1, 2),
(687, 2, 3, 77, 1, 3),
(688, 2, 3, 77, 1, 4),
(689, 2, 3, 77, 1, 5),
(690, 2, 3, 77, 1, 6),
(691, 2, 3, 77, 1, 7),
(692, 2, 3, 77, 1, 8),
(693, 2, 3, 77, 1, 9),
(694, 2, 3, 78, 1, 1),
(695, 2, 3, 78, 1, 2),
(696, 2, 3, 78, 1, 3),
(697, 2, 3, 78, 1, 4),
(698, 2, 3, 78, 1, 5),
(699, 2, 3, 78, 1, 6),
(700, 2, 3, 78, 1, 7),
(701, 2, 3, 78, 1, 8),
(702, 2, 3, 78, 1, 9),
(703, 2, 3, 79, 1, 1),
(704, 2, 3, 79, 1, 2),
(705, 2, 3, 79, 1, 3),
(706, 2, 3, 79, 1, 4),
(707, 2, 3, 79, 1, 5),
(708, 2, 3, 79, 1, 6),
(709, 2, 3, 79, 1, 7),
(710, 2, 3, 79, 1, 8),
(711, 2, 3, 79, 1, 9),
(712, 2, 3, 80, 1, 1),
(713, 2, 3, 80, 1, 2),
(714, 2, 3, 80, 1, 3),
(715, 2, 3, 80, 1, 4),
(716, 2, 3, 80, 1, 5),
(717, 2, 3, 80, 1, 6),
(718, 2, 3, 80, 1, 7),
(719, 2, 3, 80, 1, 8),
(720, 2, 3, 80, 1, 9),
(721, 2, 3, 81, 1, 1),
(722, 2, 3, 81, 1, 2),
(723, 2, 3, 81, 1, 3),
(724, 2, 3, 81, 1, 4),
(725, 2, 3, 81, 1, 5),
(726, 2, 3, 81, 1, 6),
(727, 2, 3, 81, 1, 7),
(728, 2, 3, 81, 1, 8),
(729, 2, 3, 81, 1, 9),
(730, 2, 3, 82, 1, 1),
(731, 2, 3, 82, 1, 2),
(732, 2, 3, 82, 1, 3),
(733, 2, 3, 82, 1, 4),
(734, 2, 3, 82, 1, 5),
(735, 2, 3, 82, 1, 6),
(736, 2, 3, 82, 1, 7),
(737, 2, 3, 82, 1, 8),
(738, 2, 3, 82, 1, 9),
(739, 2, 3, 83, 1, 1),
(740, 2, 3, 83, 1, 2),
(741, 2, 3, 83, 1, 3),
(742, 2, 3, 83, 1, 4),
(743, 2, 3, 83, 1, 5),
(744, 2, 3, 83, 1, 6),
(745, 2, 3, 83, 1, 7),
(746, 2, 3, 83, 1, 8),
(747, 2, 3, 83, 1, 9),
(748, 2, 3, 84, 0, 1),
(749, 2, 3, 84, 0, 2),
(750, 2, 3, 84, 0, 3),
(751, 2, 3, 84, 0, 4),
(752, 2, 3, 84, 0, 5),
(753, 2, 3, 84, 0, 6),
(754, 2, 3, 84, 0, 7),
(755, 2, 3, 84, 0, 8),
(756, 2, 3, 84, 0, 9),
(757, 2, 3, 85, 1, 1),
(758, 2, 3, 85, 1, 2),
(759, 2, 3, 85, 1, 3),
(760, 2, 3, 85, 1, 4),
(761, 2, 3, 85, 1, 5),
(762, 2, 3, 85, 1, 6),
(763, 2, 3, 85, 1, 7),
(764, 2, 3, 85, 1, 8),
(765, 2, 3, 85, 1, 9),
(766, 2, 3, 86, 1, 1),
(767, 2, 3, 86, 1, 2),
(768, 2, 3, 86, 1, 3),
(769, 2, 3, 86, 1, 4),
(770, 2, 3, 86, 1, 5),
(771, 2, 3, 86, 1, 6),
(772, 2, 3, 86, 1, 7),
(773, 2, 3, 86, 1, 8),
(774, 2, 3, 86, 1, 9),
(775, 2, 3, 87, 1, 1),
(776, 2, 3, 87, 1, 2),
(777, 2, 3, 87, 1, 3),
(778, 2, 3, 87, 1, 4),
(779, 2, 3, 87, 1, 5),
(780, 2, 3, 87, 1, 6),
(781, 2, 3, 87, 1, 7),
(782, 2, 3, 87, 1, 8),
(783, 2, 3, 87, 1, 9),
(784, 2, 3, 88, 1, 1),
(785, 2, 3, 88, 1, 2),
(786, 2, 3, 88, 1, 3),
(787, 2, 3, 88, 1, 4),
(788, 2, 3, 88, 1, 5),
(789, 2, 3, 88, 1, 6),
(790, 2, 3, 88, 1, 7),
(791, 2, 3, 88, 1, 8),
(792, 2, 3, 88, 1, 9),
(793, 2, 3, 89, 1, 1),
(794, 2, 3, 89, 1, 2),
(795, 2, 3, 89, 1, 3),
(796, 2, 3, 89, 1, 4),
(797, 2, 3, 89, 1, 5),
(798, 2, 3, 89, 1, 6),
(799, 2, 3, 89, 1, 7),
(800, 2, 3, 89, 1, 8),
(801, 2, 3, 89, 1, 9),
(802, 2, 3, 90, 1, 1),
(803, 2, 3, 90, 1, 2),
(804, 2, 3, 90, 1, 3),
(805, 2, 3, 90, 1, 4),
(806, 2, 3, 90, 1, 5),
(807, 2, 3, 90, 1, 6),
(808, 2, 3, 90, 1, 7),
(809, 2, 3, 90, 1, 8),
(810, 2, 3, 90, 1, 9),
(811, 2, 3, 91, 1, 1),
(812, 2, 3, 91, 1, 2),
(813, 2, 3, 91, 1, 3),
(814, 2, 3, 91, 1, 4),
(815, 2, 3, 91, 1, 5),
(816, 2, 3, 91, 1, 6),
(817, 2, 3, 91, 1, 7),
(818, 2, 3, 91, 1, 8),
(819, 2, 3, 91, 1, 9),
(820, 2, 3, 92, 1, 1),
(821, 2, 3, 92, 1, 2),
(822, 2, 3, 92, 1, 3),
(823, 2, 3, 92, 1, 4),
(824, 2, 3, 92, 1, 5),
(825, 2, 3, 92, 1, 6),
(826, 2, 3, 92, 1, 7),
(827, 2, 3, 92, 1, 8),
(828, 2, 3, 92, 1, 9),
(829, 1, 2, 93, 0, 1),
(830, 1, 2, 93, 0, 2),
(831, 1, 2, 93, 0, 3),
(832, 1, 2, 93, 0, 4),
(833, 1, 2, 93, 0, 5),
(834, 1, 2, 93, 0, 6),
(835, 1, 2, 93, 0, 7),
(836, 1, 2, 93, 0, 8),
(837, 1, 2, 93, 0, 9),
(838, 1, 2, 94, 1, 1),
(839, 1, 2, 94, 1, 2),
(840, 1, 2, 94, 1, 3),
(841, 1, 2, 94, 1, 4),
(842, 1, 2, 94, 1, 5),
(843, 1, 2, 94, 1, 6),
(844, 1, 2, 94, 1, 7),
(845, 1, 2, 94, 1, 8),
(846, 1, 2, 94, 1, 9),
(847, 1, 2, 95, 1, 1),
(848, 1, 2, 95, 1, 2),
(849, 1, 2, 95, 1, 3),
(850, 1, 2, 95, 1, 4),
(851, 1, 2, 95, 1, 5),
(852, 1, 2, 95, 1, 6),
(853, 1, 2, 95, 1, 7),
(854, 1, 2, 95, 1, 8),
(855, 1, 2, 95, 1, 9),
(856, 1, 2, 96, 1, 1),
(857, 1, 2, 96, 1, 2),
(858, 1, 2, 96, 1, 3),
(859, 1, 2, 96, 1, 4),
(860, 1, 2, 96, 1, 5),
(861, 1, 2, 96, 1, 6),
(862, 1, 2, 96, 1, 7),
(863, 1, 2, 96, 1, 8),
(864, 1, 2, 96, 1, 9),
(865, 1, 2, 97, 1, 1),
(866, 1, 2, 97, 1, 2),
(867, 1, 2, 97, 1, 3),
(868, 1, 2, 97, 1, 4),
(869, 1, 2, 97, 1, 5),
(870, 1, 2, 97, 1, 6),
(871, 1, 2, 97, 1, 7),
(872, 1, 2, 97, 1, 8),
(873, 1, 2, 97, 1, 9),
(874, 1, 2, 98, 1, 1),
(875, 1, 2, 98, 1, 2),
(876, 1, 2, 98, 1, 3),
(877, 1, 2, 98, 1, 4),
(878, 1, 2, 98, 1, 5),
(879, 1, 2, 98, 1, 6),
(880, 1, 2, 98, 1, 7),
(881, 1, 2, 98, 1, 8),
(882, 1, 2, 98, 1, 9),
(883, 1, 2, 99, 1, 1),
(884, 1, 2, 99, 1, 2),
(885, 1, 2, 99, 1, 3),
(886, 1, 2, 99, 1, 4),
(887, 1, 2, 99, 1, 5),
(888, 1, 2, 99, 1, 6),
(889, 1, 2, 99, 1, 7),
(890, 1, 2, 99, 1, 8),
(891, 1, 2, 99, 1, 9),
(892, 1, 2, 100, 1, 1),
(893, 1, 2, 100, 1, 2),
(894, 1, 2, 100, 1, 3),
(895, 1, 2, 100, 1, 4),
(896, 1, 2, 100, 1, 5),
(897, 1, 2, 100, 1, 6),
(898, 1, 2, 100, 1, 7),
(899, 1, 2, 100, 1, 8),
(900, 1, 2, 100, 1, 9),
(901, 1, 2, 101, 1, 1),
(902, 1, 2, 101, 1, 2),
(903, 1, 2, 101, 1, 3),
(904, 1, 2, 101, 1, 4),
(905, 1, 2, 101, 1, 5),
(906, 1, 2, 101, 1, 6),
(907, 1, 2, 101, 1, 7),
(908, 1, 2, 101, 1, 8),
(909, 1, 2, 101, 1, 9),
(910, 1, 2, 102, 1, 1),
(911, 1, 2, 102, 1, 2),
(912, 1, 2, 102, 1, 3),
(913, 1, 2, 102, 1, 4),
(914, 1, 2, 102, 1, 5),
(915, 1, 2, 102, 1, 6),
(916, 1, 2, 102, 1, 7),
(917, 1, 2, 102, 1, 8),
(918, 1, 2, 102, 1, 9),
(919, 1, 2, 103, 1, 1),
(920, 1, 2, 103, 1, 2),
(921, 1, 2, 103, 1, 3),
(922, 1, 2, 103, 1, 4),
(923, 1, 2, 103, 1, 5),
(924, 1, 2, 103, 1, 6),
(925, 1, 2, 103, 1, 7),
(926, 1, 2, 103, 1, 8),
(927, 1, 2, 103, 1, 9),
(928, 1, 2, 104, 1, 1),
(929, 1, 2, 104, 1, 2),
(930, 1, 2, 104, 1, 3),
(931, 1, 2, 104, 1, 4),
(932, 1, 2, 104, 1, 5),
(933, 1, 2, 104, 1, 6),
(934, 1, 2, 104, 1, 7),
(935, 1, 2, 104, 1, 8),
(936, 1, 2, 104, 1, 9),
(937, 1, 2, 105, 1, 1),
(938, 1, 2, 105, 1, 2),
(939, 1, 2, 105, 1, 3),
(940, 1, 2, 105, 1, 4),
(941, 1, 2, 105, 1, 5),
(942, 1, 2, 105, 1, 6),
(943, 1, 2, 105, 1, 7),
(944, 1, 2, 105, 1, 8),
(945, 1, 2, 105, 1, 9),
(946, 2, 5, 106, 0, 1),
(947, 2, 5, 106, 0, 2),
(948, 2, 5, 106, 0, 3),
(949, 2, 5, 106, 0, 4),
(950, 2, 5, 106, 0, 5),
(951, 2, 5, 106, 0, 6),
(952, 2, 5, 106, 0, 7),
(953, 2, 5, 106, 0, 8),
(954, 2, 5, 106, 0, 9),
(955, 2, 5, 107, 1, 1),
(956, 2, 5, 107, 1, 2),
(957, 2, 5, 107, 1, 3),
(958, 2, 5, 107, 1, 4),
(959, 2, 5, 107, 1, 5),
(960, 2, 5, 107, 1, 6),
(961, 2, 5, 107, 1, 7),
(962, 2, 5, 107, 1, 8),
(963, 2, 5, 107, 1, 9),
(964, 2, 5, 108, 1, 1),
(965, 2, 5, 108, 1, 2),
(966, 2, 5, 108, 1, 3),
(967, 2, 5, 108, 1, 4),
(968, 2, 5, 108, 1, 5),
(969, 2, 5, 108, 1, 6),
(970, 2, 5, 108, 1, 7),
(971, 2, 5, 108, 1, 8),
(972, 2, 5, 108, 1, 9),
(973, 2, 5, 109, 1, 1),
(974, 2, 5, 109, 1, 2),
(975, 2, 5, 109, 1, 3),
(976, 2, 5, 109, 1, 4),
(977, 2, 5, 109, 1, 5),
(978, 2, 5, 109, 1, 6),
(979, 2, 5, 109, 1, 7),
(980, 2, 5, 109, 1, 8),
(981, 2, 5, 109, 1, 9),
(982, 2, 5, 110, 1, 1),
(983, 2, 5, 110, 1, 2),
(984, 2, 5, 110, 1, 3),
(985, 2, 5, 110, 1, 4),
(986, 2, 5, 110, 1, 5),
(987, 2, 5, 110, 1, 6),
(988, 2, 5, 110, 1, 7),
(989, 2, 5, 110, 1, 8),
(990, 2, 5, 110, 1, 9),
(991, 2, 5, 111, 1, 1),
(992, 2, 5, 111, 1, 2),
(993, 2, 5, 111, 1, 3),
(994, 2, 5, 111, 1, 4),
(995, 2, 5, 111, 1, 5),
(996, 2, 5, 111, 1, 6),
(997, 2, 5, 111, 1, 7),
(998, 2, 5, 111, 1, 8),
(999, 2, 5, 111, 1, 9),
(1000, 2, 5, 112, 1, 1),
(1001, 2, 5, 112, 1, 2),
(1002, 2, 5, 112, 1, 3),
(1003, 2, 5, 112, 1, 4),
(1004, 2, 5, 112, 1, 5),
(1005, 2, 5, 112, 1, 6),
(1006, 2, 5, 112, 1, 7),
(1007, 2, 5, 112, 1, 8),
(1008, 2, 5, 112, 1, 9),
(1009, 2, 5, 113, 1, 1),
(1010, 2, 5, 113, 1, 2),
(1011, 2, 5, 113, 1, 3),
(1012, 2, 5, 113, 1, 4),
(1013, 2, 5, 113, 1, 5),
(1014, 2, 5, 113, 1, 6),
(1015, 2, 5, 113, 1, 7),
(1016, 2, 5, 113, 1, 8),
(1017, 2, 5, 113, 1, 9),
(1018, 2, 5, 114, 1, 1),
(1019, 2, 5, 114, 1, 2),
(1020, 2, 5, 114, 1, 3),
(1021, 2, 5, 114, 1, 4),
(1022, 2, 5, 114, 1, 5),
(1023, 2, 5, 114, 1, 6),
(1024, 2, 5, 114, 1, 7),
(1025, 2, 5, 114, 1, 8),
(1026, 2, 5, 114, 1, 9),
(1027, 2, 5, 115, 1, 1),
(1028, 2, 5, 115, 1, 2),
(1029, 2, 5, 115, 1, 3),
(1030, 2, 5, 115, 1, 4),
(1031, 2, 5, 115, 1, 5),
(1032, 2, 5, 115, 1, 6),
(1033, 2, 5, 115, 1, 7),
(1034, 2, 5, 115, 1, 8),
(1035, 2, 5, 115, 1, 9),
(1036, 2, 5, 116, 1, 1),
(1037, 2, 5, 116, 1, 2),
(1038, 2, 5, 116, 1, 3),
(1039, 2, 5, 116, 1, 4),
(1040, 2, 5, 116, 1, 5),
(1041, 2, 5, 116, 1, 6),
(1042, 2, 5, 116, 1, 7),
(1043, 2, 5, 116, 1, 8),
(1044, 2, 5, 116, 1, 9),
(1045, 2, 5, 117, 1, 1),
(1046, 2, 5, 117, 1, 2),
(1047, 2, 5, 117, 1, 3),
(1048, 2, 5, 117, 1, 4),
(1049, 2, 5, 117, 1, 5),
(1050, 2, 5, 117, 1, 6),
(1051, 2, 5, 117, 1, 7),
(1052, 2, 5, 117, 1, 8),
(1053, 2, 5, 117, 1, 9),
(1054, 2, 5, 118, 1, 1),
(1055, 2, 5, 118, 1, 2),
(1056, 2, 5, 118, 1, 3),
(1057, 2, 5, 118, 1, 4),
(1058, 2, 5, 118, 1, 5),
(1059, 2, 5, 118, 1, 6),
(1060, 2, 5, 118, 1, 7),
(1061, 2, 5, 118, 1, 8),
(1062, 2, 5, 118, 1, 9),
(1063, 2, 6, 119, 0, 1),
(1064, 2, 6, 119, 0, 2),
(1065, 2, 6, 119, 0, 3),
(1066, 2, 6, 119, 0, 4),
(1067, 2, 6, 119, 0, 5),
(1068, 2, 6, 119, 0, 6),
(1069, 2, 6, 119, 0, 7),
(1070, 2, 6, 119, 0, 8),
(1071, 2, 6, 119, 0, 9),
(1072, 2, 6, 120, 1, 1),
(1073, 2, 6, 120, 1, 2),
(1074, 2, 6, 120, 1, 3),
(1075, 2, 6, 120, 1, 4),
(1076, 2, 6, 120, 1, 5),
(1077, 2, 6, 120, 1, 6),
(1078, 2, 6, 120, 1, 7),
(1079, 2, 6, 120, 1, 8),
(1080, 2, 6, 120, 1, 9),
(1081, 2, 6, 121, 1, 1),
(1082, 2, 6, 121, 1, 2),
(1083, 2, 6, 121, 1, 3),
(1084, 2, 6, 121, 1, 4),
(1085, 2, 6, 121, 1, 5),
(1086, 2, 6, 121, 1, 6),
(1087, 2, 6, 121, 1, 7),
(1088, 2, 6, 121, 1, 8),
(1089, 2, 6, 121, 1, 9),
(1090, 2, 6, 122, 1, 1),
(1091, 2, 6, 122, 1, 2),
(1092, 2, 6, 122, 1, 3),
(1093, 2, 6, 122, 1, 4),
(1094, 2, 6, 122, 1, 5),
(1095, 2, 6, 122, 1, 6),
(1096, 2, 6, 122, 1, 7),
(1097, 2, 6, 122, 1, 8),
(1098, 2, 6, 122, 1, 9),
(1099, 2, 6, 123, 1, 1),
(1100, 2, 6, 123, 1, 2),
(1101, 2, 6, 123, 1, 3),
(1102, 2, 6, 123, 1, 4),
(1103, 2, 6, 123, 1, 5),
(1104, 2, 6, 123, 1, 6),
(1105, 2, 6, 123, 1, 7),
(1106, 2, 6, 123, 1, 8),
(1107, 2, 6, 123, 1, 9),
(1108, 2, 6, 124, 1, 1),
(1109, 2, 6, 124, 1, 2),
(1110, 2, 6, 124, 1, 3),
(1111, 2, 6, 124, 1, 4),
(1112, 2, 6, 124, 1, 5),
(1113, 2, 6, 124, 1, 6),
(1114, 2, 6, 124, 1, 7),
(1115, 2, 6, 124, 1, 8),
(1116, 2, 6, 124, 1, 9),
(1117, 2, 6, 125, 1, 1),
(1118, 2, 6, 125, 1, 2),
(1119, 2, 6, 125, 1, 3),
(1120, 2, 6, 125, 1, 4),
(1121, 2, 6, 125, 1, 5),
(1122, 2, 6, 125, 1, 6),
(1123, 2, 6, 125, 1, 7),
(1124, 2, 6, 125, 1, 8),
(1125, 2, 6, 125, 1, 9),
(1126, 2, 6, 126, 1, 1),
(1127, 2, 6, 126, 1, 2),
(1128, 2, 6, 126, 1, 3),
(1129, 2, 6, 126, 1, 4),
(1130, 2, 6, 126, 1, 5),
(1131, 2, 6, 126, 1, 6),
(1132, 2, 6, 126, 1, 7),
(1133, 2, 6, 126, 1, 8),
(1134, 2, 6, 126, 1, 9),
(1135, 2, 6, 127, 1, 1),
(1136, 2, 6, 127, 1, 2),
(1137, 2, 6, 127, 1, 3),
(1138, 2, 6, 127, 1, 4),
(1139, 2, 6, 127, 1, 5),
(1140, 2, 6, 127, 1, 6),
(1141, 2, 6, 127, 1, 7),
(1142, 2, 6, 127, 1, 8),
(1143, 2, 6, 127, 1, 9),
(1144, 2, 6, 128, 1, 1),
(1145, 2, 6, 128, 1, 2),
(1146, 2, 6, 128, 1, 3),
(1147, 2, 6, 128, 1, 4),
(1148, 2, 6, 128, 1, 5),
(1149, 2, 6, 128, 1, 6),
(1150, 2, 6, 128, 1, 7),
(1151, 2, 6, 128, 1, 8),
(1152, 2, 6, 128, 1, 9),
(1153, 2, 6, 129, 1, 1),
(1154, 2, 6, 129, 1, 2),
(1155, 2, 6, 129, 1, 3),
(1156, 2, 6, 129, 1, 4),
(1157, 2, 6, 129, 1, 5),
(1158, 2, 6, 129, 1, 6),
(1159, 2, 6, 129, 1, 7),
(1160, 2, 6, 129, 1, 8),
(1161, 2, 6, 129, 1, 9),
(1162, 2, 6, 130, 1, 1),
(1163, 2, 6, 130, 1, 2),
(1164, 2, 6, 130, 1, 3),
(1165, 2, 6, 130, 1, 4),
(1166, 2, 6, 130, 1, 5),
(1167, 2, 6, 130, 1, 6),
(1168, 2, 6, 130, 1, 7),
(1169, 2, 6, 130, 1, 8),
(1170, 2, 6, 130, 1, 9),
(1171, 2, 6, 131, 1, 1),
(1172, 2, 6, 131, 1, 2),
(1173, 2, 6, 131, 1, 3),
(1174, 2, 6, 131, 1, 4),
(1175, 2, 6, 131, 1, 5),
(1176, 2, 6, 131, 1, 6),
(1177, 2, 6, 131, 1, 7),
(1178, 2, 6, 131, 1, 8),
(1179, 2, 6, 131, 1, 9),
(1180, 2, 6, 132, 1, 1),
(1181, 2, 6, 132, 1, 2),
(1182, 2, 6, 132, 1, 3),
(1183, 2, 6, 132, 1, 4),
(1184, 2, 6, 132, 1, 5),
(1185, 2, 6, 132, 1, 6),
(1186, 2, 6, 132, 1, 7),
(1187, 2, 6, 132, 1, 8),
(1188, 2, 6, 132, 1, 9),
(1189, 2, 6, 133, 0, 1),
(1190, 2, 6, 133, 0, 2),
(1191, 2, 6, 133, 0, 3),
(1192, 2, 6, 133, 0, 4),
(1193, 2, 6, 133, 0, 5),
(1194, 2, 6, 133, 0, 6),
(1195, 2, 6, 133, 0, 7),
(1196, 2, 6, 133, 0, 8),
(1197, 2, 6, 133, 0, 9),
(1198, 2, 6, 134, 1, 1),
(1199, 2, 6, 134, 1, 2),
(1200, 2, 6, 134, 1, 3),
(1201, 2, 6, 134, 1, 4),
(1202, 2, 6, 134, 1, 5),
(1203, 2, 6, 134, 1, 6),
(1204, 2, 6, 134, 1, 7),
(1205, 2, 6, 134, 1, 8),
(1206, 2, 6, 134, 1, 9),
(1207, 2, 6, 135, 1, 1),
(1208, 2, 6, 135, 1, 2),
(1209, 2, 6, 135, 1, 3),
(1210, 2, 6, 135, 1, 4),
(1211, 2, 6, 135, 1, 5),
(1212, 2, 6, 135, 1, 6),
(1213, 2, 6, 135, 1, 7),
(1214, 2, 6, 135, 1, 8),
(1215, 2, 6, 135, 1, 9),
(1216, 2, 6, 136, 1, 1),
(1217, 2, 6, 136, 1, 2),
(1218, 2, 6, 136, 1, 3),
(1219, 2, 6, 136, 1, 4),
(1220, 2, 6, 136, 1, 5),
(1221, 2, 6, 136, 1, 6),
(1222, 2, 6, 136, 1, 7),
(1223, 2, 6, 136, 1, 8),
(1224, 2, 6, 136, 1, 9),
(1225, 2, 6, 137, 1, 1),
(1226, 2, 6, 137, 1, 2),
(1227, 2, 6, 137, 1, 3),
(1228, 2, 6, 137, 1, 4),
(1229, 2, 6, 137, 1, 5),
(1230, 2, 6, 137, 1, 6),
(1231, 2, 6, 137, 1, 7),
(1232, 2, 6, 137, 1, 8),
(1233, 2, 6, 137, 1, 9),
(1234, 2, 6, 138, 1, 1),
(1235, 2, 6, 138, 1, 2),
(1236, 2, 6, 138, 1, 3),
(1237, 2, 6, 138, 1, 4),
(1238, 2, 6, 138, 1, 5),
(1239, 2, 6, 138, 1, 6),
(1240, 2, 6, 138, 1, 7),
(1241, 2, 6, 138, 1, 8),
(1242, 2, 6, 138, 1, 9),
(1243, 2, 6, 139, 1, 1),
(1244, 2, 6, 139, 1, 2),
(1245, 2, 6, 139, 1, 3),
(1246, 2, 6, 139, 1, 4),
(1247, 2, 6, 139, 1, 5),
(1248, 2, 6, 139, 1, 6),
(1249, 2, 6, 139, 1, 7),
(1250, 2, 6, 139, 1, 8),
(1251, 2, 6, 139, 1, 9),
(1252, 2, 6, 140, 1, 1),
(1253, 2, 6, 140, 1, 2),
(1254, 2, 6, 140, 1, 3),
(1255, 2, 6, 140, 1, 4),
(1256, 2, 6, 140, 1, 5),
(1257, 2, 6, 140, 1, 6),
(1258, 2, 6, 140, 1, 7),
(1259, 2, 6, 140, 1, 8),
(1260, 2, 6, 140, 1, 9),
(1261, 2, 6, 141, 1, 1),
(1262, 2, 6, 141, 1, 2),
(1263, 2, 6, 141, 1, 3),
(1264, 2, 6, 141, 1, 4),
(1265, 2, 6, 141, 1, 5),
(1266, 2, 6, 141, 1, 6),
(1267, 2, 6, 141, 1, 7),
(1268, 2, 6, 141, 1, 8),
(1269, 2, 6, 141, 1, 9),
(1270, 2, 7, 142, 0, 1),
(1271, 2, 7, 142, 0, 2),
(1272, 2, 7, 142, 0, 3),
(1273, 2, 7, 142, 0, 4),
(1274, 2, 7, 142, 0, 5),
(1275, 2, 7, 142, 0, 6),
(1276, 2, 7, 142, 0, 7),
(1277, 2, 7, 142, 0, 8),
(1278, 2, 7, 142, 0, 9),
(1279, 2, 7, 143, 1, 1),
(1280, 2, 7, 143, 1, 2),
(1281, 2, 7, 143, 1, 3),
(1282, 2, 7, 143, 1, 4),
(1283, 2, 7, 143, 1, 5),
(1284, 2, 7, 143, 1, 6),
(1285, 2, 7, 143, 1, 7),
(1286, 2, 7, 143, 1, 8),
(1287, 2, 7, 143, 1, 9),
(1288, 2, 7, 144, 1, 1),
(1289, 2, 7, 144, 1, 2),
(1290, 2, 7, 144, 1, 3),
(1291, 2, 7, 144, 1, 4),
(1292, 2, 7, 144, 1, 5),
(1293, 2, 7, 144, 1, 6),
(1294, 2, 7, 144, 1, 7),
(1295, 2, 7, 144, 1, 8),
(1296, 2, 7, 144, 1, 9),
(1297, 2, 7, 145, 1, 1),
(1298, 2, 7, 145, 1, 2),
(1299, 2, 7, 145, 1, 3),
(1300, 2, 7, 145, 1, 4),
(1301, 2, 7, 145, 1, 5),
(1302, 2, 7, 145, 1, 6),
(1303, 2, 7, 145, 1, 7),
(1304, 2, 7, 145, 1, 8),
(1305, 2, 7, 145, 1, 9),
(1306, 2, 7, 146, 1, 1),
(1307, 2, 7, 146, 1, 2),
(1308, 2, 7, 146, 1, 3),
(1309, 2, 7, 146, 1, 4),
(1310, 2, 7, 146, 1, 5),
(1311, 2, 7, 146, 1, 6),
(1312, 2, 7, 146, 1, 7),
(1313, 2, 7, 146, 1, 8),
(1314, 2, 7, 146, 1, 9),
(1315, 2, 7, 147, 1, 1),
(1316, 2, 7, 147, 1, 2),
(1317, 2, 7, 147, 1, 3),
(1318, 2, 7, 147, 1, 4),
(1319, 2, 7, 147, 1, 5),
(1320, 2, 7, 147, 1, 6),
(1321, 2, 7, 147, 1, 7),
(1322, 2, 7, 147, 1, 8),
(1323, 2, 7, 147, 1, 9),
(1324, 2, 7, 148, 1, 1),
(1325, 2, 7, 148, 1, 2),
(1326, 2, 7, 148, 1, 3),
(1327, 2, 7, 148, 1, 4),
(1328, 2, 7, 148, 1, 5),
(1329, 2, 7, 148, 1, 6),
(1330, 2, 7, 148, 1, 7),
(1331, 2, 7, 148, 1, 8),
(1332, 2, 7, 148, 1, 9),
(1333, 2, 7, 149, 1, 1),
(1334, 2, 7, 149, 1, 2),
(1335, 2, 7, 149, 1, 3),
(1336, 2, 7, 149, 1, 4),
(1337, 2, 7, 149, 1, 5),
(1338, 2, 7, 149, 1, 6),
(1339, 2, 7, 149, 1, 7),
(1340, 2, 7, 149, 1, 8),
(1341, 2, 7, 149, 1, 9),
(1342, 2, 7, 150, 1, 1),
(1343, 2, 7, 150, 1, 2),
(1344, 2, 7, 150, 1, 3),
(1345, 2, 7, 150, 1, 4),
(1346, 2, 7, 150, 1, 5),
(1347, 2, 7, 150, 1, 6),
(1348, 2, 7, 150, 1, 7),
(1349, 2, 7, 150, 1, 8),
(1350, 2, 7, 150, 1, 9),
(1351, 2, 7, 151, 1, 1),
(1352, 2, 7, 151, 1, 2),
(1353, 2, 7, 151, 1, 3),
(1354, 2, 7, 151, 1, 4),
(1355, 2, 7, 151, 1, 5),
(1356, 2, 7, 151, 1, 6),
(1357, 2, 7, 151, 1, 7),
(1358, 2, 7, 151, 1, 8),
(1359, 2, 7, 151, 1, 9),
(1360, 2, 7, 152, 1, 1),
(1361, 2, 7, 152, 1, 2),
(1362, 2, 7, 152, 1, 3),
(1363, 2, 7, 152, 1, 4),
(1364, 2, 7, 152, 1, 5),
(1365, 2, 7, 152, 1, 6),
(1366, 2, 7, 152, 1, 7),
(1367, 2, 7, 152, 1, 8),
(1368, 2, 7, 152, 1, 9),
(1369, 2, 7, 153, 1, 1),
(1370, 2, 7, 153, 1, 2),
(1371, 2, 7, 153, 1, 3),
(1372, 2, 7, 153, 1, 4),
(1373, 2, 7, 153, 1, 5),
(1374, 2, 7, 153, 1, 6),
(1375, 2, 7, 153, 1, 7),
(1376, 2, 7, 153, 1, 8),
(1377, 2, 7, 153, 1, 9),
(1378, 2, 7, 154, 1, 1),
(1379, 2, 7, 154, 1, 2),
(1380, 2, 7, 154, 1, 3),
(1381, 2, 7, 154, 1, 4),
(1382, 2, 7, 154, 1, 5),
(1383, 2, 7, 154, 1, 6),
(1384, 2, 7, 154, 1, 7),
(1385, 2, 7, 154, 1, 8),
(1386, 2, 7, 154, 1, 9);

-- --------------------------------------------------------

--
-- Структура таблицы `tbl_comments`
--

CREATE TABLE IF NOT EXISTS `tbl_comments` (
  `id` int(11) NOT NULL AUTO_INCREMENT,
  `model` varchar(255) NOT NULL,
  `model_id` int(11) NOT NULL,
  `user_id` int(11) NOT NULL,
  `create` int(11) NOT NULL,
  `text` text NOT NULL,
  PRIMARY KEY (`id`)
) ENGINE=MyISAM  DEFAULT CHARSET=utf8 COMMENT='комментарии пользователей системы к проекту и заданиям' AUTO_INCREMENT=17 ;

--
-- Дамп данных таблицы `tbl_comments`
--

INSERT INTO `tbl_comments` (`id`, `model`, `model_id`, `user_id`, `create`, `text`) VALUES
(1, 'Project', 2, 1, 1354698844, 'sdfsdf'),
(2, 'Project', 2, 1, 1354699056, 'ввввв'),
(3, 'Project', 2, 1, 1354699183, '3'),
(4, 'Project', 2, 1, 1354699345, 'fff'),
(5, 'Project', 2, 1, 1354699545, '55'),
(6, 'Project', 2, 1, 1354700040, '6'),
(7, 'Project', 2, 1, 1354700385, 'sdfsdfdf7'),
(8, 'Project', 2, 10, 1354700665, 'комментарий редактора'),
(9, 'Text', 3, 1, 1354701033, 'комментарий по тексту от админа'),
(10, 'Text', 3, 19, 1354702351, 'комментарий от копирайтора'),
(11, 'Text', 3, 10, 1354702477, 'комментарий от редактора'),
(12, 'Project', 3, 1, 1354955403, 'ddd'),
(13, 'Project', 3, 10, 1354955516, 'комментарий редактора'),
(14, 'Text', 5, 10, 1355323748, 'комментарий к проекту#3 к первому тексту'),
(15, 'Text', 5, 21, 1355934566, 'erwer'),
(16, 'Text', 75, 23, 1356423547, 'ошибки исправил');

-- --------------------------------------------------------

--
-- Структура таблицы `tbl_description_template`
--

CREATE TABLE IF NOT EXISTS `tbl_description_template` (
  `id` int(11) NOT NULL AUTO_INCREMENT,
  `category_id` int(11) NOT NULL,
  `title` varchar(255) NOT NULL COMMENT 'Название шаблона',
  `title_job` varchar(255) NOT NULL COMMENT 'Название задания ',
  `type_job` varchar(255) NOT NULL COMMENT 'Тип работы ',
  `description` text NOT NULL COMMENT 'Описание заказа ',
  `deadline` int(11) NOT NULL COMMENT 'Срок сдачи заказа ',
  `price_th` int(11) NOT NULL COMMENT 'Стоимость 1000 знаков без пробелов ',
  `uniqueness` smallint(3) NOT NULL COMMENT 'Минимально возможная уникальность любого из текстов проекта',
  PRIMARY KEY (`id`),
  KEY `FK_tbl_description_template_tbl_category` (`category_id`)
) ENGINE=InnoDB  DEFAULT CHARSET=utf8 COMMENT='Шаблоны для добавления описания к заданию' AUTO_INCREMENT=3 ;

--
-- Дамп данных таблицы `tbl_description_template`
--

INSERT INTO `tbl_description_template` (`id`, `category_id`, `title`, `title_job`, `type_job`, `description`, `deadline`, `price_th`, `uniqueness`) VALUES
(1, 1, 'Импорт из МегаЛеммы', 'Импортирование задания из Леммы', 'основной тип работы', 'Задание на написания текстов для копирайтора', 1354262400, 100, 95),
(2, 6, 'Название шаблона7777', 'Тестовое задание7777', '', 'sdfsdfsdfsdf', 1356940800, 250, 100);

-- --------------------------------------------------------

--
-- Структура таблицы `tbl_errors`
--

CREATE TABLE IF NOT EXISTS `tbl_errors` (
  `id` int(11) NOT NULL AUTO_INCREMENT,
  `user_id` int(11) NOT NULL COMMENT 'автор текста ошибки',
  `model` varchar(255) NOT NULL COMMENT 'название модели к котор. подвязана ошибка',
  `error_text` text NOT NULL COMMENT 'текст ошибки - описание',
  `model_id` int(11) NOT NULL COMMENT 'ID модели, к которой подвязана ошибка',
  `create` int(11) NOT NULL COMMENT 'дата создания отчёта об ошибке',
  `type` smallint(2) NOT NULL COMMENT 'тип ошибки',
  PRIMARY KEY (`id`)
) ENGINE=MyISAM  DEFAULT CHARSET=utf8 COMMENT='Ошибки системы, по моделям' AUTO_INCREMENT=13 ;

--
-- Дамп данных таблицы `tbl_errors`
--

INSERT INTO `tbl_errors` (`id`, `user_id`, `model`, `error_text`, `model_id`, `create`, `type`) VALUES
(1, 10, 'Text', 'литературная корректность не верна', 3, 1354181618, 9),
(8, 10, 'Text', 'Уникальность контента маленькая, и много орфографических ошибок, нужно всё переписать.', 75, 1356423403, 3),
(7, 10, 'Text', 'не заполнены должным образом поля', 6, 1356380880, 9),
(4, 10, 'Project', '4444444', 3, 1356343215, 9),
(5, 10, 'Project', '55555', 3, 1356343307, 9),
(6, 10, 'Project', 'порядок следования', 3, 1356351259, 6),
(9, 10, 'Text', 'вввв', 75, 1356424342, 1),
(10, 10, 'Text', 'ошибки орфографии', 75, 1356426895, 2),
(11, 1, 'Text', 'ошибки пунктуации', 75, 1356439985, 1),
(12, 1, 'Project', 'уникальность текста в проекте очень низькая', 6, 1356440632, 3);

-- --------------------------------------------------------

--
-- Структура таблицы `tbl_import_vars`
--

CREATE TABLE IF NOT EXISTS `tbl_import_vars` (
  `id` int(11) NOT NULL AUTO_INCREMENT,
  `type` smallint(2) NOT NULL COMMENT 'тип поля',
  `title` varchar(255) NOT NULL COMMENT 'название поля',
  `name` varchar(256) NOT NULL,
  PRIMARY KEY (`id`)
) ENGINE=MyISAM  DEFAULT CHARSET=utf8 COMMENT='Переменные которые будут подвязаны в сотвеств. к импортируем' AUTO_INCREMENT=23 ;

--
-- Дамп данных таблицы `tbl_import_vars`
--

INSERT INTO `tbl_import_vars` (`id`, `type`, `title`, `name`) VALUES
(1, 1, 'Ключевые слова', 'key_words'),
(2, 1, 'Сведение', 'reduction'),
(3, 1, 'Title', 'title'),
(4, 1, 'URL', 'url'),
(5, 1, 'keywords', 'keywords'),
(6, 1, 'description', 'description'),
(7, 1, 'content 1', 'content1'),
(8, 1, 'content 2', 'content2'),
(9, 1, 'content 3', 'content3'),
(10, 1, 'H1', 'H1'),
(11, 1, 'H2', 'H2'),
(12, 1, 'H3', 'H3'),
(13, 1, 'анонс', 'preview'),
(14, 1, 'strong', 'strong'),
(15, 1, 'анкор миралинкс 1', 'ankor_mira1'),
(16, 1, 'полный урл', 'full_url'),
(17, 1, 'анкор миралинкс 2', 'ankor_mira2'),
(18, 1, 'param1', 'param1'),
(19, 1, 'param2', 'param2'),
(20, 1, 'param3', 'param3'),
(21, 1, 'анкор для гогетлинкс', 'ankor_goget_links'),
(22, 1, 'Не импортировать', 'empty');

-- --------------------------------------------------------

--
-- Структура таблицы `tbl_import_vars_shema`
--

CREATE TABLE IF NOT EXISTS `tbl_import_vars_shema` (
  `id` int(11) NOT NULL AUTO_INCREMENT,
  `import_var_id` int(11) NOT NULL COMMENT 'ID внутренней переменной и её соответствие столбцу',
  `shema_type` smallint(2) NOT NULL COMMENT 'тип схемы(для шаблона или для проекта)',
  `num_id` int(11) NOT NULL COMMENT 'id записи в таблице(id шаблона к котор. подвязан или id проекта к котор. подвязан)',
  `num` int(11) NOT NULL COMMENT 'номер по порядку поля',
  `edit` tinyint(1) NOT NULL COMMENT 'Редактируемый столбец',
  `visible` tinyint(1) NOT NULL COMMENT 'Отображаемый столбец',
  `wysiwyg` tinyint(1) NOT NULL COMMENT 'Визивиг редактор',
  `label` varchar(256) NOT NULL COMMENT 'название столбца импорта из csv',
  PRIMARY KEY (`id`)
) ENGINE=MyISAM  DEFAULT CHARSET=utf8 COMMENT='схема соответствий полей импорта из файла, внутренним переме' AUTO_INCREMENT=155 ;

--
-- Дамп данных таблицы `tbl_import_vars_shema`
--

INSERT INTO `tbl_import_vars_shema` (`id`, `import_var_id`, `shema_type`, `num_id`, `num`, `edit`, `visible`, `wysiwyg`, `label`) VALUES
(1, 22, 2, 1, 1, 0, 0, 0, 'Номер текста'),
(2, 1, 2, 1, 2, 0, 1, 0, 'Ключевые слова'),
(3, 2, 2, 1, 3, 0, 1, 0, 'Сведение'),
(4, 3, 2, 1, 4, 0, 1, 0, 'Title'),
(5, 4, 2, 1, 5, 0, 1, 0, 'URL'),
(6, 5, 2, 1, 6, 0, 1, 0, 'keywords'),
(7, 6, 2, 1, 7, 1, 1, 0, 'description'),
(8, 7, 2, 1, 8, 1, 1, 1, 'content 1'),
(9, 8, 2, 1, 9, 1, 1, 1, 'content 2'),
(10, 9, 2, 1, 10, 1, 1, 1, 'content 3'),
(11, 10, 2, 1, 11, 1, 1, 0, 'H1'),
(12, 11, 2, 1, 12, 1, 1, 0, 'H2'),
(13, 12, 2, 1, 13, 1, 1, 0, 'H3'),
(14, 13, 2, 1, 14, 1, 1, 0, 'анонс'),
(15, 14, 2, 1, 15, 1, 1, 0, 'strong'),
(16, 15, 2, 1, 16, 1, 1, 0, 'анкор миралинкс 1'),
(17, 16, 2, 1, 17, 1, 1, 0, 'полный урл'),
(18, 17, 2, 1, 18, 1, 1, 0, 'анкор миралинкс 2'),
(19, 22, 2, 1, 19, 1, 0, 0, 'полный урл'),
(20, 18, 2, 1, 20, 1, 1, 0, 'param1'),
(21, 19, 2, 1, 21, 1, 1, 0, 'param2'),
(22, 20, 2, 1, 22, 1, 1, 0, 'param3'),
(23, 21, 2, 1, 23, 1, 1, 0, 'анкор для гогетлинкс'),
(24, 22, 1, 1, 1, 0, 0, 0, 'Номер текста'),
(25, 1, 1, 1, 2, 0, 1, 0, 'Ключевые слова'),
(26, 2, 1, 1, 3, 0, 1, 0, 'Сведение'),
(27, 3, 1, 1, 4, 0, 1, 0, 'Title'),
(28, 4, 1, 1, 5, 0, 1, 0, 'URL'),
(29, 5, 1, 1, 6, 0, 1, 0, 'keywords'),
(30, 6, 1, 1, 7, 1, 1, 0, 'description'),
(31, 7, 1, 1, 8, 1, 1, 1, 'content 1'),
(32, 8, 1, 1, 9, 1, 1, 1, 'content 2'),
(33, 9, 1, 1, 10, 1, 1, 1, 'content 3'),
(34, 10, 1, 1, 11, 1, 1, 0, 'H1'),
(35, 11, 1, 1, 12, 1, 1, 0, 'H2'),
(36, 12, 1, 1, 13, 1, 1, 0, 'H3'),
(37, 13, 1, 1, 14, 1, 1, 0, 'анонс'),
(38, 14, 1, 1, 15, 1, 1, 0, 'strong'),
(39, 15, 1, 1, 16, 1, 1, 0, 'анкор миралинкс 1'),
(40, 16, 1, 1, 17, 1, 1, 0, 'полный урл'),
(41, 17, 1, 1, 18, 1, 1, 0, 'анкор миралинкс 2'),
(42, 22, 1, 1, 19, 1, 0, 0, 'полный урл'),
(43, 18, 1, 1, 20, 1, 1, 0, 'param1'),
(44, 19, 1, 1, 21, 1, 1, 0, 'param2'),
(45, 20, 1, 1, 22, 1, 1, 0, 'param3'),
(46, 21, 1, 1, 23, 1, 1, 0, 'анкор для гогетлинкс'),
(47, 22, 1, 2, 1, 0, 0, 0, 'Номер текста'),
(48, 1, 1, 2, 2, 0, 1, 0, 'Ключевые слова'),
(49, 2, 1, 2, 3, 0, 1, 0, 'Сведение'),
(50, 3, 1, 2, 4, 0, 1, 0, 'Title'),
(51, 4, 1, 2, 5, 0, 1, 0, 'URL'),
(52, 5, 1, 2, 6, 0, 1, 0, 'keywords'),
(53, 6, 1, 2, 7, 1, 1, 0, 'description'),
(54, 7, 1, 2, 8, 1, 1, 1, 'content 1'),
(55, 8, 1, 2, 9, 1, 1, 1, 'content 2'),
(56, 9, 1, 2, 10, 1, 1, 1, 'content 3'),
(57, 10, 1, 2, 11, 1, 1, 0, 'H1'),
(58, 11, 1, 2, 12, 1, 1, 0, 'H2'),
(59, 12, 1, 2, 13, 1, 1, 0, 'H3'),
(60, 13, 1, 2, 14, 1, 1, 0, 'анонс'),
(61, 14, 1, 2, 15, 1, 1, 0, 'strong'),
(62, 15, 1, 2, 16, 1, 1, 0, 'анкор миралинкс 1'),
(63, 16, 1, 2, 17, 1, 1, 0, 'полный урл'),
(64, 17, 1, 2, 18, 1, 1, 0, 'анкор миралинкс 2'),
(65, 22, 1, 2, 19, 1, 0, 0, 'полный урл'),
(66, 18, 1, 2, 20, 1, 1, 0, 'param1'),
(67, 19, 1, 2, 21, 1, 1, 0, 'param2'),
(68, 20, 1, 2, 22, 1, 1, 0, 'param3'),
(69, 21, 1, 2, 23, 1, 1, 0, 'анкор для гогетлинкс'),
(70, 22, 1, 3, 1, 0, 0, 0, 'Номер текста'),
(71, 1, 1, 3, 2, 0, 1, 0, 'Ключевые слова'),
(72, 2, 1, 3, 3, 0, 1, 0, 'Сведение'),
(73, 3, 1, 3, 4, 0, 1, 0, 'Title'),
(74, 4, 1, 3, 5, 0, 1, 0, 'URL'),
(75, 5, 1, 3, 6, 0, 1, 0, 'keywords'),
(76, 6, 1, 3, 7, 1, 1, 0, 'description'),
(77, 7, 1, 3, 8, 1, 1, 1, 'content 1'),
(78, 8, 1, 3, 9, 1, 1, 1, 'content 2'),
(79, 9, 1, 3, 10, 1, 1, 1, 'content 3'),
(80, 10, 1, 3, 11, 1, 1, 0, 'H1'),
(81, 11, 1, 3, 12, 1, 1, 0, 'H2'),
(82, 12, 1, 3, 13, 1, 1, 0, 'H3'),
(83, 13, 1, 3, 14, 1, 1, 0, 'анонс'),
(84, 14, 1, 3, 15, 1, 1, 0, 'strong'),
(85, 15, 1, 3, 16, 1, 1, 0, 'анкор миралинкс 1'),
(86, 16, 1, 3, 17, 1, 1, 0, 'полный урл'),
(87, 17, 1, 3, 18, 1, 1, 0, 'анкор миралинкс 2'),
(88, 22, 1, 3, 19, 1, 0, 0, 'полный урл'),
(89, 18, 1, 3, 20, 1, 1, 0, 'param1'),
(90, 19, 1, 3, 21, 1, 1, 0, 'param2'),
(91, 20, 1, 3, 22, 1, 1, 0, 'param3'),
(92, 21, 1, 3, 23, 1, 1, 0, 'анкор для гогетлинкс'),
(93, 22, 2, 2, 1, 0, 1, 0, 'Номер текста'),
(94, 1, 2, 2, 2, 0, 1, 0, 'Ключевые слова'),
(95, 2, 2, 2, 3, 0, 1, 0, 'Сведение'),
(96, 3, 2, 2, 4, 1, 1, 0, 'Title'),
(97, 4, 2, 2, 5, 1, 1, 0, 'URL'),
(98, 5, 2, 2, 6, 1, 1, 1, 'keywords'),
(99, 6, 2, 2, 7, 1, 1, 1, 'description'),
(100, 7, 2, 2, 8, 1, 1, 1, 'content 1'),
(101, 10, 2, 2, 9, 1, 1, 0, 'H1'),
(102, 11, 2, 2, 10, 1, 1, 0, 'H2'),
(103, 12, 2, 2, 11, 1, 1, 0, 'H3'),
(104, 13, 2, 2, 12, 1, 1, 0, 'анонс'),
(105, 14, 2, 2, 13, 1, 1, 0, 'strong'),
(106, 22, 1, 5, 1, 0, 1, 0, 'Номер текста'),
(107, 1, 1, 5, 2, 0, 1, 0, 'Ключевые слова'),
(108, 2, 1, 5, 3, 0, 1, 0, 'Сведение'),
(109, 3, 1, 5, 4, 1, 1, 0, 'Title'),
(110, 4, 1, 5, 5, 1, 1, 0, 'URL'),
(111, 5, 1, 5, 6, 1, 1, 1, 'keywords'),
(112, 6, 1, 5, 7, 1, 1, 1, 'description'),
(113, 7, 1, 5, 8, 1, 1, 1, 'content 1'),
(114, 10, 1, 5, 9, 1, 1, 0, 'H1'),
(115, 11, 1, 5, 10, 1, 1, 0, 'H2'),
(116, 12, 1, 5, 11, 1, 1, 0, 'H3'),
(117, 13, 1, 5, 12, 1, 1, 0, 'анонс'),
(118, 14, 1, 5, 13, 1, 1, 0, 'strong'),
(119, 22, 1, 6, 1, 0, 0, 0, 'Номер текста'),
(120, 1, 1, 6, 2, 0, 1, 0, 'Ключевые слова'),
(121, 2, 1, 6, 3, 0, 1, 0, 'Сведение'),
(122, 3, 1, 6, 4, 0, 1, 0, 'Title'),
(123, 4, 1, 6, 5, 0, 1, 0, 'URL'),
(124, 5, 1, 6, 6, 0, 1, 0, 'keywords'),
(125, 6, 1, 6, 7, 1, 1, 0, 'description'),
(126, 7, 1, 6, 8, 1, 1, 1, 'content 1'),
(127, 8, 1, 6, 9, 1, 1, 1, 'content 2'),
(128, 9, 1, 6, 10, 1, 1, 1, 'content 3'),
(129, 10, 1, 6, 11, 1, 1, 0, 'H1'),
(130, 11, 1, 6, 12, 1, 1, 0, 'H2'),
(131, 12, 1, 6, 13, 1, 1, 0, 'H3'),
(132, 13, 1, 6, 14, 1, 1, 0, 'анонс'),
(133, 14, 1, 6, 15, 1, 1, 0, 'strong'),
(134, 15, 1, 6, 16, 1, 1, 0, 'анкор миралинкс 1'),
(135, 16, 1, 6, 17, 1, 1, 0, 'полный урл'),
(136, 17, 1, 6, 18, 1, 1, 0, 'анкор миралинкс 2'),
(137, 22, 1, 6, 19, 1, 0, 0, 'полный урл'),
(138, 18, 1, 6, 20, 1, 1, 0, 'param1'),
(139, 19, 1, 6, 21, 1, 1, 0, 'param2'),
(140, 20, 1, 6, 22, 1, 1, 0, 'param3'),
(141, 21, 1, 6, 23, 1, 1, 0, 'анкор для гогетлинкс'),
(142, 22, 1, 7, 1, 0, 1, 0, 'Номер текста'),
(143, 1, 1, 7, 2, 0, 1, 0, 'Ключевые слова'),
(144, 2, 1, 7, 3, 0, 1, 0, 'Сведение'),
(145, 3, 1, 7, 4, 1, 1, 0, 'Title'),
(146, 4, 1, 7, 5, 1, 1, 0, 'URL'),
(147, 5, 1, 7, 6, 1, 1, 0, 'keywords'),
(148, 6, 1, 7, 7, 1, 1, 0, 'description'),
(149, 7, 1, 7, 8, 1, 1, 1, 'content 1'),
(150, 10, 1, 7, 9, 1, 1, 0, 'H1'),
(151, 11, 1, 7, 10, 1, 1, 0, 'H2'),
(152, 12, 1, 7, 11, 1, 1, 0, 'H3'),
(153, 13, 1, 7, 12, 1, 1, 0, 'анонс'),
(154, 14, 1, 7, 13, 0, 1, 0, 'strong');

-- --------------------------------------------------------

--
-- Структура таблицы `tbl_log_cheking`
--

CREATE TABLE IF NOT EXISTS `tbl_log_cheking` (
  `id` int(11) NOT NULL AUTO_INCREMENT,
  `text_id` int(11) NOT NULL COMMENT 'ID задания',
  `import_var_id` int(11) NOT NULL COMMENT 'ID поля по которому была допущена ошибка, при заполнении',
  `import_var_value` text NOT NULL COMMENT 'значение этого заполненного поля с ошибкой',
  `create` int(11) NOT NULL COMMENT 'дата и время проверки',
  `author` int(11) NOT NULL COMMENT 'автор проверки, который получил ошибку, при проверке',
  `error` text NOT NULL COMMENT 'описание ошибки',
  `check_id` int(11) NOT NULL COMMENT 'ID проверки, по которой получил ошибку',
  PRIMARY KEY (`id`)
) ENGINE=MyISAM  DEFAULT CHARSET=utf8 COMMENT='Лог ошибок, полученных при проверке заданий' AUTO_INCREMENT=19 ;

--
-- Дамп данных таблицы `tbl_log_cheking`
--

INSERT INTO `tbl_log_cheking` (`id`, `text_id`, `import_var_id`, `import_var_value`, `create`, `author`, `error`, `check_id`) VALUES
(1, 3, 106, 'авпв вапв апв', 1354808105, 19, 'Очень много орфографических ошибок обнаружено при проверке текста', 2),
(2, 3, 103, '<p>&nbsp;sd sg вап ва пв ва<br></p>', 1354808105, 19, 'Очень много орфографических ошибок обнаружено при проверке текста', 2),
(3, 3, 107, 'впава', 1354808105, 19, 'Очень много орфографических ошибок обнаружено при проверке текста', 2),
(4, 3, 104, '<p>&nbsp;вы апыв а пвыап выап выпвыпвпаа вап<br></p>', 1354808105, 19, 'Очень много орфографических ошибок обнаружено при проверке текста', 2),
(5, 3, 108, 'вапвап', 1354808105, 19, 'Очень много орфографических ошибок обнаружено при проверке текста', 2),
(6, 3, 105, '<p>&nbsp;выапвы вы gds gsd gd gd df g<br></p>', 1354808105, 19, 'Очень много орфографических ошибок обнаружено при проверке текста', 2),
(7, 3, 102, 'вапавп', 1354808105, 19, 'Очень много орфографических ошибок обнаружено при проверке текста', 2),
(8, 3, 109, 'вапвап', 1354808105, 19, 'Очень много орфографических ошибок обнаружено при проверке текста', 2),
(9, 3, 111, 'фильтр умягчение', 1354808105, 19, 'Очень много орфографических ошибок обнаружено при проверке текста', 2),
(10, 3, 112, 'вапвап', 1354808105, 19, 'Очень много орфографических ошибок обнаружено при проверке текста', 2),
(11, 3, 113, 'вапвап', 1354808105, 19, 'Очень много орфографических ошибок обнаружено при проверке текста', 2),
(12, 3, 114, 'вапвап1', 1354808105, 19, 'Очень много орфографических ошибок обнаружено при проверке текста', 2),
(13, 3, 115, 'вапвап2', 1354808105, 19, 'Очень много орфографических ошибок обнаружено при проверке текста', 2),
(14, 3, 116, 'вапвап3', 1354808105, 19, 'Очень много орфографических ошибок обнаружено при проверке текста', 2),
(15, 3, 117, 'вапвап4', 1354808105, 19, 'Очень много орфографических ошибок обнаружено при проверке текста', 2),
(16, 5, 207, 'фильтр умягчение', 1355935895, 21, 'Очень много орфографических ошибок обнаружено при проверке текста', 2),
(17, 5, 207, 'фильтр умягчение', 1355936277, 21, 'Очень много орфографических ошибок обнаружено при проверке текста', 2),
(18, 5, 207, 'фильтр умягчение', 1355936421, 21, 'Очень много орфографических ошибок обнаружено при проверке текста', 2);

-- --------------------------------------------------------

--
-- Структура таблицы `tbl_messages`
--

CREATE TABLE IF NOT EXISTS `tbl_messages` (
  `id` int(11) NOT NULL AUTO_INCREMENT,
  `author_id` int(11) NOT NULL COMMENT 'автор сообщения',
  `create` int(11) NOT NULL COMMENT 'дата сообщения',
  `model` varchar(255) NOT NULL,
  `model_id` int(11) NOT NULL,
  `msg_text` text NOT NULL,
  `is_new` tinyint(1) NOT NULL DEFAULT '1' COMMENT 'новое сообщение или прочитанное',
  `recipient_id` int(11) NOT NULL COMMENT 'получатель сообщения',
  PRIMARY KEY (`id`)
) ENGINE=MyISAM  DEFAULT CHARSET=utf8 COMMENT='личные сообщения между частниками системы' AUTO_INCREMENT=27 ;

--
-- Дамп данных таблицы `tbl_messages`
--

INSERT INTO `tbl_messages` (`id`, `author_id`, `create`, `model`, `model_id`, `msg_text`, `is_new`, `recipient_id`) VALUES
(1, 10, 1354551398, 'Project', 2, 'sdfsdfdf', 1, 19),
(2, 10, 1354551813, 'Project', 2, 'вапапвап', 1, 1),
(3, 10, 1354551889, 'Project', 2, '444', 1, 1),
(4, 10, 1354566332, 'Project', 2, 'тестовое сообщение', 1, 19),
(5, 10, 1354566370, 'Project', 2, 'тестовое сообщение', 1, 19),
(6, 10, 1354566401, 'Project', 2, 'тестовое сообщение2', 1, 1),
(7, 10, 1354566406, 'Project', 2, 'тестовое сообщение2', 1, 1),
(8, 10, 1354566417, 'Project', 2, 'тестовое сообщение2', 1, 1),
(9, 10, 1354566564, 'Project', 2, '11111', 1, 19),
(10, 10, 1354566639, 'Project', 2, '22222', 1, 19),
(11, 10, 1354566758, 'Project', 2, '33333', 1, 19),
(12, 10, 1354566780, 'Project', 2, 'выаываыва7777', 1, 1),
(13, 1, 1354624605, 'Project', 2, 'проверка текста от админа проекта к редактору', 1, 10),
(14, 1, 1354624605, 'Project', 2, 'проверка текста от админа проекта к редактору', 1, 10),
(15, 1, 1354624738, 'Project', 1, 'редактор от админа - test2', 1, 10),
(16, 1, 1354624808, 'Project', 1, '44444', 1, 10),
(17, 1, 1354624893, 'Project', 1, '5555', 1, 10),
(18, 19, 1354626105, 'Project', 2, 'текст от копирайтора', 1, 1),
(19, 1, 1354626657, 'Project', 2, 'sdfsdfsdf', 1, 19),
(20, 1, 1355225086, 'User', 21, 'проверка сообщения для копирайтора через мониторинг заданий для юзера p9uogz7nv', 1, 21),
(21, 1, 1355225199, 'User', 21, 'dddd', 1, 21),
(22, 1, 1355225238, 'User', 21, 'sdddd', 1, 21),
(23, 1, 1355225249, 'User', 21, 'ffff', 1, 21),
(24, 1, 1355225249, 'User', 21, 'ffff', 1, 21),
(25, 1, 1355318992, 'User', 21, 'ddddd', 1, 21),
(26, 1, 1355318992, 'User', 21, 'ddddd', 1, 21);

-- --------------------------------------------------------

--
-- Структура таблицы `tbl_profiles`
--

CREATE TABLE IF NOT EXISTS `tbl_profiles` (
  `user_id` int(11) NOT NULL AUTO_INCREMENT,
  `lastname` varchar(50) NOT NULL DEFAULT '',
  `firstname` varchar(50) NOT NULL DEFAULT '',
  PRIMARY KEY (`user_id`)
) ENGINE=InnoDB  DEFAULT CHARSET=utf8 AUTO_INCREMENT=25 ;

--
-- Дамп данных таблицы `tbl_profiles`
--

INSERT INTO `tbl_profiles` (`user_id`, `lastname`, `firstname`) VALUES
(1, 'Admin', 'Administrator'),
(2, 'Demo', 'Demo'),
(10, 'Иванов', 'redactor'),
(18, '5jwktqvl8', '07evbg9r3'),
(19, 'lex168yzj0', '4bbe3o0tuvfyic54'),
(20, 'admin1', 'admin1'),
(21, '91moiz', 'h4la'),
(22, 'h71brl35', 'xa2pldv'),
(23, 'jgkdb3opn2', '0bzihy'),
(24, 'dt16qrbwubiz', 'bg9a');

-- --------------------------------------------------------

--
-- Структура таблицы `tbl_profiles_fields`
--

CREATE TABLE IF NOT EXISTS `tbl_profiles_fields` (
  `id` int(10) NOT NULL AUTO_INCREMENT,
  `varname` varchar(50) NOT NULL,
  `title` varchar(255) NOT NULL,
  `field_type` varchar(50) NOT NULL,
  `field_size` varchar(15) NOT NULL DEFAULT '0',
  `field_size_min` varchar(15) NOT NULL DEFAULT '0',
  `required` int(1) NOT NULL DEFAULT '0',
  `match` varchar(255) NOT NULL DEFAULT '',
  `range` varchar(255) NOT NULL DEFAULT '',
  `error_message` varchar(255) NOT NULL DEFAULT '',
  `other_validator` varchar(5000) NOT NULL DEFAULT '',
  `default` varchar(255) NOT NULL DEFAULT '',
  `widget` varchar(255) NOT NULL DEFAULT '',
  `widgetparams` varchar(5000) NOT NULL DEFAULT '',
  `position` int(3) NOT NULL DEFAULT '0',
  `visible` int(1) NOT NULL DEFAULT '0',
  PRIMARY KEY (`id`),
  KEY `varname` (`varname`,`widget`,`visible`)
) ENGINE=InnoDB  DEFAULT CHARSET=utf8 AUTO_INCREMENT=3 ;

--
-- Дамп данных таблицы `tbl_profiles_fields`
--

INSERT INTO `tbl_profiles_fields` (`id`, `varname`, `title`, `field_type`, `field_size`, `field_size_min`, `required`, `match`, `range`, `error_message`, `other_validator`, `default`, `widget`, `widgetparams`, `position`, `visible`) VALUES
(1, 'lastname', 'Last Name', 'VARCHAR', '50', '3', 1, '', '', 'Incorrect Last Name (length between 3 and 50 characters).', '', '', '', '', 1, 3),
(2, 'firstname', 'First Name', 'VARCHAR', '50', '3', 1, '', '', 'Incorrect First Name (length between 3 and 50 characters).', '', '', '', '', 0, 3);

-- --------------------------------------------------------

--
-- Структура таблицы `tbl_project`
--

CREATE TABLE IF NOT EXISTS `tbl_project` (
  `id` int(11) NOT NULL AUTO_INCREMENT,
  `title` varchar(255) NOT NULL COMMENT 'Название задания ',
  `type_job` varchar(255) NOT NULL COMMENT 'Тип работы ',
  `description` varchar(255) NOT NULL COMMENT 'Описание заказа ',
  `deadline` int(11) NOT NULL COMMENT 'Срок сдачи заказа ',
  `price_th` int(11) NOT NULL COMMENT 'Стоимость 1000 знаков без пробелов – оплата за 1000 знаков без пробелов в рублях',
  `total_cost` int(11) NOT NULL COMMENT 'Стоимость проекта – суммарная стоимость проекта',
  `total_num_char` int(11) NOT NULL COMMENT 'Кол-во знаков в проекте – суммарное кол-во знаков в проекте',
  `uniqueness` smallint(2) NOT NULL COMMENT 'Уникальность',
  `category_id` int(11) NOT NULL,
  `performer_login` varchar(256) NOT NULL COMMENT 'логин исполнителя(копирайтора)',
  `performer_pass` varchar(255) NOT NULL COMMENT 'пароль исполнителя, копирайтора',
  `status` tinyint(2) NOT NULL COMMENT 'статус проекта',
  `check_editor` tinyint(1) NOT NULL COMMENT 'включена ли проверка по полям для редактора',
  `check_copywriter` tinyint(1) NOT NULL COMMENT 'включена ли проверка по полям для копирайтора',
  `total_num_char_fact` int(11) NOT NULL COMMENT 'фактическое кол-во символов во всём проекте без пробелом и html',
  `count_texts` int(11) NOT NULL COMMENT 'кол-во заданий в проекте',
  `site` varchar(255) NOT NULL COMMENT 'сайт проекта',
  `upload_project_in_system` int(11) NOT NULL COMMENT 'Дата и время загрузки проекта в систему',
  `output_project_to_copy` int(11) NOT NULL COMMENT 'Дата и время выдачи проекта копирайтеру',
  `deadline_copy_to_redactor` int(11) NOT NULL COMMENT 'Дата сдачи проекта копирайтером редактору',
  `deadline_redactor_to_admin` int(11) NOT NULL COMMENT 'Дата сдачи проекта редактором администртору',
  `accept_project_admin` int(11) NOT NULL COMMENT 'Дата принятия проекта администратором',
  `tolerance` int(11) NOT NULL COMMENT 'допуск расстояния(проверка Расстояние между словами в ключевике)',
  `sickness` int(11) NOT NULL COMMENT 'тошнота(ри проверке на плоность вхождения ключей: будет параметр - предельно допустимый процент вхождения ключа)',
  `dopysk` int(11) NOT NULL COMMENT 'при проверке на кол-во текста должен учитываться допуск,значение в процентах от заданого кол-ва знаков',
  PRIMARY KEY (`id`),
  KEY `FK_tbl_project_tbl_category` (`category_id`)
) ENGINE=InnoDB  DEFAULT CHARSET=utf8 COMMENT='Описание задания' AUTO_INCREMENT=8 ;

--
-- Дамп данных таблицы `tbl_project`
--

INSERT INTO `tbl_project` (`id`, `title`, `type_job`, `description`, `deadline`, `price_th`, `total_cost`, `total_num_char`, `uniqueness`, `category_id`, `performer_login`, `performer_pass`, `status`, `check_editor`, `check_copywriter`, `total_num_char_fact`, `count_texts`, `site`, `upload_project_in_system`, `output_project_to_copy`, `deadline_copy_to_redactor`, `deadline_redactor_to_admin`, `accept_project_admin`, `tolerance`, `sickness`, `dopysk`) VALUES
(1, 'Импортирование задания из Леммы', 'основной тип работы', 'Задание на написания текстов для копирайтора по тетовой категории', 1354262400, 100, 10000, 20000, 95, 1, '47kinftl', 'p2ar', 1, 1, 1, 66, 2, 'somesite.com', 0, 0, 0, 0, 0, 0, 0, 0),
(2, 'Импортирование задания из Леммы', 'основной тип работы', 'Задание на написания текстов для копирайтора', 1354348800, 150, 12333, 10000, 95, 1, 'rl0h1xnzi', 'xhv', 1, 1, 1, 354, 2, '', 0, 0, 0, 0, 0, 0, 0, 0),
(3, 'Импортирование задания из Леммы', 'основной тип работы', 'Задание на написания текстов для копирайтора', 1356940800, 100, 50000, 10000, 95, 1, 'p9uogz7nv', 'o17', 3, 0, 1, 2994, 65, 'mysite.ru', 0, 1355937971, 0, 0, 0, 0, 0, 0),
(4, 'Тестовое задание7777', 'основной тип работы', 'sdfsdfsdfsdf', 1356940800, 250, 1000, 10000, 100, 6, '', '', 1, 1, 1, 0, 0, 'so_my_mesite.com', 1356386910, 0, 0, 0, 0, 5, 55, 2),
(5, 'Тестовое задание7777', 'основной тип работы', 'sdfsdfsdfsdf', 1356940800, 250, 1000, 10000, 100, 6, '4nxi', 'g1c', 1, 1, 1, 0, 5, 'so_my_mesite.com', 1356387667, 0, 0, 0, 0, 5, 55, 2),
(6, 'Импортирование задания из Леммы', 'основной тип работы', 'Задание на написания текстов для копирайтора', 1354262400, 100, 2000, 1234, 99, 1, '5yucxpze', 't1kz9c', 8, 1, 1, 535, 1, '', 1356389678, 1356423219, 0, 1356428879, 0, 1, 1, 2),
(7, 'Тестовое задание7777', 'sdfsdfsdf', 'sdfsdfsdfsdf', 1356940800, 250, 50000, 20000, 100, 6, '219x413er', 'xjh', 2, 1, 1, 0, 5, '', 1356505945, 0, 0, 0, 0, 11, 11, 11);

-- --------------------------------------------------------

--
-- Структура таблицы `tbl_project_users`
--

CREATE TABLE IF NOT EXISTS `tbl_project_users` (
  `project_id` int(11) NOT NULL COMMENT 'id проекта',
  `user_id` int(11) NOT NULL COMMENT 'id пользователя котор. подвязан к проекту',
  PRIMARY KEY (`project_id`,`user_id`)
) ENGINE=InnoDB DEFAULT CHARSET=utf8 COMMENT='таблица связей проекта с пользователями(админами,копирайтора';

--
-- Дамп данных таблицы `tbl_project_users`
--

INSERT INTO `tbl_project_users` (`project_id`, `user_id`) VALUES
(1, 1),
(1, 10),
(1, 18),
(2, 1),
(2, 10),
(2, 19),
(3, 10),
(3, 20),
(3, 21),
(5, 1),
(5, 10),
(5, 22),
(6, 1),
(6, 10),
(6, 23),
(7, 1),
(7, 10),
(7, 24);

-- --------------------------------------------------------

--
-- Структура таблицы `tbl_queue`
--

CREATE TABLE IF NOT EXISTS `tbl_queue` (
  `id` int(11) NOT NULL AUTO_INCREMENT,
  `check_id` int(11) NOT NULL COMMENT 'ID проверки',
  `text_id` int(11) NOT NULL COMMENT 'ID задания',
  `status` tinyint(4) NOT NULL COMMENT 'статус запроса на проверку',
  `response_id` int(11) NOT NULL COMMENT 'ID запущенного процесса проверки на удалён. сервере',
  `user_id` int(11) NOT NULL COMMENT 'под каким юзером запустили проверку',
  `import_var_id` int(11) NOT NULL COMMENT 'ID текстового поля, котор. проверяем',
  `result` tinyint(4) NOT NULL,
  PRIMARY KEY (`id`)
) ENGINE=MyISAM  DEFAULT CHARSET=utf8 COMMENT='очередь запросов на запуск проверок по текстам из задания' AUTO_INCREMENT=181 ;

--
-- Дамп данных таблицы `tbl_queue`
--

INSERT INTO `tbl_queue` (`id`, `check_id`, `text_id`, `status`, `response_id`, `user_id`, `import_var_id`, `result`) VALUES
(180, 9, 76, 2, 4439, 24, 4017, 1),
(179, 8, 76, 2, 4438, 24, 4017, 1),
(178, 7, 76, 2, 4437, 24, 4017, 2),
(177, 6, 76, 2, 4436, 24, 4017, 2),
(176, 5, 76, 2, 4435, 24, 4017, 1),
(175, 4, 76, 2, 4434, 24, 4017, 2),
(174, 3, 76, 2, 4433, 24, 4017, 1),
(173, 2, 76, 2, 4432, 24, 4017, 2),
(172, 1, 76, 2, 4431, 24, 4017, 1),
(171, 9, 76, 2, 4430, 24, 4016, 2),
(170, 8, 76, 2, 4429, 24, 4016, 1),
(169, 7, 76, 2, 4428, 24, 4016, 1),
(168, 6, 76, 2, 4427, 24, 4016, 1),
(167, 5, 76, 2, 4426, 24, 4016, 1),
(166, 4, 76, 2, 4425, 24, 4016, 1),
(165, 3, 76, 2, 4424, 24, 4016, 1),
(164, 2, 76, 2, 4423, 24, 4016, 2),
(163, 1, 76, 2, 4422, 24, 4016, 1),
(162, 9, 76, 2, 4421, 24, 4011, 2),
(161, 8, 76, 2, 4420, 24, 4011, 1),
(160, 7, 76, 2, 4419, 24, 4011, 2),
(159, 6, 76, 2, 4418, 24, 4011, 1),
(158, 5, 76, 2, 4417, 24, 4011, 2),
(157, 4, 76, 2, 4416, 24, 4011, 2),
(156, 3, 76, 2, 4415, 24, 4011, 1),
(155, 2, 76, 2, 4414, 24, 4011, 2),
(154, 1, 76, 2, 4413, 24, 4011, 1),
(153, 9, 76, 2, 4412, 24, 4010, 1),
(152, 8, 76, 2, 4411, 24, 4010, 1),
(151, 7, 76, 2, 4410, 24, 4010, 1),
(150, 6, 76, 2, 4409, 24, 4010, 1),
(149, 5, 76, 2, 4408, 24, 4010, 2),
(148, 4, 76, 2, 4407, 24, 4010, 2),
(147, 3, 76, 2, 4406, 24, 4010, 1),
(146, 2, 76, 2, 4405, 24, 4010, 1),
(145, 1, 76, 2, 4404, 24, 4010, 1),
(144, 9, 76, 2, 4403, 24, 4009, 1),
(143, 8, 76, 2, 4402, 24, 4009, 2),
(142, 7, 76, 2, 4401, 24, 4009, 1),
(141, 6, 76, 2, 4400, 24, 4009, 2),
(140, 5, 76, 2, 4399, 24, 4009, 2),
(139, 4, 76, 2, 4398, 24, 4009, 2),
(138, 3, 76, 2, 4397, 24, 4009, 1),
(137, 2, 76, 2, 4396, 24, 4009, 1),
(136, 1, 76, 2, 4395, 24, 4009, 2),
(135, 9, 76, 2, 4394, 24, 4008, 2),
(134, 8, 76, 2, 4393, 24, 4008, 1),
(133, 7, 76, 2, 4392, 24, 4008, 1),
(132, 6, 76, 2, 4391, 24, 4008, 2),
(131, 5, 76, 2, 4390, 24, 4008, 1),
(130, 4, 76, 2, 4389, 24, 4008, 2),
(129, 3, 76, 2, 4388, 24, 4008, 2),
(128, 2, 76, 2, 4387, 24, 4008, 2),
(127, 1, 76, 2, 4386, 24, 4008, 1),
(126, 9, 76, 2, 4385, 24, 4015, 1),
(125, 8, 76, 2, 4384, 24, 4015, 2),
(124, 7, 76, 2, 4383, 24, 4015, 1),
(123, 6, 76, 2, 4382, 24, 4015, 2),
(122, 5, 76, 2, 4381, 24, 4015, 2),
(121, 4, 76, 2, 4380, 24, 4015, 2),
(120, 3, 76, 2, 4379, 24, 4015, 2),
(119, 2, 76, 2, 4378, 24, 4015, 1),
(118, 1, 76, 2, 4377, 24, 4015, 1),
(117, 9, 76, 2, 4376, 24, 4014, 2),
(116, 8, 76, 2, 4375, 24, 4014, 2),
(115, 7, 76, 2, 4374, 24, 4014, 1),
(114, 6, 76, 2, 4373, 24, 4014, 2),
(113, 5, 76, 2, 4372, 24, 4014, 1),
(112, 4, 76, 2, 4371, 24, 4014, 2),
(111, 3, 76, 2, 4370, 24, 4014, 2),
(110, 2, 76, 2, 4369, 24, 4014, 1),
(109, 1, 76, 2, 4368, 24, 4014, 2),
(108, 9, 76, 2, 4367, 24, 4012, 1),
(107, 8, 76, 2, 4366, 24, 4012, 1),
(106, 7, 76, 2, 4365, 24, 4012, 2),
(105, 6, 76, 2, 4364, 24, 4012, 2),
(104, 5, 76, 2, 4363, 24, 4012, 1),
(103, 4, 76, 2, 4362, 24, 4012, 2),
(102, 3, 76, 2, 4361, 24, 4012, 1),
(101, 2, 76, 2, 4360, 24, 4012, 1),
(100, 1, 76, 2, 4359, 24, 4012, 1),
(99, 9, 76, 2, 4358, 24, 4013, 2),
(98, 8, 76, 2, 4357, 24, 4013, 1),
(97, 7, 76, 2, 4356, 24, 4013, 1),
(96, 6, 76, 2, 4355, 24, 4013, 1),
(95, 5, 76, 2, 4354, 24, 4013, 1),
(94, 4, 76, 2, 4353, 24, 4013, 2),
(93, 3, 76, 2, 4352, 24, 4013, 2),
(92, 2, 76, 2, 4351, 24, 4013, 1),
(91, 1, 76, 2, 4350, 24, 4013, 1);

-- --------------------------------------------------------

--
-- Структура таблицы `tbl_text`
--

CREATE TABLE IF NOT EXISTS `tbl_text` (
  `id` int(11) NOT NULL AUTO_INCREMENT,
  `project_id` int(11) NOT NULL COMMENT 'к какому проекту подвязан текст, id проекта',
  `status` tinyint(2) NOT NULL COMMENT 'статус текста',
  `num` int(11) NOT NULL COMMENT 'номер текста по порядку, в пределах проекта',
  PRIMARY KEY (`id`)
) ENGINE=MyISAM  DEFAULT CHARSET=utf8 COMMENT='тексты, которые необходимо написать копирайтору при создании' AUTO_INCREMENT=81 ;

--
-- Дамп данных таблицы `tbl_text`
--

INSERT INTO `tbl_text` (`id`, `project_id`, `status`, `num`) VALUES
(1, 1, 1, 1),
(2, 1, -1, 2),
(3, 2, 4, 1),
(4, 2, 3, 2),
(5, 3, 2, 1),
(6, 3, 4, 2),
(7, 3, -1, 3),
(8, 3, -1, 4),
(9, 3, -1, 5),
(10, 3, -1, 6),
(11, 3, -1, 7),
(12, 3, -1, 8),
(13, 3, -1, 9),
(14, 3, -1, 10),
(15, 3, -1, 11),
(16, 3, -1, 12),
(17, 3, -1, 13),
(18, 3, -1, 14),
(19, 3, -1, 15),
(20, 3, -1, 16),
(21, 3, -1, 17),
(22, 3, -1, 18),
(23, 3, -1, 19),
(24, 3, -1, 20),
(25, 3, -1, 21),
(26, 3, -1, 22),
(27, 3, -1, 23),
(28, 3, -1, 24),
(29, 3, -1, 25),
(30, 3, -1, 26),
(31, 3, -1, 27),
(32, 3, -1, 28),
(33, 3, -1, 29),
(34, 3, -1, 30),
(35, 3, -1, 31),
(36, 3, -1, 32),
(37, 3, -1, 33),
(38, 3, -1, 34),
(39, 3, -1, 35),
(40, 3, -1, 36),
(41, 3, -1, 37),
(42, 3, -1, 38),
(43, 3, -1, 39),
(44, 3, -1, 40),
(45, 3, -1, 41),
(46, 3, -1, 42),
(47, 3, -1, 43),
(48, 3, -1, 44),
(49, 3, -1, 45),
(50, 3, -1, 46),
(51, 3, -1, 47),
(52, 3, -1, 48),
(53, 3, -1, 49),
(54, 3, -1, 50),
(55, 3, -1, 51),
(56, 3, -1, 52),
(57, 3, -1, 53),
(58, 3, -1, 54),
(59, 3, -1, 55),
(60, 3, -1, 56),
(61, 3, -1, 57),
(62, 3, -1, 58),
(63, 3, -1, 59),
(64, 3, -1, 60),
(65, 3, -1, 61),
(66, 3, -1, 62),
(67, 3, -1, 63),
(68, 3, -1, 64),
(69, 3, -1, 65),
(70, 5, 1, 1),
(71, 5, -1, 2),
(72, 5, -1, 3),
(73, 5, -1, 4),
(74, 5, -1, 5),
(75, 6, 6, 1),
(76, 7, 1, 1),
(77, 7, -1, 2),
(78, 7, -1, 3),
(79, 7, -1, 4),
(80, 7, -1, 5);

-- --------------------------------------------------------

--
-- Структура таблицы `tbl_text_data`
--

CREATE TABLE IF NOT EXISTS `tbl_text_data` (
  `id` int(11) NOT NULL AUTO_INCREMENT,
  `import_var_id` int(11) NOT NULL COMMENT 'ID переменной из импорта',
  `import_var_value` text NOT NULL COMMENT 'значение для переменной импорта',
  `text_id` int(11) NOT NULL COMMENT 'id текста, к которому подвязаные входящие данные для напис. текста',
  PRIMARY KEY (`id`)
) ENGINE=MyISAM  DEFAULT CHARSET=utf8 COMMENT='исходные переменные для написания текстов копирайтором, подв' AUTO_INCREMENT=5787 ;

--
-- Дамп данных таблицы `tbl_text_data`
--

INSERT INTO `tbl_text_data` (`id`, `import_var_id`, `import_var_value`, `text_id`) VALUES
(1, 1, 'фильтры для умягчения воды', 1),
(2, 2, '', 1),
(3, 3, 'Фильтр умягчение', 1),
(4, 4, 'filtr_umyagchenie', 1),
(5, 5, 'фильтр умягчение', 1),
(6, 6, '', 1),
(7, 7, '', 1),
(8, 8, '', 1),
(9, 9, '', 1),
(10, 10, '', 1),
(11, 11, '', 1),
(12, 12, '', 1),
(13, 13, '', 1),
(14, 14, '', 1),
(15, 15, 'фильтр умягчение', 1),
(16, 16, '', 1),
(17, 17, '', 1),
(18, 18, '', 1),
(19, 19, '', 1),
(20, 20, '', 1),
(21, 21, '', 1),
(22, 1, 'фильтра для очистки и умягчения водопроводной воды', 1),
(23, 1, 'поликарбонатные фильтра для умягчения воды', 1),
(24, 1, 'магистральные фильтры для умягчения воды', 1),
(25, 1, 'фильтры для очистки воды кухня умягчение', 1),
(26, 1, 'фильтр барьер умягчение воды', 1),
(27, 1, 'фильтры для умягчения мягкой воды', 1),
(28, 1, 'фильтры керамические для умягчения воды', 1),
(29, 1, 'фильтры для умягчения воды фотон', 1),
(30, 1, 'фильтры для умягчения воды в казани', 1),
(31, 1, 'как установить фильтр умягчения воды', 1),
(32, 1, 'дешевый фильтр для умягчения воды', 1),
(33, 1, 'водяные фильтры для умягчения воды', 1),
(34, 1, 'продам фильтр для умягчения воды', 1),
(35, 1, 'фильтр для очистки и умягчения воды', 1),
(36, 1, 'фильтры для воды умягчение воды', 1),
(37, 1, 'фильтры для умягчения воды в армении', 1),
(38, 1, 'фильтр умягчение', 1),
(39, 1, 'фильтра по доочистки и умягчению воды для 3м ч', 1),
(40, 1, 'фильтры на умягчение воды американские', 1),
(41, 1, 'умягчение воды фильтр умягчения воды для вас', 1),
(42, 1, 'фильтр для воды нитраты умягчение', 1),
(43, 1, 'умягчение и очистка воды', 1),
(44, 1, 'аппарат для очистки и умягчения воды', 1),
(45, 1, 'очистка и умягчение воды очистка воды', 1),
(46, 1, 'очистка воды умягчение', 1),
(47, 1, 'очистка воды умягчение воды', 1),
(48, 1, 'умягчение очистка от хлора', 1),
(49, 1, 'чем отличается очистка от умягчения воды', 1),
(50, 1, 'ультрафильтр для очистки и умягчения воды', 1),
(51, 1, 'очистки умягчение', 1),
(52, 1, 'очистка воды от нитратов и умягчение', 1),
(53, 1, 'схема очистки воды умягчение воды', 2),
(54, 2, '', 2),
(55, 3, 'Схема умягчения воды', 2),
(56, 4, 'skhema_umyagcheniya_vody', 2),
(57, 5, 'схема умягчения воды', 2),
(58, 6, '', 2),
(59, 7, '', 2),
(60, 8, '', 2),
(61, 9, '', 2),
(62, 10, '', 2),
(63, 11, '', 2),
(64, 12, '', 2),
(65, 13, '', 2),
(66, 14, '', 2),
(67, 15, 'схема умягчения воды', 2),
(68, 16, '', 2),
(69, 17, '', 2),
(70, 18, '', 2),
(71, 19, '', 2),
(72, 20, '', 2),
(73, 21, '', 2),
(74, 1, 'умягчение воды технологические схемы', 2),
(75, 1, 'двухступенчатая схема умягчения воды избыточным количеством извести', 2),
(76, 1, 'двухступенчатая схема умягчении воды', 2),
(77, 1, 'схемы системы умягчения воды', 2),
(78, 1, 'схемы установки умягчения воды', 2),
(79, 1, 'схема умягчения воды', 2),
(80, 1, 'умягчения воды по одноступенчатой схеме', 2),
(81, 1, 'установка умягчения воды схема работы', 2),
(82, 1, 'технологическая схема системы умягчения воды', 2),
(83, 1, 'фильтр умягчения воды схема сборки', 2),
(84, 1, 'схема системы умягчения', 2),
(85, 1, 'монтажная схема умягчения воды', 2),
(86, 1, 'схемы установки системы умягчения воды', 2),
(87, 1, 'схема расключения установки умягчения воды', 2),
(88, 1, 'схема установки фильтра умягчения воды', 2),
(89, 1, 'схема установки установок умягчения воды', 2),
(90, 1, 'схема обвязки установки умягчения воды', 2),
(91, 1, 'технологическая схема установки умягчения', 2),
(92, 1, 'установка умягчения схема', 2),
(93, 1, 'схема бака установки умягчения', 2),
(94, 1, 'схема подключения умягчения воды', 2),
(95, 1, 'принципиальная схема умягчения воды', 2),
(96, 1, 'умягчение технологической воды', 2),
(193, 1, 'фильтры для умягчения воды', 5),
(98, 2, '', 3),
(99, 3, 'Фильтр умягчение', 3),
(100, 4, 'filtr_umyagchenie', 3),
(101, 5, 'фильтр умягчение', 3),
(102, 6, 'вапавп', 3),
(103, 7, '<p>&nbsp;sd sg вап ва пв ва<br></p>', 3),
(104, 8, '<p>&nbsp;вы апыв а пвыап выап выпвыпвпаа вап<br></p>', 3),
(105, 9, '<p>&nbsp;выапвы вы gds gsd gd gd df g<br></p>', 3),
(106, 10, 'авпв вапв апв', 3),
(107, 11, 'впава', 3),
(108, 12, 'вапвап', 3),
(109, 13, 'вапвап', 3),
(110, 14, 'вапвап', 3),
(111, 15, 'фильтр умягчение', 3),
(112, 16, 'вапвап', 3),
(113, 17, 'вапвап', 3),
(114, 18, 'вапвап', 3),
(115, 19, 'вапвап', 3),
(116, 20, 'вапвап', 3),
(117, 21, 'вапвап', 3),
(118, 1, 'фильтра для очистки и умягчения водопроводной воды', 3),
(119, 1, 'поликарбонатные фильтра для умягчения воды', 3),
(120, 1, 'магистральные фильтры для умягчения воды', 3),
(121, 1, 'фильтры для очистки воды кухня умягчение', 3),
(122, 1, 'фильтр барьер умягчение воды', 3),
(123, 1, 'фильтры для умягчения мягкой воды', 3),
(124, 1, 'фильтры керамические для умягчения воды', 3),
(125, 1, 'фильтры для умягчения воды фотон', 3),
(126, 1, 'фильтры для умягчения воды в казани', 3),
(127, 1, 'как установить фильтр умягчения воды', 3),
(128, 1, 'дешевый фильтр для умягчения воды', 3),
(129, 1, 'водяные фильтры для умягчения воды', 3),
(130, 1, 'продам фильтр для умягчения воды', 3),
(131, 1, 'фильтр для очистки и умягчения воды', 3),
(132, 1, 'фильтры для воды умягчение воды', 3),
(133, 1, 'фильтры для умягчения воды в армении', 3),
(134, 1, 'фильтр умягчение', 3),
(135, 1, 'фильтра по доочистки и умягчению воды для 3м ч', 3),
(136, 1, 'фильтры на умягчение воды американские', 3),
(137, 1, 'умягчение воды фильтр умягчения воды для вас', 3),
(138, 1, 'фильтр для воды нитраты умягчение', 3),
(139, 1, 'умягчение и очистка воды', 3),
(140, 1, 'аппарат для очистки и умягчения воды', 3),
(141, 1, 'очистка и умягчение воды очистка воды', 3),
(142, 1, 'очистка воды умягчение', 3),
(143, 1, 'очистка воды умягчение воды', 3),
(144, 1, 'умягчение очистка от хлора', 3),
(145, 1, 'чем отличается очистка от умягчения воды', 3),
(146, 1, 'ультрафильтр для очистки и умягчения воды', 3),
(147, 1, 'очистки умягчение', 3),
(148, 1, 'очистка воды от нитратов и умягчение', 3),
(149, 1, 'схема очистки воды умягчение воды', 4),
(150, 2, '', 4),
(151, 3, 'Схема умягчения воды', 4),
(152, 4, 'skhema_umyagcheniya_vody', 4),
(153, 5, 'схема умягчения воды', 4),
(154, 6, '', 4),
(155, 7, '', 4),
(156, 8, '', 4),
(157, 9, '', 4),
(158, 10, '', 4),
(159, 11, '', 4),
(160, 12, '', 4),
(161, 13, 'sdfsdfsdf', 4),
(162, 14, '', 4),
(163, 15, 'схема умягчения воды', 4),
(164, 16, '', 4),
(165, 17, '', 4),
(166, 18, '', 4),
(167, 19, '', 4),
(168, 20, '', 4),
(169, 21, '', 4),
(170, 1, 'умягчение воды технологические схемы', 4),
(171, 1, 'двухступенчатая схема умягчения воды избыточным количеством извести', 4),
(172, 1, 'двухступенчатая схема умягчении воды', 4),
(173, 1, 'схемы системы умягчения воды', 4),
(174, 1, 'схемы установки умягчения воды', 4),
(175, 1, 'схема умягчения воды', 4),
(176, 1, 'умягчения воды по одноступенчатой схеме', 4),
(177, 1, 'установка умягчения воды схема работы', 4),
(178, 1, 'технологическая схема системы умягчения воды', 4),
(179, 1, 'фильтр умягчения воды схема сборки', 4),
(180, 1, 'схема системы умягчения', 4),
(181, 1, 'монтажная схема умягчения воды', 4),
(182, 1, 'схемы установки системы умягчения воды', 4),
(183, 1, 'схема расключения установки умягчения воды', 4),
(184, 1, 'схема установки фильтра умягчения воды', 4),
(185, 1, 'схема установки установок умягчения воды', 4),
(186, 1, 'схема обвязки установки умягчения воды', 4),
(187, 1, 'технологическая схема установки умягчения', 4),
(188, 1, 'установка умягчения схема', 4),
(189, 1, 'схема бака установки умягчения', 4),
(190, 1, 'схема подключения умягчения воды', 4),
(191, 1, 'принципиальная схема умягчения воды', 4),
(192, 1, 'умягчение технологической воды', 4),
(194, 2, '', 5),
(195, 3, 'Фильтр умягчение', 5),
(196, 4, 'filtr_umyagchenie', 5),
(197, 5, 'фильтр умягчение', 5),
(198, 6, 'sdfsdf', 5),
(199, 7, '<p><br>sdfsdf</p>', 5),
(200, 8, '<p><br>dfsd</p>', 5),
(201, 9, '<p><br>dsfsdf</p>', 5),
(202, 10, 'ddd', 5),
(203, 11, 'ddd', 5),
(204, 12, 'ff', 5),
(205, 13, 'sdfsdf', 5),
(206, 14, 'sfff', 5),
(207, 15, 'фильтр умягчение', 5),
(208, 16, 'ggg', 5),
(209, 17, 'ddd', 5),
(210, 18, 'ffff', 5),
(211, 19, 'ss', 5),
(212, 20, 'dd', 5),
(213, 21, 'gg', 5),
(214, 1, 'фильтра для очистки и умягчения водопроводной воды', 5),
(215, 1, 'поликарбонатные фильтра для умягчения воды', 5),
(216, 1, 'магистральные фильтры для умягчения воды', 5),
(217, 1, 'фильтры для очистки воды кухня умягчение', 5),
(218, 1, 'фильтр барьер умягчение воды', 5),
(219, 1, 'фильтры для умягчения мягкой воды', 5),
(220, 1, 'фильтры керамические для умягчения воды', 5),
(221, 1, 'фильтры для умягчения воды фотон', 5),
(222, 1, 'фильтры для умягчения воды в казани', 5),
(223, 1, 'как установить фильтр умягчения воды', 5),
(224, 1, 'дешевый фильтр для умягчения воды', 5),
(225, 1, 'водяные фильтры для умягчения воды', 5),
(226, 1, 'продам фильтр для умягчения воды', 5),
(227, 1, 'фильтр для очистки и умягчения воды', 5),
(228, 1, 'фильтры для воды умягчение воды', 5),
(229, 1, 'фильтры для умягчения воды в армении', 5),
(230, 1, 'фильтр умягчение', 5),
(231, 1, 'фильтра по доочистки и умягчению воды для 3м ч', 5),
(232, 1, 'фильтры на умягчение воды американские', 5),
(233, 1, 'умягчение воды фильтр умягчения воды для вас', 5),
(234, 1, 'фильтр для воды нитраты умягчение', 5),
(235, 1, 'умягчение и очистка воды', 5),
(236, 1, 'аппарат для очистки и умягчения воды', 5),
(237, 1, 'очистка и умягчение воды очистка воды', 5),
(238, 1, 'очистка воды умягчение', 5),
(239, 1, 'очистка воды умягчение воды', 5),
(240, 1, 'умягчение очистка от хлора', 5),
(241, 1, 'чем отличается очистка от умягчения воды', 5),
(242, 1, 'ультрафильтр для очистки и умягчения воды', 5),
(243, 1, 'очистки умягчение', 5),
(244, 1, 'очистка воды от нитратов и умягчение', 5),
(245, 1, 'схема очистки воды умягчение воды', 6),
(246, 2, '', 6),
(247, 3, 'Схема умягчения воды', 6),
(248, 4, 'skhema_umyagcheniya_vody', 6),
(249, 5, 'схема умягчения воды', 6),
(250, 6, '', 6),
(251, 7, '', 6),
(252, 8, '', 6),
(253, 9, '', 6),
(254, 10, '', 6),
(255, 11, '', 6),
(256, 12, '', 6),
(257, 13, '', 6),
(258, 14, '', 6),
(259, 15, 'схема умягчения воды', 6),
(260, 16, '', 6),
(261, 17, '', 6),
(262, 18, '', 6),
(263, 19, '', 6),
(264, 20, '', 6),
(265, 21, '', 6),
(266, 1, 'умягчение воды технологические схемы', 6),
(267, 1, 'двухступенчатая схема умягчения воды избыточным количеством извести', 6),
(268, 1, 'двухступенчатая схема умягчении воды', 6),
(269, 1, 'схемы системы умягчения воды', 6),
(270, 1, 'схемы установки умягчения воды', 6),
(271, 1, 'схема умягчения воды', 6),
(272, 1, 'умягчения воды по одноступенчатой схеме', 6),
(273, 1, 'установка умягчения воды схема работы', 6),
(274, 1, 'технологическая схема системы умягчения воды', 6),
(275, 1, 'фильтр умягчения воды схема сборки', 6),
(276, 1, 'схема системы умягчения', 6),
(277, 1, 'монтажная схема умягчения воды', 6),
(278, 1, 'схемы установки системы умягчения воды', 6),
(279, 1, 'схема расключения установки умягчения воды', 6),
(280, 1, 'схема установки фильтра умягчения воды', 6),
(281, 1, 'схема установки установок умягчения воды', 6),
(282, 1, 'схема обвязки установки умягчения воды', 6),
(283, 1, 'технологическая схема установки умягчения', 6),
(284, 1, 'установка умягчения схема', 6),
(285, 1, 'схема бака установки умягчения', 6),
(286, 1, 'схема подключения умягчения воды', 6),
(287, 1, 'принципиальная схема умягчения воды', 6),
(288, 1, 'умягчение технологической воды', 6),
(289, 1, 'оборудование промышленного умягчения воды', 7),
(290, 2, '', 7),
(291, 3, 'Промышленное умягчение воды', 7),
(292, 4, 'promyshlennoe_umyagchenie_vody', 7),
(293, 5, 'промышленное умягчение воды', 7),
(294, 6, '', 7),
(295, 7, '', 7),
(296, 8, '', 7),
(297, 9, '', 7),
(298, 10, '', 7),
(299, 11, '', 7),
(300, 12, '', 7),
(301, 13, '', 7),
(302, 14, '', 7),
(303, 15, 'промышленное умягчение воды', 7),
(304, 16, '', 7),
(305, 17, '', 7),
(306, 18, '', 7),
(307, 19, '', 7),
(308, 20, '', 7),
(309, 21, '', 7),
(310, 1, 'умягчение воды в промышленных отопительных котельных', 7),
(311, 1, 'установки умягчения воды промышленные', 7),
(312, 1, 'промышленные системы водоподготовки умягчения воды', 7),
(313, 1, 'промышленные системы умягчения воды', 7),
(314, 1, 'промышленное умягчение питьевой воды', 7),
(315, 1, 'промышленное умягчение воды', 7),
(316, 1, 'промышленная очистка воды умягчение обезжелезивание', 7),
(317, 1, 'промышленная установка умягчения воды официальный дилер венгрия', 7),
(318, 1, 'промышленная установка умягчения воды схема подключения', 7),
(319, 1, 'промышленные системы умягчения и очистки воды', 7),
(320, 1, 'промышленные станции умягчения воды', 7),
(321, 1, 'промышленные фильтры для умягчения воды', 7),
(322, 1, 'фильтры для воды промышленная водоподготовка очистка воды обеззараживание умягчение', 7),
(323, 1, 'промышленные установки для умягчения питьевой воды', 7),
(324, 1, 'промышленный осмос умягчитель умягчение', 7),
(325, 1, 'установка умягчения воды промышленные схема', 7),
(326, 1, 'промышленные умягчение воды схема', 7),
(327, 1, 'купить промышленные фильтры умягчения воды', 7),
(328, 1, 'средство для промышленного умягчения воды', 7),
(329, 1, 'цены на промышленные установки умягчения воды', 7),
(330, 1, 'станций умягчения воды в промышленности', 7),
(331, 1, 'модульные установки очистки и умягчения технической воды в промышленности', 7),
(332, 1, 'инги для умягчения оборотных вод в промышленности', 7),
(333, 1, 'установка для умягчения воды молочной промышленности', 7),
(334, 1, 'умягчение производственной воды теория', 7),
(335, 1, 'станция для очистки и умягчения воды производственные', 7),
(336, 1, 'установка очистки и умягчения воды производственные', 7),
(337, 1, 'необходимость умягчения и обессоливания воды на промпредприятиях', 7),
(338, 1, 'установка умягчения воды', 8),
(339, 2, '', 8),
(340, 3, 'Установки умягчения', 8),
(341, 4, 'ustanovki_umyagcheniya', 8),
(342, 5, 'установки умягчения', 8),
(343, 6, '', 8),
(344, 7, '', 8),
(345, 8, '', 8),
(346, 9, '', 8),
(347, 10, '', 8),
(348, 11, '', 8),
(349, 12, '', 8),
(350, 13, '', 8),
(351, 14, '', 8),
(352, 15, 'установки умягчения', 8),
(353, 16, '', 8),
(354, 17, '', 8),
(355, 18, '', 8),
(356, 19, '', 8),
(357, 20, '', 8),
(358, 21, '', 8),
(359, 1, 'режимная карта установки умягчения воды', 8),
(360, 1, 'таблетки солевые для установок умягчения воды', 8),
(361, 1, 'малогабаритная установка умягчения воды', 8),
(362, 1, 'установка умягчения воды италия', 8),
(363, 1, 'конвертер воды установки умягчения воды', 8),
(364, 1, 'установка умягчения воды rox', 8),
(365, 1, 'установка умягчения воды своими руками', 8),
(366, 1, 'водоподготовительные установки предназначены для подготовки умягчения воды', 8),
(367, 1, 'малогабаритные установки для умягчения и обезжелезивания воды', 8),
(368, 1, 'производит установки умягчения воды фип', 8),
(369, 1, 'профессиональная установка по умягчению воды', 8),
(370, 1, 'умягчение воды обратноосмотической установкой', 8),
(371, 1, 'установка для умягчения воды нвр', 8),
(372, 1, 'установка умягчения воды бухучет', 8),
(373, 1, 'установка умягчения воды для парогенераторной установки', 8),
(374, 1, 'установка умягчения воды моноблочная', 8),
(375, 1, 'установки очистка воды умягчение обезжелезивание', 8),
(376, 1, 'установки по обезжелезиванию и умягчению воды', 8),
(377, 1, 'установки умягчения воды для хладокомбинатов', 8),
(378, 1, 'выбор установки умягчения воды', 8),
(379, 1, 'ограничитель уровня воды установка для умягчения', 8),
(380, 1, 'установка системы умягчения воды', 8),
(381, 1, 'установки умягчения', 8),
(382, 1, 'количество промывок установки умягчения', 8),
(383, 1, 'для чего нужна установка умягчения', 8),
(384, 1, 'автоматизированная установки умягчения воды', 8),
(385, 1, 'фильтр для умягчения и обезжелезивания воды', 9),
(386, 2, '', 9),
(387, 3, 'Воды умягчение обезжелезивание', 9),
(388, 4, 'vody_umyagchenie_obezzhelezivanie', 9),
(389, 5, 'воды умягчение обезжелезивание', 9),
(390, 6, '', 9),
(391, 7, '', 9),
(392, 8, '', 9),
(393, 9, '', 9),
(394, 10, '', 9),
(395, 11, '', 9),
(396, 12, '', 9),
(397, 13, '', 9),
(398, 14, '', 9),
(399, 15, 'воды умягчение обезжелезивание', 9),
(400, 16, '', 9),
(401, 17, '', 9),
(402, 18, '', 9),
(403, 19, '', 9),
(404, 20, '', 9),
(405, 21, '', 9),
(406, 1, 'анаэробная очистка воды умягчение обезжелезивание', 9),
(407, 1, 'водопроводной очистка воды умягчение обезжелезивание', 9),
(408, 1, 'воды умягчение обезжелезивание', 9),
(409, 1, 'гальванических вод очистка воды умягчение обезжелезивание', 9),
(410, 1, 'грубая очистка воды умягчение обезжелезивание', 9),
(411, 1, 'замораживанием очистка воды умягчение обезжелезивание', 9),
(412, 1, 'ливневых вод очистка воды умягчение обезжелезивание', 9),
(413, 1, 'мембранная очистка воды умягчение обезжелезивание', 9),
(414, 1, 'обезжелезивание и умягчение воды', 9),
(415, 1, 'обезжелезивание умягчение очистка воды фильтры', 9),
(416, 1, 'одновременного обезжелезивания и умягчения воды на', 9),
(417, 1, 'очистка воды умягчение обезжелезивание', 9),
(418, 1, 'очистка воды умягчение обезжелезивание дождевых вод', 9),
(419, 1, 'очистка воды умягчение обезжелезивание кувшин', 9),
(420, 1, 'очистка воды умягчение обезжелезивание недорого', 9),
(421, 1, 'очистка воды умягчение обезжелезивание нефтесодержащей', 9),
(422, 1, 'очистка воды умягчение обезжелезивание поверхностных', 9),
(423, 1, 'очистка воды умягчение обезжелезивание предложение', 9),
(424, 1, 'очистка воды умягчение обезжелезивание хлором', 9),
(425, 1, 'очистка воды умягчение обезжелезивание чистое', 9),
(426, 1, 'плазмой очистка воды умягчение обезжелезивание', 9),
(427, 1, 'россия очистка воды умягчение обезжелезивание', 9),
(428, 1, 'тонкая очистка воды умягчение обезжелезивание', 9),
(429, 1, 'шахтных очистка воды умягчение обезжелезивание', 9),
(430, 1, 'экотехнологии очистка воды умягчение обезжелезивание', 9),
(431, 1, 'системы умягчения воды', 10),
(432, 2, '', 10),
(433, 3, 'Системы умягчения', 10),
(434, 4, 'sistemy_umyagcheniya', 10),
(435, 5, 'системы умягчения', 10),
(436, 6, '', 10),
(437, 7, '', 10),
(438, 8, '', 10),
(439, 9, '', 10),
(440, 10, '', 10),
(441, 11, '', 10),
(442, 12, '', 10),
(443, 13, '', 10),
(444, 14, '', 10),
(445, 15, 'системы умягчения', 10),
(446, 16, '', 10),
(447, 17, '', 10),
(448, 18, '', 10),
(449, 19, '', 10),
(450, 20, '', 10),
(451, 21, '', 10),
(452, 1, 'система умягчения и фильтрации воды', 10),
(453, 1, 'система умягчения воды и обезжелезивание', 10),
(454, 1, 'система очистки и умягчения воды', 10),
(455, 1, 'напорные системы обезжелезивания и умягчения воды', 10),
(456, 1, 'фильтры для воды системы очистки фильтр умягчения воды', 10),
(457, 1, 'мануал контроллера для системы умягчения воды', 10),
(458, 1, 'система умягчения воды моноблок', 10),
(459, 1, 'система умягчения воды из германии', 10),
(460, 1, 'неисправности системы умягчения воды', 10),
(461, 1, 'водоснабжение системы умягчения воды', 10),
(462, 1, 'высокоэффективная система для умягчения воды', 10),
(463, 1, 'очистка воды умягчение обезжелезивание системы', 10),
(464, 1, 'система очистки воды умягчение', 10),
(465, 1, 'система умягчения воды 12м3 ч', 10),
(466, 1, 'система умягчения воды и удаления железа', 10),
(467, 1, 'система умягчения воды медиана фильтр', 10),
(468, 1, 'система умягчения сетевой воды', 10),
(469, 1, 'системы умягчения воды и удаления растворенного железа', 10),
(470, 1, 'умягчение система умягчения воды', 10),
(471, 1, 'зарубежные системы умягчения воды', 10),
(472, 1, 'горькая вода система умягчения сероводород', 10),
(473, 1, 'система умягчения воды и слив ее в септик', 10),
(474, 1, 'кварцевый песок в систему умягчения', 10),
(475, 1, 'системы умягчения', 10),
(476, 1, 'регенерация натрий катионитовых фильтров для умягчения воды', 11),
(477, 2, '', 11),
(478, 3, 'Умягчение воды катионитами', 11),
(479, 4, 'umyagchenie_vody_kationitami', 11),
(480, 5, 'умягчение воды катионитами', 11),
(481, 6, '', 11),
(482, 7, '', 11),
(483, 8, '', 11),
(484, 9, '', 11),
(485, 10, '', 11),
(486, 11, '', 11),
(487, 12, '', 11),
(488, 13, '', 11),
(489, 14, '', 11),
(490, 15, 'умягчение воды катионитами', 11),
(491, 16, '', 11),
(492, 17, '', 11),
(493, 18, '', 11),
(494, 19, '', 11),
(495, 20, '', 11),
(496, 21, '', 11),
(497, 1, 'схема катионитовой установки по умягчению воды', 11),
(498, 1, 'умягчение воды на н катионитовом фильтре', 11),
(499, 1, 'умягчение воды на натрий катионитовых фильтрах', 11),
(500, 1, 'умягчению воды регенерация катионитовых фильтров', 11),
(501, 1, 'принципиальная схема двухступенчатого натрий катионитового умягчения воды', 11),
(502, 1, 'схема установки натрий катионитового умягчения воды', 11),
(503, 1, 'умягчение воды катионит емкость', 11),
(504, 1, 'умягчение обессоливание воды катионитами', 11),
(505, 1, 'схемы для умягчение воды катионитами', 11),
(506, 1, 'загрузка катионита в установку умягчения', 11),
(507, 1, 'умягчение воды катионитами', 11),
(508, 1, 'аппараты и установки для умягчения воды аммоний катионированием', 11),
(509, 1, 'умягчение воды катионированием', 11),
(510, 1, 'умягчение воды натрий катионированием', 11),
(511, 1, 'калий катионное умягчение воды', 11),
(512, 1, 'катионный обмен при умягчении воды', 11),
(513, 1, 'катионообменная смола для умягчения воды купить', 11),
(514, 1, 'ионообменное умягчение воды на сильнокислотных катионообменных смолах', 11),
(515, 1, 'калий катионитное умягчение воды', 11),
(516, 1, 'схема катионовая установка для умягчения воды', 11),
(517, 1, 'натрий катионирование для умягчения воды', 11),
(518, 1, 'фильтры для умягчения воды магнитные карты', 12),
(519, 2, '', 12),
(520, 3, 'Магнит умягчение воды', 12),
(521, 4, 'magnit_umyagchenie_vody', 12),
(522, 5, 'магнит умягчение воды', 12),
(523, 6, '', 12),
(524, 7, '', 12),
(525, 8, '', 12),
(526, 9, '', 12),
(527, 10, '', 12),
(528, 11, '', 12),
(529, 12, '', 12),
(530, 13, '', 12),
(531, 14, '', 12),
(532, 15, 'магнит умягчение воды', 12),
(533, 16, '', 12),
(534, 17, '', 12),
(535, 18, '', 12),
(536, 19, '', 12),
(537, 20, '', 12),
(538, 21, '', 12),
(539, 1, 'умягчение воды магнитный', 12),
(540, 1, 'бытовые магнитные системы умягчения воды', 12),
(541, 1, 'водоснабжение бытовые магнитные системы умягчения воды', 12),
(542, 1, 'водоснабжение магнитные системы умягчения воды', 12),
(543, 1, 'магнитное умягчение воды мавр', 12),
(544, 1, 'магнитные преобразователи для умягчения воды', 12),
(545, 1, 'магнитные системы умягчения воды', 12),
(546, 1, 'умягчение воды магнитным полем', 12),
(547, 1, 'магнитное умягчение воды для систем отопления', 12),
(548, 1, 'магнитные фильтры умягчения воды', 12),
(549, 1, 'магнитные фильтры для умягчения воды из скважины', 12),
(550, 1, 'фильтры для умягчения магнитные', 12),
(551, 1, 'магниты умягчения воды', 12),
(552, 1, 'умягчения воды постоянными магнитами', 12),
(553, 1, 'расчет соли на умягчение воды котловой', 13),
(554, 2, '', 13),
(555, 3, 'Умягчение для котлов', 13),
(556, 4, 'umyagchenie_dlya_kotlov', 13),
(557, 5, 'умягчение для котлов', 13),
(558, 6, '', 13),
(559, 7, '', 13),
(560, 8, '', 13),
(561, 9, '', 13),
(562, 10, '', 13),
(563, 11, '', 13),
(564, 12, '', 13),
(565, 13, '', 13),
(566, 14, '', 13),
(567, 15, 'умягчение для котлов', 13),
(568, 16, '', 13),
(569, 17, '', 13),
(570, 18, '', 13),
(571, 19, '', 13),
(572, 20, '', 13),
(573, 21, '', 13),
(574, 1, 'умягчение котловой воды', 13),
(575, 1, 'умягчение котловой воды фосфатом натрия', 13),
(576, 1, 'автоматическая установка умягчения котловой воды', 13),
(577, 1, 'глубокое умягчение воды для паровых котлов', 13),
(578, 1, 'схемы умягчения воды водогрейных котлов', 13),
(579, 1, 'установка умягчения воды для водогрейных котлов', 13),
(580, 1, 'внутри котловое умягчение воды', 13),
(581, 1, 'водоподготовка котлов осветление умягчение деаэрация воды', 13),
(582, 1, 'безреагентная установка умягчения котловой воды', 13),
(583, 1, 'умягчение воды паровых котлов', 13),
(584, 1, 'умягчение воды для бойлеров и котлов', 13),
(585, 1, 'умягчение котловой воды фильтра сульфоуголь', 13),
(586, 1, 'установка умягчения для паровых котлов', 13),
(587, 1, 'установка умягчения воды для паровых котлов', 13),
(588, 1, 'реактив для умягчения воды для котлов', 13),
(589, 1, 'умягчение для котлов', 13),
(590, 1, 'система умягчения воды для газового котла', 13),
(591, 1, 'фильтр для умягчения воды для котла', 13),
(592, 1, 'умягчение воды для котла', 13),
(593, 1, 'умягчение воды в котлах', 13),
(594, 1, 'установка умягчения воды непрерывного действия', 14),
(595, 2, '', 14),
(596, 3, 'Непрерывное умягчение', 14),
(597, 4, 'nepreryvnoe_umyagchenie', 14),
(598, 5, 'непрерывное умягчение', 14),
(599, 6, '', 14),
(600, 7, '', 14),
(601, 8, '', 14),
(602, 9, '', 14),
(603, 10, '', 14),
(604, 11, '', 14),
(605, 12, '', 14),
(606, 13, '', 14),
(607, 14, '', 14),
(608, 15, 'непрерывное умягчение', 14),
(609, 16, '', 14),
(610, 17, '', 14),
(611, 18, '', 14),
(612, 19, '', 14),
(613, 20, '', 14),
(614, 21, '', 14),
(615, 1, 'умягчение воды непрерывного действия', 14),
(616, 1, 'установка непрерывного умягчения воды', 14),
(617, 1, 'фильтры умягчения непрерывного действия присутствие в воде солей кальция', 14),
(618, 1, 'схема фильтра умягчения воды непрерывного действия', 14),
(619, 1, 'система умягчения воды непрерывного действия', 14),
(620, 1, 'установки умягчения непрерывного действия', 14),
(621, 1, 'системы умягчения непрерывного действия', 14),
(622, 1, 'фильтры умягчения воды непрерывного действия', 14),
(623, 1, 'система непрерывного умягчения', 14),
(624, 1, 'станция умягчения воды непрерывного действия', 14),
(625, 1, 'схема установки непрерывного умягчения воды', 14),
(626, 1, 'непрерывное умягчение', 14),
(627, 1, 'фильтр умягчения непрерывный', 14),
(628, 1, 'модуль умягчения непрерывного действия', 14),
(629, 1, 'фильтры умягчения воды постоянного действия', 14),
(630, 1, 'фильтр для умягчения воды для стиральных машин', 15),
(631, 2, '', 15),
(632, 3, 'Умягчение воды в стиральной машине', 15),
(633, 4, 'umyagchenie_vody_v_stiralnoy_mashine', 15),
(634, 5, 'умягчение воды в стиральной машине', 15),
(635, 6, '', 15),
(636, 7, '', 15),
(637, 8, '', 15),
(638, 9, '', 15),
(639, 10, '', 15),
(640, 11, '', 15),
(641, 12, '', 15),
(642, 13, '', 15),
(643, 14, '', 15),
(644, 15, 'умягчение воды в стиральной машине', 15),
(645, 16, '', 15),
(646, 17, '', 15),
(647, 18, '', 15),
(648, 19, '', 15),
(649, 20, '', 15),
(650, 21, '', 15),
(651, 1, 'умягчение воды для стиральной машины', 15),
(652, 1, 'установка умягчения воды для стиральных машин', 15),
(653, 1, 'фильтры умягчения воды таблетированной соль. для стиральной машины', 15),
(654, 1, 'проточные фильтры для умягчения воды в быту для стиральных машин', 15),
(655, 1, 'что лучше фильтр для умягчения воды стиральная машина', 15),
(656, 1, 'фильтр для умягчения воды в стиральных машинах', 15),
(657, 1, 'умягчение воды в стиральных машинах', 15),
(658, 1, 'фильтр для умягчения воды стиральной машинки', 15),
(659, 1, 'фильтр для стиральной машинки умягчение', 15),
(660, 1, 'цены на установки умягчения воды', 16),
(661, 2, '', 16),
(662, 3, 'Умягчение воды цена', 16),
(663, 4, 'umyagchenie_vody_tsena', 16),
(664, 5, 'умягчение воды цена', 16),
(665, 6, '', 16),
(666, 7, '', 16),
(667, 8, '', 16),
(668, 9, '', 16),
(669, 10, '', 16),
(670, 11, '', 16),
(671, 12, '', 16),
(672, 13, '', 16),
(673, 14, '', 16),
(674, 15, 'умягчение воды цена', 16),
(675, 16, '', 16),
(676, 17, '', 16),
(677, 18, '', 16),
(678, 19, '', 16),
(679, 20, '', 16),
(680, 21, '', 16),
(681, 1, 'установки умягчения воды бытовой цена', 16),
(682, 1, 'установка умягчения воды непрерывного действия в котельных цена', 16),
(683, 1, 'установка умягчения воды автоматическая для крышных котельных цена', 16),
(684, 1, 'умягчение воды цена', 16),
(685, 1, 'фильтры умягчения воды цена', 16),
(686, 1, 'установка умягчения воды котельных цена', 16),
(687, 1, 'умягчение воды коттедж цена', 16),
(688, 1, 'непрерывное умягчение цена', 16),
(689, 1, 'стоимость умягчения воды', 16),
(690, 1, 'очистка умягчение воды стоимость', 16),
(691, 1, 'блок умягчения стоимость', 16),
(692, 1, 'стоимость установки умягчения', 16),
(693, 1, 'прайс полный комплект оборудования для умягчения и обезжелезивания воды', 16),
(694, 1, 'установка умягчения воды прайс', 16),
(695, 1, 'установка водоподготовки в комплекте с установкой умягчения непрерывного действия прайс', 16),
(696, 1, 'количество реагентов для умягчения воды', 17),
(697, 2, '', 17),
(698, 3, 'Реагентное умягчение', 17),
(699, 4, 'reagentnoe_umyagchenie', 17),
(700, 5, 'реагентное умягчение', 17),
(701, 6, '', 17),
(702, 7, '', 17),
(703, 8, '', 17),
(704, 9, '', 17),
(705, 10, '', 17),
(706, 11, '', 17),
(707, 12, '', 17),
(708, 13, '', 17),
(709, 14, '', 17),
(710, 15, 'реагентное умягчение', 17),
(711, 16, '', 17),
(712, 17, '', 17),
(713, 18, '', 17),
(714, 19, '', 17),
(715, 20, '', 17),
(716, 21, '', 17),
(717, 1, 'реагент для умягчения питьевой воды', 17),
(718, 1, 'реагенты для умягчения воды в системе отопления', 17),
(719, 1, 'реагенты для умягчения воды', 17),
(720, 1, 'умягчение воды поставщик реагентов', 17),
(721, 1, 'реагенты для реагентное умягчение воды', 17),
(722, 1, 'реагентное умягчение воды', 17),
(723, 1, 'установки реагентного умягчения воды', 17),
(724, 1, 'станция реагентного умягчения подземных вод', 17),
(725, 1, 'реагентное умягчение', 17),
(726, 1, 'безреагентное обезжелезивание плюс умягчение воды', 17),
(727, 1, 'безреагентное умягчение воды', 17),
(728, 1, 'безреагентные системы умягчения воды', 17),
(729, 1, 'водоочистка умягчение безреагентная', 17),
(730, 1, 'безреагентное обезжелезивание воды умягчение', 17),
(731, 1, 'схема прибора безреагентного умягчения воды', 17),
(732, 1, 'картридж безреагентного умягчения', 17),
(733, 1, 'установка умягчения воды для котельной', 18),
(734, 2, '', 18),
(735, 3, 'Котельная умягчение воды', 18),
(736, 4, 'kotelnaya_umyagchenie_vody', 18),
(737, 5, 'котельная умягчение воды', 18),
(738, 6, '', 18),
(739, 7, '', 18),
(740, 8, '', 18),
(741, 9, '', 18),
(742, 10, '', 18),
(743, 11, '', 18),
(744, 12, '', 18),
(745, 13, '', 18),
(746, 14, '', 18),
(747, 15, 'котельная умягчение воды', 18),
(748, 16, '', 18),
(749, 17, '', 18),
(750, 18, '', 18),
(751, 19, '', 18),
(752, 20, '', 18),
(753, 21, '', 18),
(754, 1, 'умягчение воды для котельной', 18),
(755, 1, 'расположение установки умягчения воды в котельных', 18),
(756, 1, 'установки для обескислороживания и умягчения воды паровых и водогрейных котельных', 18),
(757, 1, 'принципиальная схема умягчения воды на котельных', 18),
(758, 1, 'при умягчение воды в котельных образуется', 18),
(759, 1, 'системы очистки и умягчения воды для дачи', 19),
(760, 2, '', 19),
(761, 3, 'Умягчение воды дом', 19),
(762, 4, 'umyagchenie_vody_dom', 19),
(763, 5, 'умягчение воды дом', 19),
(764, 6, '', 19),
(765, 7, '', 19),
(766, 8, '', 19),
(767, 9, '', 19),
(768, 10, '', 19),
(769, 11, '', 19),
(770, 12, '', 19),
(771, 13, '', 19),
(772, 14, '', 19),
(773, 15, 'умягчение воды дом', 19),
(774, 16, '', 19),
(775, 17, '', 19),
(776, 18, '', 19),
(777, 19, '', 19),
(778, 20, '', 19),
(779, 21, '', 19),
(780, 1, 'умягчение воды на даче', 19),
(781, 1, 'дача очистка воды умягчение обезжелезивание', 19),
(782, 1, 'фильтры для умягчения воды на даче', 19),
(783, 1, 'система очистки и умягчения воды в частном доме', 19),
(784, 1, 'умягчение питьевой воды в частном секторе', 19),
(785, 1, 'смягчение умягчение воды частный дом', 19),
(786, 1, 'установка умягчения воды частного дома', 19),
(787, 1, 'схема умягчения воды частной котельной', 19),
(788, 1, 'система водоочистки и умягчения воды из скважин в частном доме', 19),
(789, 1, 'умягчение воды фильтр дом', 19),
(790, 1, 'умягчение воды дом', 19),
(791, 1, 'дома очистка воды умягчение обезжелезивание', 19),
(792, 1, 'установка умягчения воды для отопления жилого дома', 19),
(793, 1, 'очистка воды умягчение обезжелезивание станции', 20),
(794, 2, '', 20),
(795, 3, 'Станция умягчения воды', 20),
(796, 4, 'stantsiya_umyagcheniya_vody', 20),
(797, 5, 'станция умягчения воды', 20),
(798, 6, '', 20),
(799, 7, '', 20),
(800, 8, '', 20),
(801, 9, '', 20),
(802, 10, '', 20),
(803, 11, '', 20),
(804, 12, '', 20),
(805, 13, '', 20),
(806, 14, '', 20),
(807, 15, 'станция умягчения воды', 20),
(808, 16, '', 20),
(809, 17, '', 20),
(810, 18, '', 20),
(811, 19, '', 20),
(812, 20, '', 20),
(813, 21, '', 20),
(814, 1, 'станция умягчения воды', 20),
(815, 1, 'схема станции умягчении воды', 20),
(816, 1, 'станция умягчения и очистки воды', 20),
(817, 1, 'станция умягчения воды для коттеджа', 20),
(818, 1, 'станция умягчения воды фирма', 20),
(819, 1, 'соль для станции умягчения', 20),
(820, 1, 'схема станции умягчения', 20),
(821, 1, 'устройство для умягчения воды', 20),
(822, 1, 'устройство умягчения воды коттеджа', 20),
(823, 1, 'устройство фильтров умягчения воды', 20),
(824, 1, 'устройство фильтра для умягчения воды', 20),
(825, 1, 'умягчение воды в коттедже', 21),
(826, 2, '', 21),
(827, 3, 'Умягчение воды коттедж', 21),
(828, 4, 'umyagchenie_vody_kottedzh', 21),
(829, 5, 'умягчение воды коттедж', 21),
(830, 6, '', 21),
(831, 7, '', 21),
(832, 8, '', 21),
(833, 9, '', 21),
(834, 10, '', 21),
(835, 11, '', 21),
(836, 12, '', 21),
(837, 13, '', 21),
(838, 14, '', 21),
(839, 15, 'умягчение воды коттедж', 21),
(840, 16, '', 21),
(841, 17, '', 21),
(842, 18, '', 21),
(843, 19, '', 21),
(844, 20, '', 21),
(845, 21, '', 21),
(846, 1, 'установки для умягчения воды для коттеджей', 21),
(847, 1, 'фильтр для умягчения воды коттеджа', 21),
(848, 1, 'система умягчения воды коттеджа', 21),
(849, 1, 'компактная установка для умягчения воды для коттеджа', 21),
(850, 1, 'коттедж очистка воды умягчение обезжелезивание', 21),
(851, 1, 'схема система умягчения воды для коттеджа', 21),
(852, 1, 'безопасное умягчение воды в коттеджах', 21),
(853, 1, 'ионообменные смолы умягчение воды', 22),
(854, 2, '', 22),
(855, 3, 'Смола для умягчения', 22),
(856, 4, 'smola_dlya_umyagcheniya', 22),
(857, 5, 'смола для умягчения', 22),
(858, 6, '', 22),
(859, 7, '', 22),
(860, 8, '', 22),
(861, 9, '', 22),
(862, 10, '', 22),
(863, 11, '', 22),
(864, 12, '', 22),
(865, 13, '', 22),
(866, 14, '', 22),
(867, 15, 'смола для умягчения', 22),
(868, 16, '', 22),
(869, 17, '', 22),
(870, 18, '', 22),
(871, 19, '', 22),
(872, 20, '', 22),
(873, 21, '', 22),
(874, 1, 'смола для умягчения воды', 22),
(875, 1, 'смола для умягчения', 22),
(876, 1, 'ионообменная смола для систем умягчения', 22),
(877, 1, 'умягчение воды смолой схема', 22),
(878, 1, 'компоненты для умягчения воды смола', 22),
(879, 1, 'ресурс смолы для станций умягчения', 22),
(880, 1, 'количество смолы в фильтрах умягчения', 22),
(881, 1, 'умягчение воды в котельной смолами', 22),
(882, 1, 'ионообменные системы умягчения воды', 22),
(883, 1, 'установка ионообменная для умягчения воды', 22),
(884, 1, 'ионообменный фильтр умягчения', 22),
(885, 1, 'соль для умягчения воды', 23),
(886, 2, '', 23),
(887, 3, 'Соль умягчения воды', 23),
(888, 4, 'sol_umyagcheniya_vody', 23),
(889, 5, 'соль умягчения воды', 23),
(890, 6, '', 23),
(891, 7, '', 23),
(892, 8, '', 23),
(893, 9, '', 23),
(894, 10, '', 23),
(895, 11, '', 23),
(896, 12, '', 23);
INSERT INTO `tbl_text_data` (`id`, `import_var_id`, `import_var_value`, `text_id`) VALUES
(897, 13, '', 23),
(898, 14, '', 23),
(899, 15, 'соль умягчения воды', 23),
(900, 16, '', 23),
(901, 17, '', 23),
(902, 18, '', 23),
(903, 19, '', 23),
(904, 20, '', 23),
(905, 21, '', 23),
(906, 1, 'соль для умягчения воды в системе фильтрации', 23),
(907, 1, 'доставка соли умягчения воды для установок', 23),
(908, 1, 'соль для умягчения воды в фильтрах из голландии', 23),
(909, 1, 'умягчение воды удаление труднорастворимых солей кальция и магния', 23),
(910, 1, 'установка умягчения воды продается уже с солью', 23),
(911, 1, 'расчет соли в установке умягчения воды в котельных', 23),
(912, 1, 'системы умягчения воды с помощью соли для коттеджей', 23),
(913, 1, 'полифосфатные соли для умягчения воды класс опасности', 23),
(914, 1, 'умягчение воды полифосфатные соли', 23),
(915, 1, 'установка умягчения воды соль в таблетках', 23),
(916, 1, 'умягчение воды коттедже без соли', 23),
(917, 1, 'соль для умягчения воды доставка', 23),
(918, 1, 'соль экстра крупная для умягчения воды', 23),
(919, 1, 'соль для установок по умягчению воды в котельных', 23),
(920, 1, 'картридж для умягчения питьевой воды', 24),
(921, 2, '', 24),
(922, 3, 'Умягчение питьевой воды', 24),
(923, 4, 'umyagchenie_pitevoy_vody', 24),
(924, 5, 'умягчение питьевой воды', 24),
(925, 6, '', 24),
(926, 7, '', 24),
(927, 8, '', 24),
(928, 9, '', 24),
(929, 10, '', 24),
(930, 11, '', 24),
(931, 12, '', 24),
(932, 13, '', 24),
(933, 14, '', 24),
(934, 15, 'умягчение питьевой воды', 24),
(935, 16, '', 24),
(936, 17, '', 24),
(937, 18, '', 24),
(938, 19, '', 24),
(939, 20, '', 24),
(940, 21, '', 24),
(941, 1, 'умягчение воды для питьевых целей предусматривается при жесткости воды', 24),
(942, 1, 'умягчение питьевой воды', 24),
(943, 1, 'расчет установки умягчения питьевой воды', 24),
(944, 1, 'ионообменная смола для умягчения питьевой воды', 24),
(945, 1, 'очистка воды умягчение обезжелезивание питьевой', 24),
(946, 1, 'очистка питьевой воды умягчение', 24),
(947, 1, 'установка по умягчению питьевой воды', 24),
(948, 1, 'фильтр умягчение питьевой воды', 24),
(949, 1, 'схема умягчение питьевой воды', 24),
(950, 1, 'схема физического умягчения питьевой воды от солей и известкового налета', 24),
(951, 1, 'установка умягчения воды для удаления солей жесткости', 25),
(952, 2, '', 25),
(953, 3, 'Умягчение жесткой воды', 25),
(954, 4, 'umyagchenie_zhestkoy_vody', 25),
(955, 5, 'умягчение жесткой воды', 25),
(956, 6, '', 25),
(957, 7, '', 25),
(958, 8, '', 25),
(959, 9, '', 25),
(960, 10, '', 25),
(961, 11, '', 25),
(962, 12, '', 25),
(963, 13, '', 25),
(964, 14, '', 25),
(965, 15, 'умягчение жесткой воды', 25),
(966, 16, '', 25),
(967, 17, '', 25),
(968, 18, '', 25),
(969, 19, '', 25),
(970, 20, '', 25),
(971, 21, '', 25),
(972, 1, 'жесткость воды с ее умягчения', 25),
(973, 1, 'жесткость воды и ее умягчение', 25),
(974, 1, 'так называемое умягчение воды жесткость воды', 25),
(975, 1, 'жесткость воды умягчение воды', 25),
(976, 1, 'предельная жесткость воды для ионообменного умягчения', 25),
(977, 1, 'установки для умягчения жесткости воды для котельных', 25),
(978, 1, 'умягчение жесткой воды', 25),
(979, 1, 'жесткая вода умягчения воды', 25),
(980, 1, 'фильтр для умягчения жесткой воды', 25),
(981, 1, 'жесткая вода и ее умягчение', 25),
(982, 1, 'жесткая вода и ее умягчение естествознание', 25),
(983, 1, 'жесткая вода и ее умягчение доклад', 25),
(984, 1, 'жесткая вода умягчения своими силами', 25),
(985, 1, 'картридж для умягчения воды', 26),
(986, 2, '', 26),
(987, 3, 'Картридж умягчения воды', 26),
(988, 4, 'kartridzh_umyagcheniya_vody', 26),
(989, 5, 'картридж умягчения воды', 26),
(990, 6, '', 26),
(991, 7, '', 26),
(992, 8, '', 26),
(993, 9, '', 26),
(994, 10, '', 26),
(995, 11, '', 26),
(996, 12, '', 26),
(997, 13, '', 26),
(998, 14, '', 26),
(999, 15, 'картридж умягчения воды', 26),
(1000, 16, '', 26),
(1001, 17, '', 26),
(1002, 18, '', 26),
(1003, 19, '', 26),
(1004, 20, '', 26),
(1005, 21, '', 26),
(1006, 1, 'магистральные картриджи для умягчения воды', 26),
(1007, 1, 'картриджи для фильтров воды с умягчением', 26),
(1008, 1, 'картридж для умягчения и минерализации воды', 26),
(1009, 1, 'как очистить картридж для умягчения воды', 26),
(1010, 1, 'картридж очистка воды умягчение обезжелезивание', 26),
(1011, 1, 'установка картриджа для умягчения воды', 26),
(1012, 1, 'вещества картриджа для умягчения воды', 26),
(1013, 1, 'водоподготовка обезжелезивание и умягчение воды', 27),
(1014, 2, '', 27),
(1015, 3, 'Водоподготовка умягчение', 27),
(1016, 4, 'vodopodgotovka_umyagchenie', 27),
(1017, 5, 'водоподготовка умягчение', 27),
(1018, 6, '', 27),
(1019, 7, '', 27),
(1020, 8, '', 27),
(1021, 9, '', 27),
(1022, 10, '', 27),
(1023, 11, '', 27),
(1024, 12, '', 27),
(1025, 13, '', 27),
(1026, 14, '', 27),
(1027, 15, 'водоподготовка умягчение', 27),
(1028, 16, '', 27),
(1029, 17, '', 27),
(1030, 18, '', 27),
(1031, 19, '', 27),
(1032, 20, '', 27),
(1033, 21, '', 27),
(1034, 1, 'водоподготовка умягчение воды', 27),
(1035, 1, 'водоподготовка умягчение', 27),
(1036, 1, 'фильтры для воды водоподготовка очистка воды обезжелезивание умягчение об', 27),
(1037, 1, 'фильтры для питьевой воды водоподготовка и очистка воды обезжелезивание умягчение', 27),
(1038, 1, 'фильтры для питьевой воды водоподготовка очистка воды обеззараживание умягчение', 27),
(1039, 1, 'фильтры умягчения воды индустриальные системы водоподготовки', 27),
(1040, 1, 'фильтры водоподготовка умягчение обезжелезивание', 27),
(1041, 1, 'водоподготовка котельных умягчение и деаэрация', 27),
(1042, 1, 'водоподготовка умягчение и ионообмен', 27),
(1043, 1, 'водоподготовка умягчение обезжелезивание', 27),
(1044, 1, 'инженер монтажник водоподготовки умягчение обезжелезивание вакансии', 27),
(1045, 1, 'схема водоподготовки для умягчения воды', 27),
(1046, 1, 'нанотехнологии в системах водоподготовки и умягчении воды', 27),
(1047, 1, 'умягчение воды водоподготовка котельных', 27),
(1048, 1, 'автоматический фильтр умягчения воды', 28),
(1049, 2, '', 28),
(1050, 3, 'Автоматическая установка умягчения', 28),
(1051, 4, 'avtomaticheskaya_ustanovka_umyagcheniya', 28),
(1052, 5, 'автоматическая установка умягчения', 28),
(1053, 6, '', 28),
(1054, 7, '', 28),
(1055, 8, '', 28),
(1056, 9, '', 28),
(1057, 10, '', 28),
(1058, 11, '', 28),
(1059, 12, '', 28),
(1060, 13, '', 28),
(1061, 14, '', 28),
(1062, 15, 'автоматическая установка умягчения', 28),
(1063, 16, '', 28),
(1064, 17, '', 28),
(1065, 18, '', 28),
(1066, 19, '', 28),
(1067, 20, '', 28),
(1068, 21, '', 28),
(1069, 1, 'автоматическая система для умягчения воды акватерм', 28),
(1070, 1, 'установка умягчения воды автоматическая', 28),
(1071, 1, 'автоматическая система умягчения и обезжелезивания воды', 28),
(1072, 1, 'автоматическая система фильтрации умягчения и обезжелезивания воды', 28),
(1073, 1, 'автоматические установки умягчения воды серии sm', 28),
(1074, 1, 'автоматические фильтры умягчения и обезжелезивания воды', 28),
(1075, 1, 'их разновидность как смягчить воду автоматическая система умягчения воды', 28),
(1076, 1, 'автоматическая установка умягчения воды непрерывного действия', 28),
(1077, 1, 'автоматические системы умягчения воды непрерывного действия', 28),
(1078, 1, 'автоматическая установка умягчения', 28),
(1079, 1, 'фильтры умягчения горячей воды', 29),
(1080, 2, '', 29),
(1081, 3, 'Умягчение горячей воды', 29),
(1082, 4, 'umyagchenie_goryachey_vody', 29),
(1083, 5, 'умягчение горячей воды', 29),
(1084, 6, '', 29),
(1085, 7, '', 29),
(1086, 8, '', 29),
(1087, 9, '', 29),
(1088, 10, '', 29),
(1089, 11, '', 29),
(1090, 12, '', 29),
(1091, 13, '', 29),
(1092, 14, '', 29),
(1093, 15, 'умягчение горячей воды', 29),
(1094, 16, '', 29),
(1095, 17, '', 29),
(1096, 18, '', 29),
(1097, 19, '', 29),
(1098, 20, '', 29),
(1099, 21, '', 29),
(1100, 1, 'умягчение горячей воды', 29),
(1101, 1, 'горячей очистка воды умягчение обезжелезивание', 29),
(1102, 1, 'системы умягчения горячей воды', 29),
(1103, 1, 'умягчение горячей воды в квартире', 29),
(1104, 1, 'магистральный фильтр технического умягчения холодной воды', 29),
(1105, 1, 'безреагентное умягчение холодной воды', 29),
(1106, 1, 'холодной очистка воды умягчение обезжелезивание', 29),
(1107, 1, 'бытовые фильтры для умягчения воды', 30),
(1108, 2, '', 30),
(1109, 3, 'Бытовое умягчение воды', 30),
(1110, 4, 'bytovoe_umyagchenie_vody', 30),
(1111, 5, 'бытовое умягчение воды', 30),
(1112, 6, '', 30),
(1113, 7, '', 30),
(1114, 8, '', 30),
(1115, 9, '', 30),
(1116, 10, '', 30),
(1117, 11, '', 30),
(1118, 12, '', 30),
(1119, 13, '', 30),
(1120, 14, '', 30),
(1121, 15, 'бытовое умягчение воды', 30),
(1122, 16, '', 30),
(1123, 17, '', 30),
(1124, 18, '', 30),
(1125, 19, '', 30),
(1126, 20, '', 30),
(1127, 21, '', 30),
(1128, 1, 'бытовые системы для умягчения воды', 30),
(1129, 1, 'бытовые установки умягчения воды', 30),
(1130, 1, 'бытовых очистка воды умягчение обезжелезивание', 30),
(1131, 1, 'бытовое умягчение воды', 30),
(1132, 1, 'зарубежные бытовые системы умягчения воды', 30),
(1133, 1, 'бытовые нанофильтры для умягчения воды', 30),
(1134, 1, 'едкий натр для умягчения воды', 31),
(1135, 2, '', 31),
(1136, 3, 'Умягчение воды едким натром', 31),
(1137, 4, 'umyagchenie_vody_edkim_natrom', 31),
(1138, 5, 'умягчение воды едким натром', 31),
(1139, 6, '', 31),
(1140, 7, '', 31),
(1141, 8, '', 31),
(1142, 9, '', 31),
(1143, 10, '', 31),
(1144, 11, '', 31),
(1145, 12, '', 31),
(1146, 13, '', 31),
(1147, 14, '', 31),
(1148, 15, 'умягчение воды едким натром', 31),
(1149, 16, '', 31),
(1150, 17, '', 31),
(1151, 18, '', 31),
(1152, 19, '', 31),
(1153, 20, '', 31),
(1154, 21, '', 31),
(1155, 1, 'едкий натр для умягчения технической воды', 31),
(1156, 1, 'едкий натр для умягчения технической воды содержащей железо', 31),
(1157, 1, 'концентрация едкого натра для умягчения воды', 31),
(1158, 1, 'расчет едкого натра для умягчения технической воды для ппу', 31),
(1159, 1, 'умягчение воды для котельной натрием хлористым', 31),
(1160, 1, 'карбонат натрия для умягчения жесткости воды', 31),
(1161, 1, 'умягчение воды гидроксидом натрия', 31),
(1162, 1, 'ионообменные колонки для умягчения воды с помощью хлорида натрия', 31),
(1163, 1, 'полифосфат натрия для умягчения воды', 31),
(1164, 1, 'водоочистка очистка воды умягчение обезжелезивание', 32),
(1165, 2, '', 32),
(1166, 3, 'Схема водоочистки умягчения', 32),
(1167, 4, 'skhema_vodoochistki_umyagcheniya', 32),
(1168, 5, 'схема водоочистки умягчения', 32),
(1169, 6, '', 32),
(1170, 7, '', 32),
(1171, 8, '', 32),
(1172, 9, '', 32),
(1173, 10, '', 32),
(1174, 11, '', 32),
(1175, 12, '', 32),
(1176, 13, '', 32),
(1177, 14, '', 32),
(1178, 15, 'схема водоочистки умягчения', 32),
(1179, 16, '', 32),
(1180, 17, '', 32),
(1181, 18, '', 32),
(1182, 19, '', 32),
(1183, 20, '', 32),
(1184, 21, '', 32),
(1185, 1, 'водоочистка водоподготовка и умягчение воды', 32),
(1186, 1, 'водоочистка водоподготовка и фильтр умягчения', 32),
(1187, 1, 'водоподготовка водоочистка умягчение воды', 32),
(1188, 1, 'каллиган умягчение водоочистка', 32),
(1189, 1, 'схема водоочистки умягчения', 32),
(1190, 1, 'станции водоочистки умягчения', 32),
(1191, 1, 'водоочистки умягчения установки', 32),
(1192, 1, 'осмос умягчение воды', 33),
(1193, 2, '', 33),
(1194, 3, 'Умягчение осмос', 33),
(1195, 4, 'umyagchenie_osmos', 33),
(1196, 5, 'умягчение осмос', 33),
(1197, 6, '', 33),
(1198, 7, '', 33),
(1199, 8, '', 33),
(1200, 9, '', 33),
(1201, 10, '', 33),
(1202, 11, '', 33),
(1203, 12, '', 33),
(1204, 13, '', 33),
(1205, 14, '', 33),
(1206, 15, 'умягчение осмос', 33),
(1207, 16, '', 33),
(1208, 17, '', 33),
(1209, 18, '', 33),
(1210, 19, '', 33),
(1211, 20, '', 33),
(1212, 21, '', 33),
(1213, 1, 'умягчение воды установкой обратного осмоса', 33),
(1214, 1, 'обратный осмос для умягчения воды', 33),
(1215, 1, 'обратный осмос умягчение воды обезжелезивание', 33),
(1216, 1, 'обратный осмос необходимо умягчение', 33),
(1217, 1, 'обратный осмос и умягчение', 33),
(1218, 1, 'умягчение осмос', 33),
(1219, 1, 'блок управления умягчения воды', 34),
(1220, 2, '', 34),
(1221, 3, 'Блок умягчения воды схема', 34),
(1222, 4, 'blok_umyagcheniya_vody_skhema', 34),
(1223, 5, 'блок умягчения воды схема', 34),
(1224, 6, '', 34),
(1225, 7, '', 34),
(1226, 8, '', 34),
(1227, 9, '', 34),
(1228, 10, '', 34),
(1229, 11, '', 34),
(1230, 12, '', 34),
(1231, 13, '', 34),
(1232, 14, '', 34),
(1233, 15, 'блок умягчения воды схема', 34),
(1234, 16, '', 34),
(1235, 17, '', 34),
(1236, 18, '', 34),
(1237, 19, '', 34),
(1238, 20, '', 34),
(1239, 21, '', 34),
(1240, 1, 'система управления установки для умягчения воды', 34),
(1241, 1, 'блок управления на умягчение с водосчетчиком', 34),
(1242, 1, 'клапан умягчения ручного управления', 34),
(1243, 1, 'блок управления фильтром умягчения воды', 34),
(1244, 1, 'управление системами умягчения воды', 34),
(1245, 1, 'блок водоподготовки с умягчением воды для коттеджа', 34),
(1246, 1, 'американские блоки умягчения', 34),
(1247, 1, 'блок умягчения воды схема', 34),
(1248, 1, 'умягчение воды путем электрохимической обработки', 35),
(1249, 2, '', 35),
(1250, 3, 'Электрохим умягчение воды', 35),
(1251, 4, 'elektrokhim_umyagchenie_vody', 35),
(1252, 5, 'электрохим умягчение воды', 35),
(1253, 6, '', 35),
(1254, 7, '', 35),
(1255, 8, '', 35),
(1256, 9, '', 35),
(1257, 10, '', 35),
(1258, 11, '', 35),
(1259, 12, '', 35),
(1260, 13, '', 35),
(1261, 14, '', 35),
(1262, 15, 'электрохим умягчение воды', 35),
(1263, 16, '', 35),
(1264, 17, '', 35),
(1265, 18, '', 35),
(1266, 19, '', 35),
(1267, 20, '', 35),
(1268, 21, '', 35),
(1269, 1, 'установка электрохимическая умягчение воды', 35),
(1270, 1, 'электрохимической очистки то будет достигнуто умягчение воды устранение', 35),
(1271, 1, 'электрохимическое умягчения сточных вод', 35),
(1272, 1, 'установки умягчения воды электрохимическая очистка', 35),
(1273, 1, 'электрохим умягчение воды', 35),
(1274, 1, 'электромагнитное умягчение воды', 35),
(1275, 1, 'клапан электромагнитный умягчения воды', 35),
(1276, 1, 'фильтр для умягчения воды электромагнитные', 35),
(1277, 1, 'умягчение воды в домашних условиях', 36),
(1278, 2, '', 36),
(1279, 3, 'Домашние установки умягчения воды', 36),
(1280, 4, 'domashnie_ustanovki_umyagcheniya_vody', 36),
(1281, 5, 'домашние установки умягчения воды', 36),
(1282, 6, '', 36),
(1283, 7, '', 36),
(1284, 8, '', 36),
(1285, 9, '', 36),
(1286, 10, '', 36),
(1287, 11, '', 36),
(1288, 12, '', 36),
(1289, 13, '', 36),
(1290, 14, '', 36),
(1291, 15, 'домашние установки умягчения воды', 36),
(1292, 16, '', 36),
(1293, 17, '', 36),
(1294, 18, '', 36),
(1295, 19, '', 36),
(1296, 20, '', 36),
(1297, 21, '', 36),
(1298, 1, 'домашние фильтры для умягчения воды из скважины купить', 36),
(1299, 1, 'для чего служат фильтры умягчения воды в домашних целях', 36),
(1300, 1, 'умягчение воды в домашних условиях для котельной', 36),
(1301, 1, 'умягчение воды для чайника в домашних условиях', 36),
(1302, 1, 'жесткая вода умягчение в домашних условиях', 36),
(1303, 1, 'умягчение воды в домашних условиях для отопления', 36),
(1304, 1, 'домашние установки умягчения воды', 36),
(1305, 1, 'умягчение воды для домашнего отопления', 36),
(1306, 1, 'умягчение воды из скважины', 37),
(1307, 2, '', 37),
(1308, 3, 'Умягчение воды из скважин', 37),
(1309, 4, 'umyagchenie_vody_iz_skvazhin', 37),
(1310, 5, 'умягчение воды из скважин', 37),
(1311, 6, '', 37),
(1312, 7, '', 37),
(1313, 8, '', 37),
(1314, 9, '', 37),
(1315, 10, '', 37),
(1316, 11, '', 37),
(1317, 12, '', 37),
(1318, 13, '', 37),
(1319, 14, '', 37),
(1320, 15, 'умягчение воды из скважин', 37),
(1321, 16, '', 37),
(1322, 17, '', 37),
(1323, 18, '', 37),
(1324, 19, '', 37),
(1325, 20, '', 37),
(1326, 21, '', 37),
(1327, 1, 'оборудование для умягчения воды из скважины', 37),
(1328, 1, 'очистка воды умягчение обезжелезивание скважины', 37),
(1329, 1, 'фильтры для умягчения воды из скважины', 37),
(1330, 1, 'станция умягчения воды из скважины', 37),
(1331, 1, 'умягчение очистка воды из скважины', 37),
(1332, 1, 'умягчение жесткой воды из скважины', 37),
(1333, 1, 'оборудование для умягчения воды', 38),
(1334, 2, '', 38),
(1335, 3, 'Умягчение воды оборудование', 38),
(1336, 4, 'umyagchenie_vody_oborudovanie', 38),
(1337, 5, 'умягчение воды оборудование', 38),
(1338, 6, '', 38),
(1339, 7, '', 38),
(1340, 8, '', 38),
(1341, 9, '', 38),
(1342, 10, '', 38),
(1343, 11, '', 38),
(1344, 12, '', 38),
(1345, 13, '', 38),
(1346, 14, '', 38),
(1347, 15, 'умягчение воды оборудование', 38),
(1348, 16, '', 38),
(1349, 17, '', 38),
(1350, 18, '', 38),
(1351, 19, '', 38),
(1352, 20, '', 38),
(1353, 21, '', 38),
(1354, 1, 'комплект оборудования для умягчения воды', 38),
(1355, 1, 'оборудование для умягчения воды для коттеджа', 38),
(1356, 1, 'оборудование очистка воды умягчение обезжелезивание', 38),
(1357, 1, 'система умягчения воды оборудование установка схема', 38),
(1358, 1, 'оборудование для умягчения воды обслуживание', 38),
(1359, 1, 'фирмы ресторанное оборудование умягчение воды', 38),
(1360, 1, 'ионообменная смола для умягчения воды купить', 39),
(1361, 2, '', 39),
(1362, 3, 'Фильтр умягчения воды купить', 39),
(1363, 4, 'filtr_umyagcheniya_vody_kupit', 39),
(1364, 5, 'фильтр умягчения воды купить', 39),
(1365, 6, '', 39),
(1366, 7, '', 39),
(1367, 8, '', 39),
(1368, 9, '', 39),
(1369, 10, '', 39),
(1370, 11, '', 39),
(1371, 12, '', 39),
(1372, 13, '', 39),
(1373, 14, '', 39),
(1374, 15, 'фильтр умягчения воды купить', 39),
(1375, 16, '', 39),
(1376, 17, '', 39),
(1377, 18, '', 39),
(1378, 19, '', 39),
(1379, 20, '', 39),
(1380, 21, '', 39),
(1381, 1, 'купить картридж для умягчения воды', 39),
(1382, 1, 'купить оборудование для умягчения воды', 39),
(1383, 1, 'фильтр умягчения воды купить', 39),
(1384, 1, 'умягчение воды смолой купить', 39),
(1385, 1, 'умягчение непрерывного действия купить', 39),
(1386, 1, 'соль для умягчения воды купить', 39),
(1387, 1, 'купить установку умягчения воды', 39),
(1388, 1, 'бассейны средства для умягчения воды', 40),
(1389, 2, '', 40),
(1390, 3, 'Умягчение воды бассейна', 40),
(1391, 4, 'umyagchenie_vody_basseyna', 40),
(1392, 5, 'умягчение воды бассейна', 40),
(1393, 6, '', 40),
(1394, 7, '', 40),
(1395, 8, '', 40),
(1396, 9, '', 40),
(1397, 10, '', 40),
(1398, 11, '', 40),
(1399, 12, '', 40),
(1400, 13, '', 40),
(1401, 14, '', 40),
(1402, 15, 'умягчение воды бассейна', 40),
(1403, 16, '', 40),
(1404, 17, '', 40),
(1405, 18, '', 40),
(1406, 19, '', 40),
(1407, 20, '', 40),
(1408, 21, '', 40),
(1409, 1, 'воды бассейнов системы умягчения и обезжелезивания', 40),
(1410, 1, 'умягчение воды для бассейнов', 40),
(1411, 1, 'фильтр для умягчения воды в бассейне', 40),
(1412, 1, 'безопасное умягчение воды для бассейна', 40),
(1413, 1, 'очистка воды умягчение обезжелезивание химическая', 41),
(1414, 2, '', 41),
(1415, 3, 'Умягчение воды химия', 41),
(1416, 4, 'umyagchenie_vody_khimiya', 41),
(1417, 5, 'умягчение воды химия', 41),
(1418, 6, '', 41),
(1419, 7, '', 41),
(1420, 8, '', 41),
(1421, 9, '', 41),
(1422, 10, '', 41),
(1423, 11, '', 41),
(1424, 12, '', 41),
(1425, 13, '', 41),
(1426, 14, '', 41),
(1427, 15, 'умягчение воды химия', 41),
(1428, 16, '', 41),
(1429, 17, '', 41),
(1430, 18, '', 41),
(1431, 19, '', 41),
(1432, 20, '', 41),
(1433, 21, '', 41),
(1434, 1, 'химическое умягчение воды', 41),
(1435, 1, 'фильтр химического умягчения', 41),
(1436, 1, 'химия для умягчения воды', 41),
(1437, 1, 'жесткая вода и ее умягчение химия', 41),
(1438, 1, 'химводоподготовки котельной для умягчения воды', 41),
(1439, 1, 'электронное устройство для умягчения жесткости воды', 42),
(1440, 2, '', 42),
(1441, 3, 'Электро умягчение воды', 42),
(1442, 4, 'elektro_umyagchenie_vody', 42),
(1443, 5, 'электро умягчение воды', 42),
(1444, 6, '', 42),
(1445, 7, '', 42),
(1446, 8, '', 42),
(1447, 9, '', 42),
(1448, 10, '', 42),
(1449, 11, '', 42),
(1450, 12, '', 42),
(1451, 13, '', 42),
(1452, 14, '', 42),
(1453, 15, 'электро умягчение воды', 42),
(1454, 16, '', 42),
(1455, 17, '', 42),
(1456, 18, '', 42),
(1457, 19, '', 42),
(1458, 20, '', 42),
(1459, 21, '', 42),
(1460, 1, 'электронное умягчение воды', 42),
(1461, 1, 'электронные блоки умягчения воды', 42),
(1462, 1, 'реагентное умягчение воды с электронным клапаном схема подключения', 42),
(1463, 1, 'жесткая вода умягчения воды электро', 42),
(1464, 1, 'электро умягчение воды', 42),
(1465, 1, 'электро умягчение воды в квартире', 42),
(1466, 1, 'умягчение воды электродиализом', 42),
(1467, 1, 'система умягчения воды с регенерацией по времени', 43),
(1468, 2, '', 43),
(1469, 3, 'Регенерация фильтров умягчения воды', 43),
(1470, 4, 'regeneratsiya_filtrov_umyagcheniya_vody', 43),
(1471, 5, 'регенерация фильтров умягчения воды', 43),
(1472, 6, '', 43),
(1473, 7, '', 43),
(1474, 8, '', 43),
(1475, 9, '', 43),
(1476, 10, '', 43),
(1477, 11, '', 43),
(1478, 12, '', 43),
(1479, 13, '', 43),
(1480, 14, '', 43),
(1481, 15, 'регенерация фильтров умягчения воды', 43),
(1482, 16, '', 43),
(1483, 17, '', 43),
(1484, 18, '', 43),
(1485, 19, '', 43),
(1486, 20, '', 43),
(1487, 21, '', 43),
(1488, 1, 'фильтр умягчения воды без регенерации', 43),
(1489, 1, 'одноразовый фильтр умягчения воды без регенерации', 43),
(1490, 1, 'регенерация картриджей умягчения воды', 43),
(1491, 1, 'регенерация фильтров соль. для умягчения воды', 43),
(1492, 1, 'регенерация фильтров соль. для умягчения сетевой воды', 43),
(1493, 1, 'регенерация фильтров умягчения воды', 43),
(1494, 1, 'клапан для фильтров умягчения воды', 44),
(1495, 2, '', 44),
(1496, 3, 'Клапаны для умягчения воды', 44),
(1497, 4, 'klapany_dlya_umyagcheniya_vody', 44),
(1498, 5, 'клапаны для умягчения воды', 44),
(1499, 6, '', 44),
(1500, 7, '', 44),
(1501, 8, '', 44),
(1502, 9, '', 44),
(1503, 10, '', 44),
(1504, 11, '', 44),
(1505, 12, '', 44),
(1506, 13, '', 44),
(1507, 14, '', 44),
(1508, 15, 'клапаны для умягчения воды', 44),
(1509, 16, '', 44),
(1510, 17, '', 44),
(1511, 18, '', 44),
(1512, 19, '', 44),
(1513, 20, '', 44),
(1514, 21, '', 44),
(1515, 1, 'диафрагменный клапан для установки умягчения воды', 44),
(1516, 1, 'контроллеры и клапаны умягчения воды в котельной', 44),
(1517, 1, 'клапаны для умягчения воды', 44),
(1518, 1, 'управляющий клапан умягчения воды', 44),
(1519, 1, 'клапан для фильтров умягчения', 44),
(1520, 1, 'обратный клапан система умягчения воды', 44),
(1521, 1, 'настройка клапана для умягчения воды', 44),
(1522, 1, 'умягчение воды содой', 45),
(1523, 2, '', 45),
(1524, 3, 'Умягчение воды содой', 45),
(1525, 4, 'umyagchenie_vody_sodoy', 45),
(1526, 5, 'умягчение воды содой', 45),
(1527, 6, '', 45),
(1528, 7, '', 45),
(1529, 8, '', 45),
(1530, 9, '', 45),
(1531, 10, '', 45),
(1532, 11, '', 45),
(1533, 12, '', 45),
(1534, 13, '', 45),
(1535, 14, '', 45),
(1536, 15, 'умягчение воды содой', 45),
(1537, 16, '', 45),
(1538, 17, '', 45),
(1539, 18, '', 45),
(1540, 19, '', 45),
(1541, 20, '', 45),
(1542, 21, '', 45),
(1543, 1, 'расчет необходимого количества соды для умягчения воды', 45),
(1544, 1, 'умягчение воды каустической содой', 45),
(1545, 1, 'жесткая вода умягчение содой пропорции', 45),
(1546, 1, 'кальцинированная сода для умягчения воды', 45),
(1547, 1, 'оборудование для содового умягчения воды', 45),
(1548, 1, 'содово натриевое умягчение воды', 45),
(1549, 1, 'известково содовое умягчение воды', 45),
(1550, 1, 'надежная водоочистка водоподготовка и умягчение воды', 46),
(1551, 2, '', 46),
(1552, 3, 'Надежная водоочистка водоподготовка и умягчение воды', 46),
(1553, 4, 'nadezhnaya_vodoochistka_vodopodgotovka_i_umyagchenie_vody', 46),
(1554, 5, 'надежная водоочистка водоподготовка и умягчение воды', 46),
(1555, 6, '', 46),
(1556, 7, '', 46),
(1557, 8, '', 46),
(1558, 9, '', 46),
(1559, 10, '', 46),
(1560, 11, '', 46),
(1561, 12, '', 46),
(1562, 13, '', 46),
(1563, 14, '', 46),
(1564, 15, 'надежная водоочистка водоподготовка и умягчение воды', 46),
(1565, 16, '', 46),
(1566, 17, '', 46),
(1567, 18, '', 46),
(1568, 19, '', 46),
(1569, 20, '', 46),
(1570, 21, '', 46),
(1571, 1, 'надежная водоочистка водоподготовка и фильтр умягчения', 46),
(1572, 1, 'качественная водоочистка водоподготовка и фильтр умягчения', 46),
(1573, 1, 'качественная водоподготовка водоочистка и умягчение воды', 46),
(1574, 1, 'полифосфат кристаллический для умягчения воды', 47),
(1575, 2, '', 47),
(1576, 3, 'Полифосфат умягчение воды', 47),
(1577, 4, 'polifosfat_umyagchenie_vody', 47),
(1578, 5, 'полифосфат умягчение воды', 47),
(1579, 6, '', 47),
(1580, 7, '', 47),
(1581, 8, '', 47),
(1582, 9, '', 47),
(1583, 10, '', 47),
(1584, 11, '', 47),
(1585, 12, '', 47),
(1586, 13, '', 47),
(1587, 14, '', 47),
(1588, 15, 'полифосфат умягчение воды', 47),
(1589, 16, '', 47),
(1590, 17, '', 47),
(1591, 18, '', 47),
(1592, 19, '', 47),
(1593, 20, '', 47),
(1594, 21, '', 47),
(1595, 1, 'умягчение воды полифосфатом', 47),
(1596, 1, 'жесткость воды из скважины и полифосфаты как средства умягчения', 47),
(1597, 1, 'жесткость воды умягчение и обессоливание', 48),
(1598, 2, '', 48),
(1599, 3, 'Умягчение соленой воды', 48),
(1600, 4, 'umyagchenie_solenoy_vody', 48),
(1601, 5, 'умягчение соленой воды', 48),
(1602, 6, '', 48),
(1603, 7, '', 48),
(1604, 8, '', 48),
(1605, 9, '', 48),
(1606, 10, '', 48),
(1607, 11, '', 48),
(1608, 12, '', 48),
(1609, 13, '', 48),
(1610, 14, '', 48),
(1611, 15, 'умягчение соленой воды', 48),
(1612, 16, '', 48),
(1613, 17, '', 48),
(1614, 18, '', 48),
(1615, 19, '', 48),
(1616, 20, '', 48),
(1617, 21, '', 48),
(1618, 1, 'системы очистки воды удаление солей жесткости умягчение обессоливание', 48),
(1619, 1, 'фильтра для обессоливания и умягчения воды', 48),
(1620, 1, 'умягчение и обессоливание воды', 48),
(1621, 1, 'умягчение опреснение обессоливание воды триполифосфат натрия', 48),
(1622, 1, 'умягчение соленой воды', 48),
(1623, 1, 'умягчение воды при повышенном солесодержании', 48),
(1624, 1, 'умягчение воды фильтры для аквариума', 49),
(1625, 2, '', 49),
(1626, 3, 'Аквариум умягчение воды', 49),
(1627, 4, 'akvarium_umyagchenie_vody', 49),
(1628, 5, 'аквариум умягчение воды', 49),
(1629, 6, '', 49),
(1630, 7, '', 49),
(1631, 8, '', 49),
(1632, 9, '', 49),
(1633, 10, '', 49),
(1634, 11, '', 49),
(1635, 12, '', 49),
(1636, 13, '', 49),
(1637, 14, '', 49),
(1638, 15, 'аквариум умягчение воды', 49),
(1639, 16, '', 49),
(1640, 17, '', 49),
(1641, 18, '', 49),
(1642, 19, '', 49),
(1643, 20, '', 49),
(1644, 21, '', 49),
(1645, 1, 'как произвести умягчение воды в аквариуме', 49),
(1646, 1, 'умягчение воды для аквариума', 49),
(1647, 1, 'биогенное умягчение воды аквариум', 49),
(1648, 1, 'дуплексная система умягчения воды', 50),
(1649, 2, '', 50),
(1650, 3, 'Дуплексная система умягчения', 50),
(1651, 4, 'dupleksnaya_sistema_umyagcheniya', 50),
(1652, 5, 'дуплексная система умягчения', 50),
(1653, 6, '', 50),
(1654, 7, '', 50),
(1655, 8, '', 50),
(1656, 9, '', 50),
(1657, 10, '', 50),
(1658, 11, '', 50),
(1659, 12, '', 50),
(1660, 13, '', 50),
(1661, 14, '', 50),
(1662, 15, 'дуплексная система умягчения', 50),
(1663, 16, '', 50),
(1664, 17, '', 50),
(1665, 18, '', 50),
(1666, 19, '', 50),
(1667, 20, '', 50),
(1668, 21, '', 50),
(1669, 1, 'дуплексная установка умягчения воды', 50),
(1670, 1, 'дуплексная система умягчения', 50),
(1671, 1, 'дуплексная станция умягчения воды непрерывного действия', 50),
(1672, 1, 'дуплексная станция умягчения воды', 50),
(1673, 1, 'фильтры для умягчения воды в квартире', 51),
(1674, 2, '', 51),
(1675, 3, 'Умягчение воды квартира', 51),
(1676, 4, 'umyagchenie_vody_kvartira', 51),
(1677, 5, 'умягчение воды квартира', 51),
(1678, 6, '', 51),
(1679, 7, '', 51),
(1680, 8, '', 51),
(1681, 9, '', 51),
(1682, 10, '', 51),
(1683, 11, '', 51),
(1684, 12, '', 51),
(1685, 13, '', 51),
(1686, 14, '', 51),
(1687, 15, 'умягчение воды квартира', 51),
(1688, 16, '', 51),
(1689, 17, '', 51),
(1690, 18, '', 51),
(1691, 19, '', 51),
(1692, 20, '', 51),
(1693, 21, '', 51),
(1694, 1, 'умягчение воды в квартире', 51),
(1695, 1, 'система умягчения воды в квартире', 51),
(1696, 1, 'фильтры для умягчения воды в ванной во всей квартире', 51),
(1697, 1, 'таблетированная соль для умягчения воды', 52),
(1698, 2, '', 52),
(1699, 3, 'Таблетированная соль вода умягчение', 52),
(1700, 4, 'tabletirovannaya_sol_voda_umyagchenie', 52),
(1701, 5, 'таблетированная соль вода умягчение', 52),
(1702, 6, '', 52),
(1703, 7, '', 52),
(1704, 8, '', 52),
(1705, 9, '', 52),
(1706, 10, '', 52),
(1707, 11, '', 52),
(1708, 12, '', 52),
(1709, 13, '', 52),
(1710, 14, '', 52),
(1711, 15, 'таблетированная соль вода умягчение', 52),
(1712, 16, '', 52),
(1713, 17, '', 52),
(1714, 18, '', 52),
(1715, 19, '', 52),
(1716, 20, '', 52),
(1717, 21, '', 52),
(1718, 1, 'таблетированная соль для умягчения воды в калуге', 52),
(1719, 1, 'соль таблетированная для систем умягчения воды', 52),
(1720, 1, 'умягчение воды для водоемов', 53),
(1721, 2, '', 53),
(1722, 3, 'Умягчение природной воды', 53),
(1723, 4, 'umyagchenie_prirodnoy_vody', 53),
(1724, 5, 'умягчение природной воды', 53),
(1725, 6, '', 53),
(1726, 7, '', 53),
(1727, 8, '', 53),
(1728, 9, '', 53),
(1729, 10, '', 53),
(1730, 11, '', 53),
(1731, 12, '', 53),
(1732, 13, '', 53),
(1733, 14, '', 53),
(1734, 15, 'умягчение природной воды', 53),
(1735, 16, '', 53),
(1736, 17, '', 53),
(1737, 18, '', 53),
(1738, 19, '', 53),
(1739, 20, '', 53),
(1740, 21, '', 53),
(1741, 1, 'умягчение воды в искусственном водоеме', 53),
(1742, 1, 'умягчение воды в искусственном водоеме торфом', 53),
(1743, 1, 'умягчение природной воды', 53),
(1744, 1, 'вихревой реактор для умягчения природных вод', 53),
(1745, 1, 'умягчение воды для систем отопления', 54),
(1746, 2, '', 54),
(1747, 3, 'Отопление умягчение воды', 54),
(1748, 4, 'otoplenie_umyagchenie_vody', 54),
(1749, 5, 'отопление умягчение воды', 54),
(1750, 6, '', 54),
(1751, 7, '', 54),
(1752, 8, '', 54),
(1753, 9, '', 54),
(1754, 10, '', 54),
(1755, 11, '', 54),
(1756, 12, '', 54),
(1757, 13, '', 54),
(1758, 14, '', 54),
(1759, 15, 'отопление умягчение воды', 54),
(1760, 16, '', 54),
(1761, 17, '', 54),
(1762, 18, '', 54),
(1763, 19, '', 54),
(1764, 20, '', 54),
(1765, 21, '', 54),
(1766, 1, 'умягчения воды для отопления', 54),
(1767, 1, 'добавки для умягчения воды систем отопления', 54),
(1768, 1, 'умягчение воды с помощью озона', 55),
(1769, 2, '', 55),
(1770, 3, 'Умягчение озоном', 55),
(1771, 4, 'umyagchenie_ozonom', 55),
(1772, 5, 'умягчение озоном', 55),
(1773, 6, '', 55),
(1774, 7, '', 55),
(1775, 8, '', 55),
(1776, 9, '', 55),
(1777, 10, '', 55),
(1778, 11, '', 55),
(1779, 12, '', 55),
(1780, 13, '', 55),
(1781, 14, '', 55),
(1782, 15, 'умягчение озоном', 55),
(1783, 16, '', 55),
(1784, 17, '', 55),
(1785, 18, '', 55),
(1786, 19, '', 55),
(1787, 20, '', 55),
(1788, 21, '', 55),
(1789, 1, 'умягчение воды озоном', 55),
(1790, 1, 'умягчение озоном', 55),
(1791, 1, 'озоновый фильтр и умягчение воды', 55),
(1792, 1, 'озоновый фильтр для умягчения воды', 55),
(1793, 1, 'умягчение воды озонатором', 55),
(1794, 1, 'умягчение технической воды', 56),
(1795, 2, '', 56),
(1796, 3, 'Умягчение технической воды', 56),
(1797, 4, 'umyagchenie_tekhnicheskoy_vody', 56),
(1798, 5, 'умягчение технической воды', 56),
(1799, 6, '', 56),
(1800, 7, '', 56),
(1801, 8, '', 56),
(1802, 9, '', 56),
(1803, 10, '', 56),
(1804, 11, '', 56),
(1805, 12, '', 56),
(1806, 13, '', 56),
(1807, 14, '', 56),
(1808, 15, 'умягчение технической воды', 56),
(1809, 16, '', 56),
(1810, 17, '', 56),
(1811, 18, '', 56),
(1812, 19, '', 56),
(1813, 20, '', 56),
(1814, 21, '', 56),
(1815, 1, 'фильтр технического умягчения воды', 56),
(1816, 1, 'умягчения воды для технических целей', 56),
(1817, 1, 'проточное умягчение воды', 57),
(1818, 2, '', 57),
(1819, 3, 'Проточное умягчение воды', 57),
(1820, 4, 'protochnoe_umyagchenie_vody', 57),
(1821, 5, 'проточное умягчение воды', 57),
(1822, 6, '', 57),
(1823, 7, '', 57),
(1824, 8, '', 57),
(1825, 9, '', 57),
(1826, 10, '', 57),
(1827, 11, '', 57),
(1828, 12, '', 57),
(1829, 13, '', 57),
(1830, 14, '', 57),
(1831, 15, 'проточное умягчение воды', 57),
(1832, 16, '', 57),
(1833, 17, '', 57),
(1834, 18, '', 57),
(1835, 19, '', 57),
(1836, 20, '', 57),
(1837, 21, '', 57),
(1838, 1, 'фильтр для очистки воды проточный с умягчением', 57),
(1839, 1, 'схема солевого проточного умягчения воды', 57),
(1840, 1, 'проточные фильтры для умягчения воды в быту', 57),
(1841, 1, 'средство для умягчения воды', 58),
(1842, 2, '', 58),
(1843, 3, 'Средства умягчения воды', 58),
(1844, 4, 'sredstva_umyagcheniya_vody', 58),
(1845, 5, 'средства умягчения воды', 58),
(1846, 6, '', 58),
(1847, 7, '', 58),
(1848, 8, '', 58),
(1849, 9, '', 58),
(1850, 10, '', 58),
(1851, 11, '', 58),
(1852, 12, '', 58),
(1853, 13, '', 58),
(1854, 14, '', 58),
(1855, 15, 'средства умягчения воды', 58),
(1856, 16, '', 58),
(1857, 17, '', 58),
(1858, 18, '', 58),
(1859, 19, '', 58),
(1860, 20, '', 58),
(1861, 21, '', 58),
(1862, 1, 'средства и приборы для умягчения воды', 58),
(1863, 1, 'установка умягчения воды как основное средство', 58),
(1864, 1, 'умягчение воды фосфатом натрия', 59),
(1865, 2, '', 59),
(1866, 3, 'Умягчение воды фосфатами', 59),
(1867, 4, 'umyagchenie_vody_fosfatami', 59),
(1868, 5, 'умягчение воды фосфатами', 59),
(1869, 6, '', 59),
(1870, 7, '', 59),
(1871, 8, '', 59),
(1872, 9, '', 59),
(1873, 10, '', 59),
(1874, 11, '', 59),
(1875, 12, '', 59),
(1876, 13, '', 59),
(1877, 14, '', 59),
(1878, 15, 'умягчение воды фосфатами', 59),
(1879, 16, '', 59),
(1880, 17, '', 59),
(1881, 18, '', 59),
(1882, 19, '', 59),
(1883, 20, '', 59),
(1884, 21, '', 59),
(1885, 1, 'умягчение воды гидроксидом натрия солями бария фосфатами', 59),
(1886, 1, 'сульфит фосфат для умягчения воды', 59),
(1887, 1, 'умягчение воды поли фосфатами', 59),
(1888, 1, 'умягчение воды фосфатами', 59),
(1889, 1, 'монтаж установки умягчения воды', 60),
(1890, 2, '', 60),
(1891, 3, 'Монтаж умягчения воды', 60),
(1892, 4, 'montazh_umyagcheniya_vody', 60),
(1893, 5, 'монтаж умягчения воды', 60),
(1894, 6, '', 60),
(1895, 7, '', 60),
(1896, 8, '', 60),
(1897, 9, '', 60),
(1898, 10, '', 60),
(1899, 11, '', 60),
(1900, 12, '', 60),
(1901, 13, '', 60),
(1902, 14, '', 60),
(1903, 15, 'монтаж умягчения воды', 60),
(1904, 16, '', 60),
(1905, 17, '', 60),
(1906, 18, '', 60),
(1907, 19, '', 60),
(1908, 20, '', 60),
(1909, 21, '', 60),
(1910, 1, 'монтаж умягчения воды', 60),
(1911, 1, 'схема монтажа установки по умягчению воды', 60),
(1912, 1, 'колонна умягчения воды монтаж', 60),
(1913, 1, 'схема монтажа системы для умягчения воды', 60),
(1914, 1, 'осветление и умягчение воды', 61),
(1915, 2, '', 61),
(1916, 3, 'Осветление и умягчение воды', 61),
(1917, 4, 'osvetlenie_i_umyagchenie_vody', 61),
(1918, 5, 'осветление и умягчение воды', 61),
(1919, 6, '', 61),
(1920, 7, '', 61),
(1921, 8, '', 61),
(1922, 9, '', 61),
(1923, 10, '', 61),
(1924, 11, '', 61),
(1925, 12, '', 61),
(1926, 13, '', 61),
(1927, 14, '', 61),
(1928, 15, 'осветление и умягчение воды', 61),
(1929, 16, '', 61),
(1930, 17, '', 61),
(1931, 18, '', 61),
(1932, 19, '', 61),
(1933, 20, '', 61),
(1934, 21, '', 61),
(1935, 1, 'как можно провести осветление и умягчение воды', 61),
(1936, 1, 'как происходит осветление и умягчение воды', 61),
(1937, 1, 'осветления и умягчения речной воды', 61),
(1938, 1, 'дозаторы для умягчения воды', 62),
(1939, 2, '', 62),
(1940, 3, 'Дозаторы умягчения воды', 62),
(1941, 4, 'dozatory_umyagcheniya_vody', 62),
(1942, 5, 'дозаторы умягчения воды', 62),
(1943, 6, '', 62),
(1944, 7, '', 62),
(1945, 8, '', 62),
(1946, 9, '', 62),
(1947, 10, '', 62),
(1948, 11, '', 62),
(1949, 12, '', 62),
(1950, 13, '', 62),
(1951, 14, '', 62),
(1952, 15, 'дозаторы умягчения воды', 62),
(1953, 16, '', 62),
(1954, 17, '', 62),
(1955, 18, '', 62),
(1956, 19, '', 62),
(1957, 20, '', 62),
(1958, 21, '', 62),
(1959, 1, 'водоподготовка воды на тэц умягчение воды', 63),
(1960, 2, '', 63),
(1961, 3, 'Умягчение воды в тэц', 63),
(1962, 4, 'umyagchenie_vody_v_tets', 63),
(1963, 5, 'умягчение воды в тэц', 63),
(1964, 6, '', 63),
(1965, 7, '', 63),
(1966, 8, '', 63),
(1967, 9, '', 63),
(1968, 10, '', 63),
(1969, 11, '', 63),
(1970, 12, '', 63),
(1971, 13, '', 63),
(1972, 14, '', 63),
(1973, 15, 'умягчение воды в тэц', 63),
(1974, 16, '', 63),
(1975, 17, '', 63),
(1976, 18, '', 63),
(1977, 19, '', 63),
(1978, 20, '', 63),
(1979, 21, '', 63),
(1980, 1, 'умягчение воды для тэц', 63),
(1981, 1, 'осветление и умягчение воды на тэц', 63),
(1982, 1, 'соль для умягчения воды на юге москвы купить', 64),
(1983, 2, '', 64),
(1984, 3, 'Умягчение воды отопление москва', 64),
(1985, 4, 'umyagchenie_vody_otoplenie_moskva', 64),
(1986, 5, 'умягчение воды отопление москва', 64),
(1987, 6, '', 64),
(1988, 7, '', 64),
(1989, 8, '', 64),
(1990, 9, '', 64),
(1991, 10, '', 64),
(1992, 11, '', 64),
(1993, 12, '', 64),
(1994, 13, '', 64),
(1995, 14, '', 64),
(1996, 15, 'умягчение воды отопление москва', 64),
(1997, 16, '', 64),
(1998, 17, '', 64),
(1999, 18, '', 64),
(2000, 19, '', 64),
(2001, 20, '', 64),
(2002, 21, '', 64),
(2003, 1, 'доставка соли для умягчения воды в москве', 64),
(2004, 1, 'установка умягчения воды в москве', 64),
(2005, 1, 'умягчение воды отопление москва', 64),
(2006, 1, 'колонна для умягчения воды конструкция', 65),
(2007, 2, '', 65),
(2008, 3, 'Устройство колонны умягчения', 65),
(2009, 4, 'ustroystvo_kolonny_umyagcheniya', 65),
(2010, 5, 'устройство колонны умягчения', 65),
(2011, 6, '', 65),
(2012, 7, '', 65),
(2013, 8, '', 65),
(2014, 9, '', 65),
(2015, 10, '', 65),
(2016, 11, '', 65),
(2017, 12, '', 65),
(2018, 13, '', 65),
(2019, 14, '', 65),
(2020, 15, 'устройство колонны умягчения', 65),
(2021, 16, '', 65),
(2022, 17, '', 65),
(2023, 18, '', 65),
(2024, 19, '', 65),
(2025, 20, '', 65),
(2026, 21, '', 65),
(2027, 1, 'настройка колонны умягчения воды', 65),
(2028, 1, 'устройство колонны умягчения', 65),
(2029, 1, 'умягчение воды с ионитной колонной', 65),
(2030, 1, 'фильтр для воды механическая очистка и техническое умягчение купить воронеж', 66),
(2031, 2, '', 66),
(2032, 3, 'Очистка воды умягчение обезжелезивание механическая', 66),
(2033, 4, 'ochistka_vody_umyagchenie_obezzhelezivanie_mekhanicheskaya', 66),
(2034, 5, 'очистка воды умягчение обезжелезивание механическая', 66),
(2035, 6, '', 66),
(2036, 7, '', 66),
(2037, 8, '', 66),
(2038, 9, '', 66),
(2039, 10, '', 66),
(2040, 11, '', 66),
(2041, 12, '', 66),
(2042, 13, '', 66),
(2043, 14, '', 66),
(2044, 15, 'очистка воды умягчение обезжелезивание механическая', 66),
(2045, 16, '', 66),
(2046, 17, '', 66),
(2047, 18, '', 66),
(2048, 19, '', 66),
(2049, 20, '', 66),
(2050, 21, '', 66),
(2051, 1, 'купить бытовой фильтр механической очистки и технического умягчения воды', 66),
(2052, 1, 'очистка воды умягчение обезжелезивание механическая', 66),
(2053, 1, 'фильтр механической очистки воды с системой умягчения', 66),
(2054, 1, 'расчет сооружений умягчения воды', 67),
(2055, 2, '', 67),
(2056, 3, 'Сооружения для умягчения воды', 67),
(2057, 4, 'sooruzheniya_dlya_umyagcheniya_vody', 67),
(2058, 5, 'сооружения для умягчения воды', 67),
(2059, 6, '', 67),
(2060, 7, '', 67),
(2061, 8, '', 67),
(2062, 9, '', 67);
INSERT INTO `tbl_text_data` (`id`, `import_var_id`, `import_var_value`, `text_id`) VALUES
(2063, 10, '', 67),
(2064, 11, '', 67),
(2065, 12, '', 67),
(2066, 13, '', 67),
(2067, 14, '', 67),
(2068, 15, 'сооружения для умягчения воды', 67),
(2069, 16, '', 67),
(2070, 17, '', 67),
(2071, 18, '', 67),
(2072, 19, '', 67),
(2073, 20, '', 67),
(2074, 21, '', 67),
(2075, 1, 'сооружения для умягчения воды', 67),
(2076, 1, 'сооружения очистка воды умягчение обезжелезивание', 67),
(2077, 1, 'умягчение воды от накипи', 68),
(2078, 2, '', 68),
(2079, 3, 'Умягчение воды от накипи', 68),
(2080, 4, 'umyagchenie_vody_ot_nakipi', 68),
(2081, 5, 'умягчение воды от накипи', 68),
(2082, 6, '', 68),
(2083, 7, '', 68),
(2084, 8, '', 68),
(2085, 9, '', 68),
(2086, 10, '', 68),
(2087, 11, '', 68),
(2088, 12, '', 68),
(2089, 13, '', 68),
(2090, 14, '', 68),
(2091, 15, 'умягчение воды от накипи', 68),
(2092, 16, '', 68),
(2093, 17, '', 68),
(2094, 18, '', 68),
(2095, 19, '', 68),
(2096, 20, '', 68),
(2097, 21, '', 68),
(2098, 1, 'умягчение воды накипь в чайнике', 68),
(2099, 1, 'водоподготовка и умягчение накипи', 68),
(2100, 1, 'умягчение вихревой реактор', 69),
(2101, 2, '', 69),
(2102, 3, 'Умягчение вихревой реактор', 69),
(2103, 4, 'umyagchenie_vikhrevoy_reaktor', 69),
(2104, 5, 'умягчение вихревой реактор', 69),
(2105, 6, '', 69),
(2106, 7, '', 69),
(2107, 8, '', 69),
(2108, 9, '', 69),
(2109, 10, '', 69),
(2110, 11, '', 69),
(2111, 12, '', 69),
(2112, 13, '', 69),
(2113, 14, '', 69),
(2114, 15, 'умягчение вихревой реактор', 69),
(2115, 16, '', 69),
(2116, 17, '', 69),
(2117, 18, '', 69),
(2118, 19, '', 69),
(2119, 20, '', 69),
(2120, 21, '', 69),
(2121, 1, 'вихревой реактор схема для умягчения воды', 69),
(2122, 1, 'деньги в долг срочно', 70),
(2123, 2, 'деньги в долг срочно', 70),
(2124, 3, '', 70),
(2125, 4, '', 70),
(2126, 5, '', 70),
(2127, 6, '', 70),
(2128, 7, '', 70),
(2129, 10, '', 70),
(2130, 11, '', 70),
(2131, 12, '', 70),
(2132, 13, '', 70),
(2133, 14, '', 70),
(2134, 1, 'деньги в долг', 70),
(2135, 2, 'деньги в долг', 70),
(2136, 1, 'деньги в долг под расписку', 70),
(2137, 2, 'деньги в долг под расписку', 70),
(2138, 1, 'быстрые деньги', 70),
(2139, 2, 'быстрые деньги', 70),
(2140, 1, 'срочно нужны деньги', 70),
(2141, 2, 'срочно нужны деньги', 70),
(2142, 1, 'деньги онлайн', 70),
(2143, 2, 'деньги онлайн', 70),
(2144, 1, 'помогите деньгами', 70),
(2145, 2, 'помогите деньгами', 70),
(2146, 1, 'деньги до зарплаты', 70),
(2147, 2, 'деньги до зарплаты', 70),
(2148, 1, 'срочно нужны деньги в долг', 70),
(2149, 2, 'срочно нужны деньги в долг', 70),
(2150, 1, 'деньги на дом', 70),
(2151, 2, 'деньги на дом', 70),
(2152, 1, 'онлайн игры на деньги', 70),
(2153, 2, 'онлайн игры на деньги', 70),
(2154, 1, 'срочно деньги', 70),
(2155, 2, 'срочно деньги', 70),
(2156, 1, 'срочные деньги', 70),
(2157, 2, 'срочные деньги', 70),
(2158, 1, 'дам деньги в долг', 70),
(2159, 2, 'дам деньги в долг', 70),
(2160, 1, 'даю деньги в долг', 70),
(2161, 2, 'даю деньги в долг', 70),
(2162, 1, 'даем деньги в долг', 70),
(2163, 2, 'даем деньги в долг', 70),
(2164, 1, 'дать деньги в долг', 70),
(2165, 2, 'дать деньги в долг', 70),
(2166, 1, 'деньги под проценты', 70),
(2167, 2, 'деньги под проценты', 70),
(2168, 1, 'деньги сразу', 70),
(2169, 2, 'деньги сразу', 70),
(2170, 1, 'интим за деньги', 70),
(2171, 2, 'интим за деньги', 70),
(2172, 1, 'деньги в долг под расписку от частного лица', 70),
(2173, 2, 'деньги в долг под расписку от частного лица', 70),
(2174, 1, 'дам деньги', 70),
(2175, 2, 'дам деньги', 70),
(2176, 1, 'даем деньги', 70),
(2177, 2, 'даем деньги', 70),
(2178, 1, 'деньги дай', 70),
(2179, 2, 'деньги дай', 70),
(2180, 1, 'деньги в долг даем деньги', 70),
(2181, 2, 'деньги в долг даем деньги', 70),
(2182, 1, 'деньги за час', 70),
(2183, 2, 'деньги за час', 70),
(2184, 1, 'отдамся за деньги', 70),
(2185, 2, 'отдамся за деньги', 70),
(2186, 1, 'деньги сущность денег функции денег', 70),
(2187, 2, 'деньги сущность денег функции денег', 70),
(2188, 1, 'срочно срочно нужны деньги', 70),
(2189, 2, 'срочно срочно нужны деньги', 70),
(2190, 1, 'нужны деньги', 70),
(2191, 2, 'нужны деньги', 70),
(2192, 1, 'мгновенные деньги', 70),
(2193, 2, 'мгновенные деньги', 70),
(2194, 1, 'деньги мгновенно', 70),
(2195, 2, 'деньги мгновенно', 70),
(2196, 1, 'деньги под расписку', 70),
(2197, 2, 'деньги под расписку', 70),
(2198, 1, 'дам деньги в долг под расписку', 70),
(2199, 2, 'дам деньги в долг под расписку', 70),
(2200, 1, 'даю деньги в долг под расписку', 70),
(2201, 2, 'даю деньги в долг под расписку', 70),
(2202, 1, 'дают деньги в долг под расписку', 70),
(2203, 2, 'дают деньги в долг под расписку', 70),
(2204, 1, 'дал деньги в долг под расписку', 70),
(2205, 2, 'дал деньги в долг под расписку', 70),
(2206, 1, 'деньги частные займы частным лицам', 70),
(2207, 2, 'деньги частные займы частным лицам', 70),
(2208, 1, 'минет за деньги', 70),
(2209, 2, 'минет за деньги', 70),
(2210, 1, 'срочно нужны деньги плохая кредитная история', 70),
(2211, 2, 'срочно нужны деньги плохая кредитная история', 70),
(2212, 1, 'взять деньги в долг', 70),
(2213, 2, 'взять деньги в долг', 70),
(2214, 1, 'деньги в долг срочно с плохой кредитной историей', 70),
(2215, 2, 'деньги в долг срочно с плохой кредитной историей', 70),
(2216, 1, 'деньги в займы', 70),
(2217, 2, 'деньги в займы', 70),
(2218, 1, 'взять деньги в долг у частного лица', 70),
(2219, 2, 'взять деньги в долг у частного лица', 70),
(2220, 1, 'занять деньги', 70),
(2221, 2, 'занять деньги', 70),
(2222, 1, 'интернет деньги', 70),
(2223, 2, 'интернет деньги', 70),
(2224, 1, 'дам деньги в долг под проценты', 70),
(2225, 2, 'дам деньги в долг под проценты', 70),
(2226, 1, 'даю деньги в долг под проценты', 70),
(2227, 2, 'даю деньги в долг под проценты', 70),
(2228, 1, 'даем деньги в долг под проценты', 70),
(2229, 2, 'даем деньги в долг под проценты', 70),
(2230, 1, 'дайте деньги в долг под проценты', 70),
(2231, 2, 'дайте деньги в долг под проценты', 70),
(2232, 1, 'срочно нужны деньги в долг под расписку', 70),
(2233, 2, 'срочно нужны деньги в долг под расписку', 70),
(2234, 1, 'быстрые деньги в долг', 70),
(2235, 2, 'быстрые деньги в долг', 70),
(2236, 1, 'быстро деньги в долг', 70),
(2237, 2, 'быстро деньги в долг', 70),
(2238, 1, 'деньги дома', 70),
(2239, 2, 'деньги дома', 70),
(2240, 1, 'вложить деньги под проценты', 70),
(2241, 2, 'вложить деньги под проценты', 70),
(2242, 1, 'деньги под проценты у частного лица', 70),
(2243, 2, 'деньги под проценты у частного лица', 70),
(2244, 1, 'деньги наличными', 70),
(2245, 2, 'деньги наличными', 70),
(2246, 1, 'дам деньги в долг частное лицо', 70),
(2247, 2, 'дам деньги в долг частное лицо', 70),
(2248, 1, 'частное лицо даст деньги в долг', 70),
(2249, 2, 'частное лицо даст деньги в долг', 70),
(2250, 1, 'чaстноe лицо дам деньги в долг', 70),
(2251, 2, 'чaстноe лицо дам деньги в долг', 70),
(2252, 1, 'деньги в рассрочку', 70),
(2253, 2, 'деньги в рассрочку', 70),
(2254, 1, 'быстрые деньги займ', 70),
(2255, 2, 'быстрые деньги займ', 70),
(2256, 1, 'деньги взаймы', 70),
(2257, 2, 'деньги взаймы', 70),
(2258, 1, 'срочный займ займу деньги', 70),
(2259, 2, 'срочный займ займу деньги', 70),
(2260, 1, 'деньги в долг с плохой кредитной историей', 70),
(2261, 2, 'деньги в долг с плохой кредитной историей', 70),
(2262, 1, 'деньги срочно с плохой кредитной историей', 70),
(2263, 2, 'деньги срочно с плохой кредитной историей', 70),
(2264, 1, 'дам деньги под проценты', 70),
(2265, 2, 'дам деньги под проценты', 70),
(2266, 1, 'даю деньги под проценты', 70),
(2267, 2, 'даю деньги под проценты', 70),
(2268, 1, 'дать деньги под проценты', 70),
(2269, 2, 'дать деньги под проценты', 70),
(2270, 1, 'займу деньги под расписку', 70),
(2271, 2, 'займу деньги под расписку', 70),
(2272, 1, 'займу деньги под проценты', 70),
(2273, 2, 'займу деньги под проценты', 70),
(2274, 1, 'вложу деньги в бизнес', 70),
(2275, 2, 'вложу деньги в бизнес', 70),
(2276, 1, 'деньги в займы срочно', 70),
(2277, 2, 'деньги в займы срочно', 70),
(2278, 1, 'возьму деньги под проценты', 70),
(2279, 2, 'возьму деньги под проценты', 70),
(2280, 1, 'дам деньги под расписку', 70),
(2281, 2, 'дам деньги под расписку', 70),
(2282, 1, 'даю деньги под расписку', 70),
(2283, 2, 'даю деньги под расписку', 70),
(2284, 1, 'даем деньги под расписку', 70),
(2285, 2, 'даем деньги под расписку', 70),
(2286, 1, 'взять деньги в долг под расписку', 70),
(2287, 2, 'взять деньги в долг под расписку', 70),
(2288, 1, 'деньги ру', 70),
(2289, 2, 'деньги ру', 70),
(2290, 1, 'деньги в долг теле2', 70),
(2291, 2, 'деньги в долг теле2', 70),
(2292, 1, 'деньги в долг без банка', 70),
(2293, 2, 'деньги в долг без банка', 70),
(2294, 1, 'деньги в долг без банков', 70),
(2295, 2, 'деньги в долг без банков', 70),
(2296, 1, 'деньги под честное слово', 70),
(2297, 2, 'деньги под честное слово', 70),
(2298, 1, 'деньги день в день', 70),
(2299, 2, 'деньги день в день', 70),
(2300, 1, 'возьму деньги в долг под проценты у частного лица', 70),
(2301, 2, 'возьму деньги в долг под проценты у частного лица', 70),
(2302, 1, 'деньги в банк под проценты', 70),
(2303, 2, 'деньги в банк под проценты', 70),
(2304, 1, 'занять деньги срочно', 70),
(2305, 2, 'занять деньги срочно', 70),
(2306, 1, 'деньги до зарплаты онлайн', 70),
(2307, 2, 'деньги до зарплаты онлайн', 70),
(2308, 1, 'взять деньги в долг срочно', 70),
(2309, 2, 'взять деньги в долг срочно', 70),
(2310, 1, 'срочный взять деньги в долг', 70),
(2311, 2, 'срочный взять деньги в долг', 70),
(2312, 1, 'любовь за деньги', 70),
(2313, 2, 'любовь за деньги', 70),
(2314, 1, 'деньги в долг под проценты', 70),
(2315, 2, 'деньги в долг под проценты', 70),
(2316, 1, 'деньги взаймы срочно', 70),
(2317, 2, 'деньги взаймы срочно', 70),
(2318, 1, 'деньги всем', 70),
(2319, 2, 'деньги всем', 70),
(2320, 1, 'деньги в день обращения', 70),
(2321, 2, 'деньги в день обращения', 70),
(2322, 1, 'занять деньги в долг', 70),
(2323, 2, 'занять деньги в долг', 70),
(2324, 1, 'деньги под расписку срочно', 70),
(2325, 2, 'деньги под расписку срочно', 70),
(2326, 1, 'одолжу деньги', 70),
(2327, 2, 'одолжу деньги', 70),
(2328, 1, 'срочно нужны деньги помогите', 70),
(2329, 2, 'срочно нужны деньги помогите', 70),
(2330, 1, 'деньги срочный займ', 70),
(2331, 2, 'деньги срочный займ', 70),
(2332, 1, 'доступные деньги', 70),
(2333, 2, 'доступные деньги', 70),
(2334, 1, 'занять деньги у частного лица', 70),
(2335, 2, 'занять деньги у частного лица', 70),
(2336, 1, 'моментальные деньги', 70),
(2337, 2, 'моментальные деньги', 70),
(2338, 1, 'срочные деньги в долг от частного лица', 70),
(2339, 2, 'срочные деньги в долг от частного лица', 70),
(2340, 1, 'соцопросы за деньги', 70),
(2341, 2, 'соцопросы за деньги', 70),
(2342, 1, 'займу деньги ру', 70),
(2343, 2, 'займу деньги ру', 70),
(2344, 1, 'деньги в долг по паспорту', 70),
(2345, 2, 'деньги в долг по паспорту', 70),
(2346, 1, 'помощь деньгами', 70),
(2347, 2, 'помощь деньгами', 70),
(2348, 1, 'онлайн деньги в долг', 70),
(2349, 2, 'онлайн деньги в долг', 70),
(2350, 1, 'дам деньги в долг срочно', 70),
(2351, 2, 'дам деньги в долг срочно', 70),
(2352, 1, 'даю деньги в долг срочно', 70),
(2353, 2, 'даю деньги в долг срочно', 70),
(2354, 1, 'возьму деньги под проценты у частного лица', 70),
(2355, 2, 'возьму деньги под проценты у частного лица', 70),
(2356, 1, 'срочно деньги под проценты', 70),
(2357, 2, 'срочно деньги под проценты', 70),
(2358, 1, 'срочно взять срочно деньги в долг', 70),
(2359, 2, 'срочно взять срочно деньги в долг', 70),
(2360, 1, 'деньги получить', 70),
(2361, 2, 'деньги получить', 70),
(2362, 1, 'деньги наличными в день обращения', 70),
(2363, 2, 'деньги наличными в день обращения', 70),
(2364, 1, 'взять деньги', 70),
(2365, 2, 'взять деньги', 70),
(2366, 1, 'деньги на бизнеса', 70),
(2367, 2, 'деньги на бизнеса', 70),
(2368, 1, 'очень срочно нужны деньги', 70),
(2369, 2, 'очень срочно нужны деньги', 70),
(2370, 1, 'срочно нужны деньги в долг с плохой кредитной историей', 70),
(2371, 2, 'срочно нужны деньги в долг с плохой кредитной историей', 70),
(2372, 1, 'возьму деньги в долг под проценты', 70),
(2373, 2, 'возьму деньги в долг под проценты', 70),
(2374, 1, 'деньги за 15 минут', 70),
(2375, 2, 'деньги за 15 минут', 70),
(2376, 1, 'деньги в долг срочно под расписку', 70),
(2377, 2, 'деньги в долг срочно под расписку', 70),
(2378, 1, 'деньги в долг в нсс', 70),
(2379, 2, 'деньги в долг в нсс', 70),
(2380, 1, 'быстрые деньги онлайн', 70),
(2381, 2, 'быстрые деньги онлайн', 70),
(2382, 1, 'как вернуть деньги по расписке', 70),
(2383, 2, 'как вернуть деньги по расписке', 70),
(2384, 1, 'очень нужны деньги', 70),
(2385, 2, 'очень нужны деньги', 70),
(2386, 1, 'нужны деньги в долг', 70),
(2387, 2, 'нужны деньги в долг', 70),
(2388, 1, 'микро деньги', 70),
(2389, 2, 'микро деньги', 70),
(2390, 1, 'деньги на дом срочно', 70),
(2391, 2, 'деньги на дом срочно', 70),
(2392, 1, 'дам деньги на бизнес', 70),
(2393, 2, 'дам деньги на бизнес', 70),
(2394, 1, 'банк быстро деньги', 70),
(2395, 2, 'банк быстро деньги', 70),
(2396, 1, 'деньги до зарплаты франшиза', 70),
(2397, 2, 'деньги до зарплаты франшиза', 70),
(2398, 1, 'частные деньги', 70),
(2399, 2, 'частные деньги', 70),
(2400, 1, 'деньги по паспорту', 70),
(2401, 2, 'деньги по паспорту', 70),
(2402, 1, 'взять деньги в долг с плохой кредитной историей', 70),
(2403, 2, 'взять деньги в долг с плохой кредитной историей', 70),
(2404, 1, 'деньги в долг срочно с 18 лет', 70),
(2405, 2, 'деньги в долг срочно с 18 лет', 70),
(2406, 1, 'деньги с плохой кредитной историей', 70),
(2407, 2, 'деньги с плохой кредитной историей', 70),
(2408, 1, 'срочные деньги в долг с 18 лет', 70),
(2409, 2, 'срочные деньги в долг с 18 лет', 70),
(2410, 1, 'деньги в долг безработным', 70),
(2411, 2, 'деньги в долг безработным', 70),
(2412, 1, 'куни за деньги', 70),
(2413, 2, 'куни за деньги', 70),
(2414, 1, 'микрофинанс деньги сразу', 70),
(2415, 2, 'микрофинанс деньги сразу', 70),
(2416, 1, 'деньги без справок и поручителей', 70),
(2417, 2, 'деньги без справок и поручителей', 70),
(2418, 1, 'даю деньги в долг без залога', 70),
(2419, 2, 'даю деньги в долг без залога', 70),
(2420, 1, 'дам деньги в долг без залога', 70),
(2421, 2, 'дам деньги в долг без залога', 70),
(2422, 1, 'одолжу деньги под проценты', 70),
(2423, 2, 'одолжу деньги под проценты', 70),
(2424, 1, 'взять деньги под расписку', 70),
(2425, 2, 'взять деньги под расписку', 70),
(2426, 1, 'деньги в долг до зарплаты', 70),
(2427, 2, 'деньги в долг до зарплаты', 70),
(2428, 1, 'даем деньги ру', 70),
(2429, 2, 'даем деньги ру', 70),
(2430, 1, 'дам деньги ру', 70),
(2431, 2, 'дам деньги ру', 70),
(2432, 1, 'нано деньги', 70),
(2433, 2, 'нано деньги', 70),
(2434, 1, 'деньги частный займ', 70),
(2435, 2, 'деньги частный займ', 70),
(2436, 1, 'деньги в долг под расписку без залога', 70),
(2437, 2, 'деньги в долг под расписку без залога', 70),
(2438, 1, 'нужны деньги под проценты', 70),
(2439, 2, 'нужны деньги под проценты', 70),
(2440, 1, 'деньги без проблем', 70),
(2441, 2, 'деньги без проблем', 70),
(2442, 1, 'взять деньги быстро', 70),
(2443, 2, 'взять деньги быстро', 70),
(2444, 1, 'взять быстрые деньги', 70),
(2445, 2, 'взять быстрые деньги', 70),
(2446, 1, 'мгновенные деньги онлайн заявка', 70),
(2447, 2, 'мгновенные деньги онлайн заявка', 70),
(2448, 1, 'центрозайм деньги до зарплаты', 70),
(2449, 2, 'центрозайм деньги до зарплаты', 70),
(2450, 1, 'быстрые деньги до зарплаты', 70),
(2451, 2, 'быстрые деньги до зарплаты', 70),
(2452, 1, 'деньги до получки', 70),
(2453, 2, 'деньги до получки', 70),
(2454, 1, 'деньги до зарплаты быстро', 70),
(2455, 2, 'деньги до зарплаты быстро', 70),
(2456, 1, 'срочно нужны деньги под проценты', 70),
(2457, 2, 'срочно нужны деньги под проценты', 70),
(2458, 1, 'пересплю за деньги', 70),
(2459, 2, 'пересплю за деньги', 70),
(2460, 1, 'деньги взаймы под проценты', 70),
(2461, 2, 'деньги взаймы под проценты', 70),
(2462, 1, 'срочно взять деньги', 70),
(2463, 2, 'срочно взять деньги', 70),
(2464, 1, 'деньги в долг срочно у частного лица', 70),
(2465, 2, 'деньги в долг срочно у частного лица', 70),
(2466, 1, 'взять деньги в рассрочку', 70),
(2467, 2, 'взять деньги в рассрочку', 70),
(2468, 1, 'обои для рабочего стола деньги рубли', 70),
(2469, 2, 'обои для рабочего стола деньги рубли', 70),
(2470, 1, 'деньги в долг объявления', 70),
(2471, 2, 'деньги в долг объявления', 70),
(2472, 1, 'деньги на малого бизнеса', 70),
(2473, 2, 'деньги на малого бизнеса', 70),
(2474, 1, 'деньги в долг без процентов', 70),
(2475, 2, 'деньги в долг без процентов', 70),
(2476, 1, 'деньги в кармане', 70),
(2477, 2, 'деньги в кармане', 70),
(2478, 1, 'деньги в долг деньги до зарплаты', 70),
(2479, 2, 'деньги в долг деньги до зарплаты', 70),
(2480, 1, 'деньги в долг без залога', 70),
(2481, 2, 'деньги в долг без залога', 70),
(2482, 1, 'деньги без залога и поручителей', 70),
(2483, 2, 'деньги без залога и поручителей', 70),
(2484, 1, 'получит деньги быстро', 70),
(2485, 2, 'получит деньги быстро', 70),
(2486, 1, 'быстрые деньги получить', 70),
(2487, 2, 'быстрые деньги получить', 70),
(2488, 1, 'деньги без банка', 70),
(2489, 2, 'деньги без банка', 70),
(2490, 1, 'деньги людям', 70),
(2491, 2, 'деньги людям', 70),
(2492, 1, 'занять деньги до зарплаты', 70),
(2493, 2, 'занять деньги до зарплаты', 70),
(2494, 1, 'нужны деньги с плохой кредитной историей', 70),
(2495, 2, 'нужны деньги с плохой кредитной историей', 70),
(2496, 1, 'кто дает деньги под проценты', 70),
(2497, 2, 'кто дает деньги под проценты', 70),
(2498, 1, 'дам деньги под проценты срочно', 70),
(2499, 2, 'дам деньги под проценты срочно', 70),
(2500, 1, 'дам деньги в долг срочно деньги', 70),
(2501, 2, 'дам деньги в долг срочно деньги', 70),
(2502, 1, 'ищу деньги в долг', 70),
(2503, 2, 'ищу деньги в долг', 70),
(2504, 1, 'деньги с 18 лет', 70),
(2505, 2, 'деньги с 18 лет', 70),
(2506, 1, 'занять деньги быстро', 70),
(2507, 2, 'занять деньги быстро', 70),
(2508, 1, 'дайте деньги срочно под проценты', 70),
(2509, 2, 'дайте деньги срочно под проценты', 70),
(2510, 1, 'дам деньги под проценты у частного лица', 70),
(2511, 2, 'дам деньги под проценты у частного лица', 70),
(2512, 1, 'нужна помощь деньгами', 70),
(2513, 2, 'нужна помощь деньгами', 70),
(2514, 1, 'деньги в долг в гродно', 70),
(2515, 2, 'деньги в долг в гродно', 70),
(2516, 1, 'даю деньги под проценты у частных лиц', 70),
(2517, 2, 'даю деньги под проценты у частных лиц', 70),
(2518, 1, 'дам в рот за деньги', 70),
(2519, 2, 'дам в рот за деньги', 70),
(2520, 1, 'деньги студентам', 70),
(2521, 2, 'деньги студентам', 70),
(2522, 1, 'если срочно нужны деньги что делать', 70),
(2523, 2, 'если срочно нужны деньги что делать', 70),
(2524, 1, 'объявления о деньгах', 70),
(2525, 2, 'объявления о деньгах', 70),
(2526, 1, 'взять деньги до зарплаты', 70),
(2527, 2, 'взять деньги до зарплаты', 70),
(2528, 1, 'дам деньги в займы', 70),
(2529, 2, 'дам деньги в займы', 70),
(2530, 1, 'даем в займы деньги', 70),
(2531, 2, 'даем в займы деньги', 70),
(2532, 1, 'даю деньги в займы', 70),
(2533, 2, 'даю деньги в займы', 70),
(2534, 1, 'деньги под проценты без залога', 70),
(2535, 2, 'деньги под проценты без залога', 70),
(2536, 1, 'срочно нужны деньги до зарплаты', 70),
(2537, 2, 'срочно нужны деньги до зарплаты', 70),
(2538, 1, 'деньги под проценты под расписку', 70),
(2539, 2, 'деньги под проценты под расписку', 70),
(2540, 1, 'получить деньги в долг', 70),
(2541, 2, 'получить деньги в долг', 70),
(2542, 1, 'бизнес деньги в долг', 70),
(2543, 2, 'бизнес деньги в долг', 70),
(2544, 1, 'дом под деньги под', 70),
(2545, 2, 'дом под деньги под', 70),
(2546, 1, 'деньги под паспорт', 70),
(2547, 2, 'деньги под паспорт', 70),
(2548, 1, 'срочно деньги безработным', 70),
(2549, 2, 'срочно деньги безработным', 70),
(2550, 1, 'как получить деньги с должника', 70),
(2551, 2, 'как получить деньги с должника', 70),
(2552, 1, 'возьму деньги взаймы', 70),
(2553, 2, 'возьму деньги взаймы', 70),
(2554, 1, 'нужны деньги помогите', 70),
(2555, 2, 'нужны деньги помогите', 70),
(2556, 1, 'деньги в залог', 70),
(2557, 2, 'деньги в залог', 70),
(2558, 1, 'деньги в долг без справок и поручителей', 70),
(2559, 2, 'деньги в долг без справок и поручителей', 70),
(2560, 1, 'деньги без справок', 70),
(2561, 2, 'деньги без справок', 70),
(2562, 1, 'деньги в долг без справок без поручителей', 70),
(2563, 2, 'деньги в долг без справок без поручителей', 70),
(2564, 1, 'взять деньги у частного лица', 70),
(2565, 2, 'взять деньги у частного лица', 70),
(2566, 1, 'деловые деньги', 70),
(2567, 2, 'деловые деньги', 70),
(2568, 1, 'дам деньги под проценты без залога', 70),
(2569, 2, 'дам деньги под проценты без залога', 70),
(2570, 1, 'деньги срочно до зарплаты', 70),
(2571, 2, 'деньги срочно до зарплаты', 70),
(2572, 1, 'взять деньги в займы', 70),
(2573, 2, 'взять деньги в займы', 70),
(2574, 1, 'срочно надо деньги', 70),
(2575, 2, 'срочно надо деньги', 70),
(2576, 1, 'активные деньги', 70),
(2577, 2, 'активные деньги', 70),
(2578, 1, 'деньги в долг круглосуточно', 70),
(2579, 2, 'деньги в долг круглосуточно', 70),
(2580, 1, 'деньги в долг на дом', 70),
(2581, 2, 'деньги в долг на дом', 70),
(2582, 1, 'деньги в долг qiwi', 70),
(2583, 2, 'деньги в долг qiwi', 70),
(2584, 1, 'срочно нужны деньги от частного лица', 70),
(2585, 2, 'срочно нужны деньги от частного лица', 70),
(2586, 1, 'деньги в долг студентам', 70),
(2587, 2, 'деньги в долг студентам', 70),
(2588, 1, 'деньги до зп', 70),
(2589, 2, 'деньги до зп', 70),
(2590, 1, 'деньги за 30 минут', 70),
(2591, 2, 'деньги за 30 минут', 70),
(2592, 1, 'возьму деньги в долг у частного лица под расписку', 70),
(2593, 2, 'возьму деньги в долг у частного лица под расписку', 70),
(2594, 1, 'нуждаюсь в деньгах', 70),
(2595, 2, 'нуждаюсь в деньгах', 70),
(2596, 1, 'деньги наличными срочно', 70),
(2597, 2, 'деньги наличными срочно', 70),
(2598, 1, 'деньги под зарплату', 70),
(2599, 2, 'деньги под зарплату', 70),
(2600, 1, 'дам деньги взаймы', 70),
(2601, 2, 'дам деньги взаймы', 70),
(2602, 1, 'дам деньги в долг объявления', 70),
(2603, 2, 'дам деньги в долг объявления', 70),
(2604, 1, 'срочно дам деньги в долг под расписку', 70),
(2605, 2, 'срочно дам деньги в долг под расписку', 70),
(2606, 1, 'объявление даю деньги в долг', 70),
(2607, 2, 'объявление даю деньги в долг', 70),
(2608, 1, 'дают деньги взаймы', 70),
(2609, 2, 'дают деньги взаймы', 70),
(2610, 1, 'займу деньги без залога', 70),
(2611, 2, 'займу деньги без залога', 70),
(2612, 1, 'помощь в получение деньги', 70),
(2613, 2, 'помощь в получение деньги', 70),
(2614, 1, 'деньги в долг не банк', 70),
(2615, 2, 'деньги в долг не банк', 70),
(2616, 1, 'деньги в долг срочно под проценты', 70),
(2617, 2, 'деньги в долг срочно под проценты', 70),
(2618, 1, 'деньги 1', 70),
(2619, 2, 'деньги 1', 70),
(2620, 1, 'деньги ссуду', 70),
(2621, 2, 'деньги ссуду', 70),
(2622, 1, 'взять деньги под проценты срочно', 70),
(2623, 2, 'взять деньги под проценты срочно', 70),
(2624, 1, 'взять деньги в долг срочно у частного лица', 70),
(2625, 2, 'взять деньги в долг срочно у частного лица', 70),
(2626, 1, 'деньги под бизнес', 70),
(2627, 2, 'деньги под бизнес', 70),
(2628, 1, 'встречусь за деньги', 70),
(2629, 2, 'встречусь за деньги', 70),
(2630, 1, 'частные объявления деньги в долг', 70),
(2631, 2, 'частные объявления деньги в долг', 70),
(2632, 1, 'деньги в долг с 20 лет', 70),
(2633, 2, 'деньги в долг с 20 лет', 70),
(2634, 1, 'деньги под', 70),
(2635, 2, 'деньги под', 70),
(2636, 1, 'окажу помощь деньгами', 70),
(2637, 2, 'окажу помощь деньгами', 70),
(2638, 1, 'дам деньги всем', 70),
(2639, 2, 'дам деньги всем', 70),
(2640, 1, 'деньги в долг в залог паспорт', 70),
(2641, 2, 'деньги в долг в залог паспорт', 70),
(2642, 1, 'даем деньги всем', 70),
(2643, 2, 'даем деньги всем', 70),
(2644, 1, 'даю деньги в долг под проценты без залога', 70),
(2645, 2, 'даю деньги в долг под проценты без залога', 70),
(2646, 1, 'деньги в долг от 18 лет', 70),
(2647, 2, 'деньги в долг от 18 лет', 70),
(2648, 1, 'срочно нужны деньги сегодня', 70),
(2649, 2, 'срочно нужны деньги сегодня', 70),
(2650, 1, 'дам деньги в долг под процент без залога', 70),
(2651, 2, 'дам деньги в долг под процент без залога', 70),
(2652, 1, 'займ на дом деньги на дом', 70),
(2653, 2, 'займ на дом деньги на дом', 70),
(2654, 1, 'быстро нужны деньги', 70),
(2655, 2, 'быстро нужны деньги', 70),
(2656, 1, 'нужны быстрые деньги', 70),
(2657, 2, 'нужны быстрые деньги', 70),
(2658, 1, 'деньги в долг за час', 70),
(2659, 2, 'деньги в долг за час', 70),
(2660, 1, 'деньги в долг срочно онлайн', 70),
(2661, 2, 'деньги в долг срочно онлайн', 70),
(2662, 1, 'деньги по расписке', 70),
(2663, 2, 'деньги по расписке', 70),
(2664, 1, 'деньги в долг ру', 70),
(2665, 2, 'деньги в долг ру', 70),
(2666, 1, 'дам деньги в долг без залога под расписку', 70),
(2667, 2, 'дам деньги в долг без залога под расписку', 70),
(2668, 1, 'срочно деньги от частного лица', 70),
(2669, 2, 'срочно деньги от частного лица', 70),
(2670, 1, 'займы и деньги', 70),
(2671, 2, 'займы и деньги', 70),
(2672, 1, 'занять деньги у частного лица под проценты', 70),
(2673, 2, 'занять деньги у частного лица под проценты', 70),
(2674, 1, 'деньги в долг не работающим', 70),
(2675, 2, 'деньги в долг не работающим', 70),
(2676, 1, 'деньги в долг без предоплаты', 70),
(2677, 2, 'деньги в долг без предоплаты', 70),
(2678, 1, 'деньги срочно в долг по паспорту', 70),
(2679, 2, 'деньги срочно в долг по паспорту', 70),
(2680, 1, 'быстрые деньги наличными', 70),
(2681, 2, 'быстрые деньги наличными', 70),
(2682, 1, 'как получить деньги на бизнеса', 70),
(2683, 2, 'как получить деньги на бизнеса', 70),
(2684, 1, 'деньги в долг наличными', 70),
(2685, 2, 'деньги в долг наличными', 70),
(2686, 1, 'дам деньги под', 70),
(2687, 2, 'дам деньги под', 70),
(2688, 1, 'деньги наличными без предоплаты', 70),
(2689, 2, 'деньги наличными без предоплаты', 70),
(2690, 1, 'срочно дам деньги', 70),
(2691, 2, 'срочно дам деньги', 70),
(2692, 1, 'деньги по вызову', 70),
(2693, 2, 'деньги по вызову', 70),
(2694, 1, 'занять деньги онлайн', 70),
(2695, 2, 'занять деньги онлайн', 70),
(2696, 1, 'даю деньги под', 70),
(2697, 2, 'даю деньги под', 70),
(2698, 1, 'деньги на любые нужды', 70),
(2699, 2, 'деньги на любые нужды', 70),
(2700, 1, 'моментально деньги в долг', 70),
(2701, 2, 'моментально деньги в долг', 70),
(2702, 1, 'деньги в долг 24', 70),
(2703, 2, 'деньги в долг 24', 70),
(2704, 1, 'деньги в долг без прописки', 70),
(2705, 2, 'деньги в долг без прописки', 70),
(2706, 1, 'нужны деньги сегодня', 70),
(2707, 2, 'нужны деньги сегодня', 70),
(2708, 1, 'деньги на месяц', 70),
(2709, 2, 'деньги на месяц', 70),
(2710, 1, 'помогите деньгами срочно', 70),
(2711, 2, 'помогите деньгами срочно', 70),
(2712, 1, 'быстро взять деньги в долг', 70),
(2713, 2, 'быстро взять деньги в долг', 70),
(2714, 1, 'деньги в долг срочно сегодня', 70),
(2715, 2, 'деньги в долг срочно сегодня', 70),
(2716, 1, 'деньги в долг всем', 70),
(2717, 2, 'деньги в долг всем', 70),
(2718, 1, 'деньги в долг на покупку авто', 70),
(2719, 2, 'деньги в долг на покупку авто', 70),
(2720, 1, 'деньги сегодня срочно', 70),
(2721, 2, 'деньги сегодня срочно', 70),
(2722, 1, 'деньги взаймы до зарплаты', 70),
(2723, 2, 'деньги взаймы до зарплаты', 70),
(2724, 1, 'получить срочно деньги', 70),
(2725, 2, 'получить срочно деньги', 70),
(2726, 1, 'деньги для развития бизнеса', 70),
(2727, 2, 'деньги для развития бизнеса', 70),
(2728, 1, 'деньги срочно онлайн', 70),
(2729, 2, 'деньги срочно онлайн', 70),
(2730, 1, 'деньги в долг в день обращения', 70),
(2731, 2, 'деньги в долг в день обращения', 70),
(2732, 1, 'дам деньги в долг под проценты частное лицо', 70),
(2733, 2, 'дам деньги в долг под проценты частное лицо', 70),
(2734, 1, 'срочно деньги в день обращения', 70),
(2735, 2, 'срочно деньги в день обращения', 70),
(2736, 1, 'деньги в долг под паспорт', 70),
(2737, 2, 'деньги в долг под паспорт', 70),
(2738, 1, 'деньги в долг без справок', 70),
(2739, 2, 'деньги в долг без справок', 70),
(2740, 1, 'быстрые деньги заявка', 70),
(2741, 2, 'быстрые деньги заявка', 70),
(2742, 1, 'деньги на авто', 70),
(2743, 2, 'деньги на авто', 70),
(2744, 1, 'деньги в долг под расписку без предоплаты', 70),
(2745, 2, 'деньги в долг под расписку без предоплаты', 70),
(2746, 1, 'частное лицо даст в долг деньги под проценты', 70),
(2747, 2, 'частное лицо даст в долг деньги под проценты', 70),
(2748, 1, 'срочные деньги по паспорту', 70),
(2749, 2, 'срочные деньги по паспорту', 70),
(2750, 1, 'моментальные деньги займ', 70),
(2751, 2, 'моментальные деньги займ', 70),
(2752, 1, 'деньги по договору займа', 70),
(2753, 2, 'деньги по договору займа', 70),
(2754, 1, 'даю деньги в рассрочку', 70),
(2755, 2, 'даю деньги в рассрочку', 70),
(2756, 1, 'деньги в займы с 18 лет', 70),
(2757, 2, 'деньги в займы с 18 лет', 70),
(2758, 1, 'взять деньги с плохой кредитной историей', 70),
(2759, 2, 'взять деньги с плохой кредитной историей', 70),
(2760, 1, 'быстрые деньги по паспорту', 70),
(2761, 2, 'быстрые деньги по паспорту', 70),
(2762, 1, 'деньги в долг без участия банка', 70),
(2763, 2, 'деньги в долг без участия банка', 70),
(2764, 1, 'деньги в долг у ростовщиков', 70),
(2765, 2, 'деньги в долг у ростовщиков', 70),
(2766, 1, 'банки деньги под проценты', 70),
(2767, 2, 'банки деньги под проценты', 70),
(2768, 1, 'деньги в долг без участия банков', 70),
(2769, 2, 'деньги в долг без участия банков', 70),
(2770, 1, 'онлайн взять деньги в долг', 70),
(2771, 2, 'онлайн взять деньги в долг', 70),
(2772, 1, 'быстро деньги по паспорту', 70),
(2773, 2, 'быстро деньги по паспорту', 70),
(2774, 1, 'как получить деньги на малого бизнеса', 70),
(2775, 2, 'как получить деньги на малого бизнеса', 70),
(2776, 1, 'займу деньги под', 70),
(2777, 2, 'займу деньги под', 70),
(2778, 1, 'быстрые деньги онлайн заявка', 70),
(2779, 2, 'быстрые деньги онлайн заявка', 70),
(2780, 1, 'деньги в рассрочку дам', 70),
(2781, 2, 'деньги в рассрочку дам', 70),
(2782, 1, 'срочно нужны деньги 50000', 70),
(2783, 2, 'срочно нужны деньги 50000', 70),
(2784, 1, 'дают деньги в рассрочку', 70),
(2785, 2, 'дают деньги в рассрочку', 70),
(2786, 1, 'займы до зарплаты', 71),
(2787, 2, 'займы до зарплаты', 71),
(2788, 3, '', 71),
(2789, 4, '', 71),
(2790, 5, '', 71),
(2791, 6, '', 71),
(2792, 7, '', 71),
(2793, 10, '', 71),
(2794, 11, '', 71),
(2795, 12, '', 71),
(2796, 13, '', 71),
(2797, 14, '', 71),
(2798, 1, 'быстрые займы', 71),
(2799, 2, 'быстрые займы', 71),
(2800, 1, 'займ быстро', 71),
(2801, 2, 'займ быстро', 71),
(2802, 1, 'займы онлайн', 71),
(2803, 2, 'займы онлайн', 71),
(2804, 1, 'займы денег', 71),
(2805, 2, 'займы денег', 71),
(2806, 1, 'займы срочно', 71),
(2807, 2, 'займы срочно', 71),
(2808, 1, 'срочные займы', 71),
(2809, 2, 'срочные займы', 71),
(2810, 1, 'cрочные займы', 71),
(2811, 2, 'cрочные займы', 71),
(2812, 1, 'займы до зарплаты займ', 71),
(2813, 2, 'займы до зарплаты займ', 71),
(2814, 1, 'займы до зарплаты займ', 71),
(2815, 2, 'займы под расписку', 71),
(2816, 1, 'займы под расписку', 71),
(2817, 2, 'займы с плохой кредитной историей', 71),
(2818, 1, 'займы с плохой кредитной историей', 71),
(2819, 2, 'краткосрочные займы', 71),
(2820, 1, 'краткосрочные займы', 71),
(2821, 2, 'займы по паспорту', 71),
(2822, 1, 'займы по паспорту', 71),
(2823, 2, 'частный займ от частного лица', 71),
(2824, 1, 'частный займ от частного лица', 71),
(2825, 2, 'займы физическим лицам', 71),
(2826, 1, 'займы физическим лицам', 71),
(2827, 2, 'займ денег у частных лиц', 71),
(2828, 1, 'займ денег у частных лиц', 71),
(2829, 2, 'займ от частного лица без залога', 71),
(2830, 1, 'займ от частного лица без залога', 71),
(2831, 2, 'частный займ под расписку', 71),
(2832, 1, 'частный займ под расписку', 71),
(2833, 2, 'частный займ', 71),
(2834, 1, 'частный займ', 71),
(2835, 2, 'займы населению', 71),
(2836, 1, 'займы населению', 71),
(2837, 2, 'частный займ без залога', 71),
(2838, 1, 'частный займ без залога', 71),
(2839, 2, 'денежные займы', 71),
(2840, 1, 'денежные займы', 71),
(2841, 2, 'быстрые займы денег', 71),
(2842, 1, 'быстрые займы денег', 71),
(2843, 2, 'займ денег быстро', 71),
(2844, 1, 'займ денег быстро', 71),
(2845, 2, 'заем или займ', 71),
(2846, 1, 'заем или займ', 71),
(2847, 2, 'займ денег под расписку', 71),
(2848, 1, 'займ денег под расписку', 71),
(2849, 2, 'взять займ', 71),
(2850, 1, 'взять займ', 71),
(2851, 2, 'займ от частного лица под расписку', 71),
(2852, 1, 'займ от частного лица под расписку', 71),
(2853, 2, 'срочный займ с плохой кредитной историей', 71),
(2854, 1, 'срочный займ с плохой кредитной историей', 71),
(2855, 2, 'займы срочно с плохой кредитной историей', 71),
(2856, 1, 'займы срочно с плохой кредитной историей', 71),
(2857, 2, 'займ легко', 71),
(2858, 1, 'займ легко', 71),
(2859, 2, 'легкие займы', 71),
(2860, 1, 'легкие займы', 71),
(2861, 2, 'срочный займ от частного лица', 71),
(2862, 1, 'срочный займ от частного лица', 71),
(2863, 2, 'срочно займ от частного лица', 71),
(2864, 1, 'срочно займ от частного лица', 71),
(2865, 2, 'быстрый займ по паспорту', 71),
(2866, 1, 'быстрый займ по паспорту', 71),
(2867, 2, 'займы быстро по паспорту', 71),
(2868, 1, 'займы быстро по паспорту', 71),
(2869, 2, 'займ денег под проценты', 71),
(2870, 1, 'займ денег под проценты', 71),
(2871, 2, 'быстрые займы онлайн', 71),
(2872, 1, 'быстрые займы онлайн', 71),
(2873, 2, 'займ онлайн быстро', 71),
(2874, 1, 'займ онлайн быстро', 71),
(2875, 2, 'срочные займы онлайн', 71),
(2876, 1, 'срочные займы онлайн', 71),
(2877, 2, 'онлайн займ срочно', 71),
(2878, 1, 'онлайн займ срочно', 71),
(2879, 2, 'займ через интернет', 71),
(2880, 1, 'займ через интернет', 71),
(2881, 2, 'частный займ срочно', 71),
(2882, 1, 'частный займ срочно', 71),
(2883, 2, 'срочный частный займ', 71),
(2884, 1, 'срочный частный займ', 71),
(2885, 2, 'мгновенные займы', 71),
(2886, 1, 'мгновенные займы', 71),
(2887, 2, 'взять займ у частного лица', 71),
(2888, 1, 'взять займ у частного лица', 71),
(2889, 2, 'моментальные займы', 71),
(2890, 1, 'моментальные займы', 71),
(2891, 2, 'срочно взять займ', 71),
(2892, 1, 'срочно взять займ', 71),
(2893, 2, 'взять срочный займ', 71),
(2894, 1, 'взять срочный займ', 71),
(2895, 2, 'срочный займ денег', 71),
(2896, 1, 'срочный займ денег', 71),
(2897, 2, 'займ денег срочно', 71),
(2898, 1, 'займ денег срочно', 71),
(2899, 2, 'интернет займы', 71),
(2900, 1, 'интернет займы', 71),
(2901, 2, 'займы безработным', 71),
(2902, 1, 'займы безработным', 71),
(2903, 2, 'займ в день обращения', 71),
(2904, 1, 'займ в день обращения', 71),
(2905, 2, 'займы до 50000', 71),
(2906, 1, 'займы до 50000', 71),
(2907, 2, 'займы срочно по паспорту', 71),
(2908, 1, 'займы срочно по паспорту', 71),
(2909, 2, 'займы с 18 лет', 71),
(2910, 1, 'займы с 18 лет', 71),
(2911, 2, 'займ без справок и поручителей', 71),
(2912, 1, 'займ без справок и поручителей', 71),
(2913, 2, 'займы без залогов', 71),
(2914, 1, 'займы без залогов', 71),
(2915, 2, 'даем в займы', 71),
(2916, 1, 'даем в займы', 71),
(2917, 2, 'долгосрочные займы', 71),
(2918, 1, 'долгосрочные займы', 71),
(2919, 2, 'займ без залога', 71),
(2920, 1, 'займ без залога', 71),
(2921, 2, 'займ на карту', 71),
(2922, 1, 'займ на карту', 71),
(2923, 2, 'займ ру', 71),
(2924, 1, 'займ ру', 71),
(2925, 2, 'займ под проценты', 71),
(2926, 1, 'займ под проценты', 71),
(2927, 2, 'дам займ', 71),
(2928, 1, 'дам займ', 71),
(2929, 2, 'дадим займ', 71),
(2930, 1, 'дадим займ', 71),
(2931, 2, 'даю займ', 71),
(2932, 1, 'даю займ', 71),
(2933, 2, 'взять займ онлайн', 71),
(2934, 1, 'взять займ онлайн', 71),
(2935, 2, 'займ наличными', 71);
INSERT INTO `tbl_text_data` (`id`, `import_var_id`, `import_var_value`, `text_id`) VALUES
(2936, 1, 'займ наличными', 71),
(2937, 2, 'займы на дом', 71),
(2938, 1, 'займы на дом', 71),
(2939, 2, 'займы без проверки кредитной истории', 71),
(2940, 1, 'займы без проверки кредитной истории', 71),
(2941, 2, 'займы всем', 71),
(2942, 1, 'займы всем', 71),
(2943, 2, 'срочный займ до зарплаты', 71),
(2944, 1, 'срочный займ до зарплаты', 71),
(2945, 2, 'займ до зарплаты срочно', 71),
(2946, 1, 'займ до зарплаты срочно', 71),
(2947, 2, 'займы для бизнеса', 71),
(2948, 1, 'займы для бизнеса', 71),
(2949, 2, 'займы до 100000', 71),
(2950, 1, 'займы до 100000', 71),
(2951, 2, 'получить займ', 71),
(2952, 1, 'получить займ', 71),
(2953, 2, 'выдам частный займ', 71),
(2954, 1, 'выдам частный займ', 71),
(2955, 2, 'займы без залога и поручителей', 71),
(2956, 1, 'займы без залога и поручителей', 71),
(2957, 2, 'займы без залогов и поручителей', 71),
(2958, 1, 'займы без залогов и поручителей', 71),
(2959, 2, 'займы денег до зарплаты', 71),
(2960, 1, 'займы денег до зарплаты', 71),
(2961, 2, 'частный займ денег', 71),
(2962, 1, 'частный займ денег', 71),
(2963, 2, 'быстро получить займ', 71),
(2964, 1, 'быстро получить займ', 71),
(2965, 2, 'быстрый займ до зарплаты', 71),
(2966, 1, 'быстрый займ до зарплаты', 71),
(2967, 2, 'займ денег онлайн', 71),
(2968, 1, 'займ денег онлайн', 71),
(2969, 2, 'займы без процентов', 71),
(2970, 1, 'займы без процентов', 71),
(2971, 2, 'быстрые займы с плохой кредитной историей', 71),
(2972, 1, 'быстрые займы с плохой кредитной историей', 71),
(2973, 2, 'займ за 5 минут', 71),
(2974, 1, 'займ за 5 минут', 71),
(2975, 2, 'частный займ без предоплаты', 71),
(2976, 1, 'частный займ без предоплаты', 71),
(2977, 2, 'займ за час', 71),
(2978, 1, 'займ за час', 71),
(2979, 2, 'дам займ под расписку', 71),
(2980, 1, 'дам займ под расписку', 71),
(2981, 2, 'даю займ под расписку', 71),
(2982, 1, 'даю займ под расписку', 71),
(2983, 2, 'займы не выходя из дома', 71),
(2984, 1, 'займы не выходя из дома', 71),
(2985, 2, 'ипотечные займы', 71),
(2986, 1, 'ипотечные займы', 71),
(2987, 2, 'предоставлю займ', 71),
(2988, 1, 'предоставлю займ', 71),
(2989, 2, 'займ круглосуточно', 71),
(2990, 1, 'займ круглосуточно', 71),
(2991, 2, 'кредитные займы', 71),
(2992, 1, 'кредитные займы', 71),
(2993, 2, 'займ оформить онлайн', 71),
(2994, 1, 'займ оформить онлайн', 71),
(2995, 2, 'помощь в получении займа', 71),
(2996, 1, 'помощь в получении займа', 71),
(2997, 2, 'ссуды займы', 71),
(2998, 1, 'ссуды займы', 71),
(2999, 2, 'cсуда займ', 71),
(3000, 1, 'cсуда займ', 71),
(3001, 2, 'взять займ с плохой кредитной историей', 71),
(3002, 1, 'взять займ с плохой кредитной историей', 71),
(3003, 2, 'даю частный займ', 71),
(3004, 1, 'даю частный займ', 71),
(3005, 2, 'дам частный займ', 71),
(3006, 1, 'дам частный займ', 71),
(3007, 2, 'даем частные займы', 71),
(3008, 1, 'даем частные займы', 71),
(3009, 2, 'займы студентам', 71),
(3010, 1, 'займы студентам', 71),
(3011, 2, 'процентные займы', 71),
(3012, 1, 'процентные займы', 71),
(3013, 2, 'дам денег в займы', 71),
(3014, 1, 'дам денег в займы', 71),
(3015, 2, 'срочно нужны займ', 71),
(3016, 1, 'срочно нужны займ', 71),
(3017, 2, 'дайте денег в займы', 71),
(3018, 1, 'дайте денег в займы', 71),
(3019, 2, 'нужен срочный займ', 71),
(3020, 1, 'нужен срочный займ', 71),
(3021, 2, 'займы срочно с плохой кредитной историей срочно', 71),
(3022, 1, 'займы срочно с плохой кредитной историей срочно', 71),
(3023, 2, 'займы для пенсионеров', 71),
(3024, 1, 'займы для пенсионеров', 71),
(3025, 2, 'займ денег с 18 лет', 71),
(3026, 1, 'займ денег с 18 лет', 71),
(3027, 2, 'онлайн заявка на займ', 71),
(3028, 1, 'онлайн заявка на займ', 71),
(3029, 2, 'малый займ', 71),
(3030, 1, 'малый займ', 71),
(3031, 2, 'моментальные онлайн займы', 71),
(3032, 1, 'моментальные онлайн займы', 71),
(3033, 2, 'мгновенные займы на карту', 71),
(3034, 1, 'мгновенные займы на карту', 71),
(3035, 2, 'нужен займ', 71),
(3036, 1, 'нужен займ', 71),
(3037, 2, 'заявка на займ', 71),
(3038, 1, 'заявка на займ', 71),
(3039, 2, 'займ без справок', 71),
(3040, 1, 'займ без справок', 71),
(3041, 2, 'займ до 10000', 71),
(3042, 1, 'займ до 10000', 71),
(3043, 2, 'займы малому бизнесу', 71),
(3044, 1, 'займы малому бизнесу', 71),
(3045, 2, 'срочно нужен частный займ', 71),
(3046, 1, 'срочно нужен частный займ', 71),
(3047, 2, 'займы до 30000', 71),
(3048, 1, 'займы до 30000', 71),
(3049, 2, 'займ денег в долг', 71),
(3050, 1, 'займ денег в долг', 71),
(3051, 2, 'быстрый частный займ', 71),
(3052, 1, 'быстрый частный займ', 71),
(3053, 2, 'быстрые денежные займы', 71),
(3054, 1, 'быстрые денежные займы', 71),
(3055, 2, 'денежные займы быстро', 71),
(3056, 1, 'денежные займы быстро', 71),
(3057, 2, 'займы до получки', 71),
(3058, 1, 'займы до получки', 71),
(3059, 2, 'займы на год', 71),
(3060, 1, 'займы на год', 71),
(3061, 2, 'срочные денежные займы', 71),
(3062, 1, 'срочные денежные займы', 71),
(3063, 2, 'денежный займ срочно', 71),
(3064, 1, 'денежный займ срочно', 71),
(3065, 2, 'займы без предоплаты', 71),
(3066, 1, 'займы без предоплаты', 71),
(3067, 2, 'займы с доставкой', 71),
(3068, 1, 'займы с доставкой', 71),
(3069, 2, 'взять денег в займы', 71),
(3070, 1, 'взять денег в займы', 71),
(3071, 2, 'взять частный займ', 71),
(3072, 1, 'взять частный займ', 71),
(3073, 2, 'взять быстрый займ', 71),
(3074, 1, 'взять быстрый займ', 71),
(3075, 2, 'срочный займ через интернет', 71),
(3076, 1, 'срочный займ через интернет', 71),
(3077, 2, 'взять займ быстро', 71),
(3078, 1, 'взять займ быстро', 71),
(3079, 2, 'мгновенный онлайн займ', 71),
(3080, 1, 'мгновенный онлайн займ', 71),
(3081, 2, 'займы с 20 лет', 71),
(3082, 1, 'займы с 20 лет', 71),
(3083, 2, 'займ без банков', 71),
(3084, 1, 'займ без банков', 71),
(3085, 2, 'блиц займ', 71),
(3086, 1, 'блиц займ', 71),
(3087, 2, 'предоставлю частный займ от частного лица без предоплаты', 71),
(3088, 1, 'предоставлю частный займ от частного лица без предоплаты', 71),
(3089, 2, 'займ 20000', 71),
(3090, 1, 'займ 20000', 71),
(3091, 2, 'займы в питере', 71),
(3092, 1, 'займы в питере', 71),
(3093, 2, 'займ денег без залога', 71),
(3094, 1, 'займ денег без залога', 71),
(3095, 2, 'оформить займ', 71),
(3096, 1, 'оформить займ', 71),
(3097, 2, 'взять займ до зарплаты', 71),
(3098, 1, 'взять займ до зарплаты', 71),
(3099, 2, 'займы без поручителей', 71),
(3100, 1, 'займы без поручителей', 71),
(3101, 2, 'быстрый займ через интернет', 71),
(3102, 1, 'быстрый займ через интернет', 71),
(3103, 2, 'займы по расписке', 71),
(3104, 1, 'займы по расписке', 71),
(3105, 2, 'займы без прописки', 71),
(3106, 1, 'займы без прописки', 71),
(3107, 2, 'предоставлю частный займ', 71),
(3108, 1, 'предоставлю частный займ', 71),
(3109, 2, '100 займы', 71),
(3110, 1, '100 займы', 71),
(3111, 2, 'дай пять займы', 71),
(3112, 1, 'дай пять займы', 71),
(3113, 2, 'займ 5000 рублей', 71),
(3114, 1, 'займ 5000 рублей', 71),
(3115, 2, 'быстро займ с 18 лет', 71),
(3116, 1, 'быстро займ с 18 лет', 71),
(3117, 2, 'быстрый займ с 18 лет', 71),
(3118, 1, 'быстрый займ с 18 лет', 71),
(3119, 2, 'взять займ через интернет', 71),
(3120, 1, 'взять займ через интернет', 71),
(3121, 2, 'срочные займы на дом', 71),
(3122, 1, 'срочные займы на дом', 71),
(3123, 2, 'мелкие займы', 71),
(3124, 1, 'мелкие займы', 71),
(3125, 2, 'займы срочно на дом', 71),
(3126, 1, 'займы срочно на дом', 71),
(3127, 2, 'займ денег через интернет', 71),
(3128, 1, 'займ денег через интернет', 71),
(3129, 2, 'займы в долг', 71),
(3130, 1, 'займы в долг', 71),
(3131, 2, 'займы под', 71),
(3132, 1, 'займы под', 71),
(3133, 2, 'займ под авто', 71),
(3134, 1, 'займ под авто', 71),
(3135, 2, 'займ денег в интернете', 71),
(3136, 1, 'займ денег в интернете', 71),
(3137, 2, 'займ под расписку срочно', 71),
(3138, 1, 'займ под расписку срочно', 71),
(3139, 2, 'срочный займ под расписку', 71),
(3140, 1, 'срочный займ под расписку', 71),
(3141, 2, 'займ без справок о доходах', 71),
(3142, 1, 'займ без справок о доходах', 71),
(3143, 2, 'частные займы без залога под расписку', 71),
(3144, 1, 'частные займы без залога под расписку', 71),
(3145, 2, 'срочный интернет займ', 71),
(3146, 1, 'срочный интернет займ', 71),
(3147, 2, 'быстрый займ от частного лица', 71),
(3148, 1, 'быстрый займ от частного лица', 71),
(3149, 2, 'интернет займы срочно', 71),
(3150, 1, 'интернет займы срочно', 71),
(3151, 2, 'займ на месяц', 71),
(3152, 1, 'займ на месяц', 71),
(3153, 2, 'займ денег на дом', 71),
(3154, 1, 'займ денег на дом', 71),
(3155, 2, 'очень срочные займы', 71),
(3156, 1, 'очень срочные займы', 71),
(3157, 2, 'займы наличными с 18 лет', 71),
(3158, 1, 'займы наличными с 18 лет', 71),
(3159, 2, 'быстрые займы без проверок кредитных историй', 71),
(3160, 1, 'быстрые займы без проверок кредитных историй', 71),
(3161, 2, 'займ 30000 рублей', 71),
(3162, 1, 'займ 30000 рублей', 71),
(3163, 2, 'займ до 5000', 71),
(3164, 1, 'займ до 5000', 71),
(3165, 2, 'займы по двум документам', 71),
(3166, 1, 'займы по двум документам', 71),
(3167, 2, 'доверительные займы', 71),
(3168, 1, 'доверительные займы', 71),
(3169, 2, 'быстрый интернет займ', 71),
(3170, 1, 'быстрый интернет займ', 71),
(3171, 2, 'займы физическим лицам без залога', 71),
(3172, 1, 'займы физическим лицам без залога', 71),
(3173, 2, 'денежные займы онлайн', 71),
(3174, 1, 'денежные займы онлайн', 71),
(3175, 2, 'ссуды и займы', 71),
(3176, 1, 'ссуды и займы', 71),
(3177, 2, 'срочный взять займ у частного лица', 71),
(3178, 1, 'срочный взять займ у частного лица', 71),
(3179, 2, 'займы денег круглосуточно', 71),
(3180, 1, 'займы денег круглосуточно', 71),
(3181, 2, 'частные займы с 18 лет', 71),
(3182, 1, 'частные займы с 18 лет', 71),
(3183, 2, 'срочный займ с 18 лет', 71),
(3184, 1, 'срочный займ с 18 лет', 71),
(3185, 2, 'срочные займы наличными', 71),
(3186, 1, 'срочные займы наличными', 71),
(3187, 2, 'займ с 18 лет срочно', 71),
(3188, 1, 'займ с 18 лет срочно', 71),
(3189, 2, 'частные займы без залога без предоплаты', 71),
(3190, 1, 'частные займы без залога без предоплаты', 71),
(3191, 2, 'частные объявления о займах', 71),
(3192, 1, 'частные объявления о займах', 71),
(3193, 2, 'быстрый займ наличными', 71),
(3194, 1, 'быстрый займ наличными', 71),
(3195, 2, 'дам частный займ от частного лица без предоплаты', 71),
(3196, 1, 'дам частный займ от частного лица без предоплаты', 71),
(3197, 2, 'срочный займ всем', 71),
(3198, 1, 'срочный займ всем', 71),
(3199, 2, 'займы денег без процентов', 71),
(3200, 1, 'займы денег без процентов', 71),
(3201, 2, 'займы всем срочно', 71),
(3202, 1, 'займы всем срочно', 71),
(3203, 2, 'займ денег с плохой кредитной историей', 71),
(3204, 1, 'займ денег с плохой кредитной историей', 71),
(3205, 2, 'займ без проблем', 71),
(3206, 1, 'займ без проблем', 71),
(3207, 2, 'получить займ через интернет', 71),
(3208, 1, 'получить займ через интернет', 71),
(3209, 2, 'займы наличными срочно', 71),
(3210, 1, 'займы наличными срочно', 71),
(3211, 2, 'займы наличными быстро', 71),
(3212, 1, 'займы наличными быстро', 71),
(3213, 2, 'займ без кредитной истории', 71),
(3214, 1, 'займ без кредитной истории', 71),
(3215, 2, 'займы населению через интернет', 71),
(3216, 1, 'займы населению через интернет', 71),
(3217, 2, 'быстрые займы без залога и поручителя', 71),
(3218, 1, 'быстрые займы без залога и поручителя', 71),
(3219, 2, 'займы 50 000', 71),
(3220, 1, 'займы 50 000', 71),
(3221, 2, 'дать займ под проценты', 71),
(3222, 1, 'дать займ под проценты', 71),
(3223, 2, 'займ за 30 минут', 71),
(3224, 1, 'займ за 30 минут', 71),
(3225, 2, 'займ денег по паспорту', 71),
(3226, 1, 'займ денег по паспорту', 71),
(3227, 2, 'онлайн займы с плохой кредитной историей', 71),
(3228, 1, 'онлайн займы с плохой кредитной историей', 71),
(3229, 2, 'кредитная история не важна займ', 71),
(3230, 1, 'кредитная история не важна займ', 71),
(3231, 2, 'быстрый займ в питере', 71),
(3232, 1, 'быстрый займ в питере', 71),
(3233, 1, 'кредитные брокеры', 72),
(3234, 2, 'кредитные брокеры', 72),
(3235, 3, '', 72),
(3236, 4, '', 72),
(3237, 5, '', 72),
(3238, 6, '', 72),
(3239, 7, '', 72),
(3240, 10, '', 72),
(3241, 11, '', 72),
(3242, 12, '', 72),
(3243, 13, '', 72),
(3244, 14, '', 72),
(3245, 1, 'кредитные карты онлайн', 72),
(3246, 2, 'кредитные карты онлайн', 72),
(3247, 1, 'оформить кредитную карту онлайн', 72),
(3248, 2, 'оформить кредитную карту онлайн', 72),
(3249, 1, 'кредитные карты без справок о доходах', 72),
(3250, 2, 'кредитные карты без справок о доходах', 72),
(3251, 1, 'кредитная карта онлайн заявка', 72),
(3252, 2, 'кредитная карта онлайн заявка', 72),
(3253, 1, 'кредитные карты отп банка', 72),
(3254, 2, 'кредитные карты отп банка', 72),
(3255, 1, 'кредитные карты без справок и поручителей', 72),
(3256, 2, 'кредитные карты без справок и поручителей', 72),
(3257, 1, 'кредитная карта по почте', 72),
(3258, 2, 'кредитная карта по почте', 72),
(3259, 1, 'кредитные карты в день обращения', 72),
(3260, 2, 'кредитные карты в день обращения', 72),
(3261, 1, 'оформить кредитную карту', 72),
(3262, 2, 'оформить кредитную карту', 72),
(3263, 1, 'оформляем кредитную карту', 72),
(3264, 2, 'оформляем кредитную карту', 72),
(3265, 1, 'кредитная карта с льготным периодом', 72),
(3266, 2, 'кредитная карта с льготным периодом', 72),
(3267, 1, 'как исправить кредитную историю', 72),
(3268, 2, 'как исправить кредитную историю', 72),
(3269, 1, 'кредитные карты банков', 72),
(3270, 2, 'кредитные карты банков', 72),
(3271, 1, 'кредитная карта банка', 72),
(3272, 2, 'кредитная карта банка', 72),
(3273, 1, 'банк кредитных карт', 72),
(3274, 2, 'банк кредитных карт', 72),
(3275, 1, 'микрозаймы с плохой кредитной историей', 72),
(3276, 2, 'микрозаймы с плохой кредитной историей', 72),
(3277, 1, 'микрозайм с плохой кредитной историей', 72),
(3278, 2, 'микрозайм с плохой кредитной историей', 72),
(3279, 1, 'оформить кредитную карту онлайн без справок', 72),
(3280, 2, 'оформить кредитную карту онлайн без справок', 72),
(3281, 1, 'кредитные карты с 18 лет', 72),
(3282, 2, 'кредитные карты с 18 лет', 72),
(3283, 1, 'моментальная кредитная карта', 72),
(3284, 2, 'моментальная кредитная карта', 72),
(3285, 1, 'моментально кредитную карту', 72),
(3286, 2, 'моментально кредитную карту', 72),
(3287, 1, 'быстрые кредитные карты', 72),
(3288, 2, 'быстрые кредитные карты', 72),
(3289, 1, 'кредитные карты быстро', 72),
(3290, 2, 'кредитные карты быстро', 72),
(3291, 1, 'плохая кредитная история', 72),
(3292, 2, 'плохая кредитная история', 72),
(3293, 1, 'получить кредитную карту', 72),
(3294, 2, 'получить кредитную карту', 72),
(3295, 1, 'кредитные карты с плохой кредитной историей', 72),
(3296, 2, 'кредитные карты с плохой кредитной историей', 72),
(3297, 1, 'кредитные карты с плохой кредитной историей', 72),
(3298, 2, 'кредитные карты с льготным периодом кредитования', 72),
(3299, 1, 'кредитные карты с льготным периодом кредитования', 72),
(3300, 2, 'кредитная карта по паспорту', 72),
(3301, 1, 'кредитная карта по паспорту', 72),
(3302, 2, 'кредитные карты с 20 лет', 72),
(3303, 1, 'кредитные карты с 20 лет', 72),
(3304, 2, 'заявка на кредитные карты', 72),
(3305, 1, 'заявка на кредитные карты', 72),
(3306, 2, 'кредитная карта заказать онлайн', 72),
(3307, 1, 'кредитная карта заказать онлайн', 72),
(3308, 2, 'кредитная карта оформление онлайн', 72),
(3309, 1, 'кредитная карта оформление онлайн', 72),
(3310, 2, 'кредитные карты без справок', 72),
(3311, 1, 'кредитные карты без справок', 72),
(3312, 2, 'кредитная карта с льготным периодом на снятие наличных', 72),
(3313, 1, 'кредитная карта с льготным периодом на снятие наличных', 72),
(3314, 2, 'кредитная карта на дом', 72),
(3315, 1, 'кредитная карта на дом', 72),
(3316, 2, 'оформление кредитной карты', 72),
(3317, 1, 'оформление кредитной карты', 72),
(3318, 2, 'кредитная карта с 19 лет', 72),
(3319, 1, 'кредитная карта с 19 лет', 72),
(3320, 2, 'кредитные карты безработным', 72),
(3321, 1, 'кредитные карты безработным', 72),
(3322, 2, 'кредитные карты с доставкой на дом', 72),
(3323, 1, 'кредитные карты с доставкой на дом', 72),
(3324, 2, 'кредитная карта онлайн без справок', 72),
(3325, 1, 'кредитная карта онлайн без справок', 72),
(3326, 2, 'получить кредитную карту по почте', 72),
(3327, 1, 'получить кредитную карту по почте', 72),
(3328, 2, 'убрир кредитная карта', 72),
(3329, 1, 'убрир кредитная карта', 72),
(3330, 2, 'заказать кредитную карту', 72),
(3331, 1, 'заказать кредитную карту', 72),
(3332, 2, 'кредитные карты срочно', 72),
(3333, 1, 'кредитные карты срочно', 72),
(3334, 2, 'срочные кредитные карты', 72),
(3335, 1, 'срочные кредитные карты', 72),
(3336, 2, 'кредитная карта без справок в день обращения', 72),
(3337, 1, 'кредитная карта без справок в день обращения', 72),
(3338, 2, 'кредитные карты с льготным периодом 100 дней', 72),
(3339, 1, 'кредитные карты с льготным периодом 100 дней', 72),
(3340, 2, 'кредитная карта за 15 минут', 72),
(3341, 1, 'кредитная карта за 15 минут', 72),
(3342, 2, 'лучшие кредитные карты', 72),
(3343, 1, 'лучшие кредитные карты', 72),
(3344, 2, 'кредитные ставки', 72),
(3345, 1, 'кредитные ставки', 72),
(3346, 2, 'заказать кредитную карту по почте', 72),
(3347, 1, 'заказать кредитную карту по почте', 72),
(3348, 2, 'кредитная карта за 5 минут', 72),
(3349, 1, 'кредитная карта за 5 минут', 72),
(3350, 2, 'кредитная карта за 1 день', 72),
(3351, 1, 'кредитная карта за 1 день', 72),
(3352, 2, 'очищаю кредитную историю', 72),
(3353, 1, 'очищаю кредитную историю', 72),
(3354, 2, 'очищу кредитную историю', 72),
(3355, 1, 'очищу кредитную историю', 72),
(3356, 2, 'ипотека с плохой кредитной историей', 72),
(3357, 1, 'ипотека с плохой кредитной историей', 72),
(3358, 2, 'кредитные карты студентам', 72),
(3359, 1, 'кредитные карты студентам', 72),
(3360, 2, 'оформить кредитную карту через интернет', 72),
(3361, 1, 'оформить кредитную карту через интернет', 72),
(3362, 2, 'плохая кредитная история что делать', 72),
(3363, 1, 'плохая кредитная история что делать', 72),
(3364, 2, 'заказать кредитную карту через интернет', 72),
(3365, 1, 'заказать кредитную карту через интернет', 72),
(3366, 2, 'подать заявку на кредитную карту', 72),
(3367, 1, 'подать заявку на кредитную карту', 72),
(3368, 2, 'кредитная карта за час', 72),
(3369, 1, 'кредитная карта за час', 72),
(3370, 2, 'кредитная карта через интернет', 72),
(3371, 1, 'кредитная карта через интернет', 72),
(3372, 2, 'взять кредитную карту', 72),
(3373, 1, 'взять кредитную карту', 72),
(3374, 2, 'кредитная карта с 21 года', 72),
(3375, 1, 'кредитная карта с 21 года', 72),
(3376, 2, 'почистить кредитную историю', 72),
(3377, 1, 'почистить кредитную историю', 72),
(3378, 2, 'кредитные карты пенсионером', 72),
(3379, 1, 'кредитные карты пенсионером', 72),
(3380, 2, 'кредитная карта за один день', 72),
(3381, 1, 'кредитная карта за один день', 72),
(3382, 2, 'кредитная карта по двум документам', 72),
(3383, 1, 'кредитная карта по двум документам', 72),
(3384, 2, 'оформить заявку на кредитную карту', 72),
(3385, 1, 'оформить заявку на кредитную карту', 72),
(3386, 2, 'кредитная карта условия', 72),
(3387, 1, 'кредитная карта условия', 72),
(3388, 2, 'кредитная карта за 30 минут', 72),
(3389, 1, 'кредитная карта за 30 минут', 72),
(3390, 2, 'получить кредитную карту в день обращения', 72),
(3391, 1, 'получить кредитную карту в день обращения', 72),
(3392, 2, 'оформить онлайн кредитную карту без справок и поручителей', 72),
(3393, 1, 'оформить онлайн кредитную карту без справок и поручителей', 72),
(3394, 2, 'помощь в получении кредитной карты', 72),
(3395, 1, 'помощь в получении кредитной карты', 72),
(3396, 2, 'кредитные карты без посещения банка', 72),
(3397, 1, 'кредитные карты без посещения банка', 72),
(3398, 2, 'выдача кредитов с плохой кредитной историей', 72),
(3399, 1, 'выдача кредитов с плохой кредитной историей', 72),
(3400, 2, 'оформить кредитную карту с плохой кредитной историей', 72),
(3401, 1, 'оформить кредитную карту с плохой кредитной историей', 72),
(3402, 2, 'оформить кредитную карту быстро', 72),
(3403, 1, 'оформить кредитную карту с плохой кредитной историей', 72),
(3404, 2, 'кредитные заявки', 72),
(3405, 1, 'оформить кредитную карту быстро', 72),
(3406, 2, 'перекредитование с плохой кредитной историей', 72),
(3407, 1, 'кредитные заявки', 72),
(3408, 2, 'кредитные карты получение', 72),
(3409, 1, 'перекредитование с плохой кредитной историей', 72),
(3410, 2, 'альфа кредитная карта', 72),
(3411, 1, 'кредитные карты получение', 72),
(3412, 2, 'кредитные карты с льготным периодом 200 дней', 72),
(3413, 1, 'альфа кредитная карта', 72),
(3414, 2, 'кредитные долги', 72),
(3415, 1, 'кредитные карты с льготным периодом 200 дней', 72),
(3416, 2, 'помощь в получении ипотеки с плохой кредитной историей', 72),
(3417, 1, 'кредитные долги', 72),
(3418, 2, 'получить кредитную карту с плохой кредитной историей', 72),
(3419, 1, 'помощь в получении ипотеки с плохой кредитной историей', 72),
(3420, 2, 'кредитная карта без регистрации', 72),
(3421, 1, 'получить кредитную карту с плохой кредитной историей', 72),
(3422, 2, 'кредитные карты по 2 документам', 72),
(3423, 1, 'получить кредитную карту с плохой кредитной историей', 72),
(3424, 2, 'оформить кредитную карту без справок о доходах', 72),
(3425, 1, 'кредитная карта без регистрации', 72),
(3426, 2, 'взять кредитную карту с плохой кредитной историей', 72),
(3427, 1, 'кредитные карты по 2 документам', 72),
(3428, 2, 'как активировать кредитную карту', 72),
(3429, 1, 'оформить кредитную карту без справок о доходах', 72),
(3430, 2, 'кредитная карта без прописки', 72),
(3431, 1, 'взять кредитную карту с плохой кредитной историей', 72),
(3432, 2, 'быстрое оформление кредитной карты', 72),
(3433, 1, 'взять кредитную карту с плохой кредитной историей', 72),
(3434, 2, 'кредитный дом', 72),
(3435, 1, 'как активировать кредитную карту', 72),
(3436, 2, 'взять кредитную карту без справок и поручителей', 72),
(3437, 1, 'кредитная карта без прописки', 72),
(3438, 2, 'взять кредитную карту онлайн', 72),
(3439, 1, 'быстрое оформление кредитной карты', 72),
(3440, 2, 'сделать кредитную карту', 72),
(3441, 1, 'кредитный дом', 72),
(3442, 2, 'дайте кредитную карту', 72),
(3443, 1, 'взять кредитную карту без справок и поручителей', 72),
(3444, 2, 'помощь в получении автокредита с плохой кредитной историей', 72),
(3445, 1, 'взять кредитную карту онлайн', 72),
(3446, 2, 'получить кредитную историю', 72),
(3447, 1, 'сделать кредитную карту', 72),
(3448, 2, 'заказ кредитной карты онлайн', 72),
(3449, 1, 'дайте кредитную карту', 72),
(3450, 2, 'оформление кредитной карты через интернет', 72),
(3451, 1, 'помощь в получении автокредита с плохой кредитной историей', 72),
(3452, 2, 'взять кредитную карту быстро', 72),
(3453, 1, 'получить кредитную историю', 72),
(3454, 2, 'онлайн заявка на кредитную карту без справок', 72),
(3455, 1, 'заказ кредитной карты онлайн', 72),
(3456, 2, 'кредитная история физических лиц', 72),
(3457, 1, 'оформление кредитной карты через интернет', 72),
(3458, 2, 'кредитная карта по одному документу', 72),
(3459, 1, 'взять кредитную карту быстро', 72),
(3460, 2, 'кредитная карта за 1 час', 72),
(3461, 1, 'онлайн заявка на кредитную карту без справок', 72),
(3462, 2, 'кредитная помощь', 72),
(3463, 1, 'кредитная история физических лиц', 72),
(3464, 2, 'кредитная карта со льготным периодом', 72),
(3465, 1, 'кредитная карта по одному документу', 72),
(3466, 2, 'кредитные карты оформить с 18 лет', 72),
(3467, 1, 'кредитная карта за 1 час', 72),
(3468, 2, 'кредитная карта оформить без справок', 72),
(3469, 1, 'кредитная помощь', 72),
(3470, 2, 'оформить онлайн заявку на кредитную карту', 72),
(3471, 1, 'кредитная карта со льготным периодом', 72),
(3472, 2, 'ссуды с плохой кредитной историей', 72),
(3473, 1, 'кредитные карты оформить с 18 лет', 72),
(3474, 2, 'запросить кредитную историю', 72),
(3475, 1, 'кредитная карта оформить без справок', 72),
(3476, 2, 'кредитные карты по интернету', 72),
(3477, 1, 'оформить онлайн заявку на кредитную карту', 72),
(3478, 2, 'кредитные карты с низким процентом', 72),
(3479, 1, 'ссуды с плохой кредитной историей', 72),
(3480, 2, 'кредитная карта с доставкой по почте', 72),
(3481, 1, 'запросить кредитную историю', 72),
(3482, 2, 'оформить кредитную карту на дом', 72),
(3483, 1, 'кредитные карты по интернету', 72),
(3484, 2, 'оставить заявку на кредитную карту', 72),
(3485, 1, 'кредитные карты с низким процентом', 72),
(3486, 2, 'хочу оформить кредитную карту', 72),
(3487, 1, 'кредитная карта с доставкой по почте', 72),
(3488, 2, 'заказ кредитных карт', 72),
(3489, 1, 'оформить кредитную карту на дом', 72),
(3490, 2, 'кредитные карты с моментальным решением', 72),
(3491, 1, 'оставить заявку на кредитную карту', 72),
(3492, 2, 'кредитные карты без справок быстро', 72),
(3493, 1, 'хочу оформить кредитную карту', 72),
(3494, 2, 'нужна кредитная карта', 72),
(3495, 1, 'заказ кредитных карт', 72),
(3496, 2, 'расчет по кредитным картам', 72),
(3497, 1, 'кредитные карты с моментальным решением', 72),
(3498, 2, 'оформление кредитной карты с 18 лет', 72),
(3499, 1, 'кредитные карты без справок быстро', 72),
(3500, 2, 'кредитная карта с плохой кредитной', 72),
(3501, 1, 'нужна кредитная карта', 72),
(3502, 2, 'помощь с плохой кредитной историей', 72),
(3503, 1, 'расчет по кредитным картам', 72),
(3504, 2, 'получить кредитную карту по паспорту', 72),
(3505, 1, 'оформление кредитной карты с 18 лет', 72),
(3506, 2, 'кредитование с плохой кредитной историей', 72),
(3507, 1, 'кредитная карта с плохой кредитной', 72),
(3508, 2, 'кредитная карта моментального выпуска', 72),
(3509, 1, 'кредитная карта с плохой кредитной', 72),
(3510, 2, 'оформить кредитную карту по паспорту', 72),
(3511, 1, 'помощь с плохой кредитной историей', 72),
(3512, 2, 'как быстро получить кредитную карту', 72),
(3513, 1, 'получить кредитную карту по паспорту', 72),
(3514, 2, 'срочно оформить кредитную карту', 72),
(3515, 1, 'кредитование с плохой кредитной историей', 72),
(3516, 2, 'помощь кредитные карты', 72),
(3517, 1, 'кредитная карта моментального выпуска', 72),
(3518, 2, 'кредитная карта по почте без справок', 72),
(3519, 1, 'оформить кредитную карту по паспорту', 72),
(3520, 2, 'кредитные карты с 18 лет без справки о доходах', 72),
(3521, 1, 'как быстро получить кредитную карту', 72),
(3522, 2, 'заявка на получение кредитной карты', 72),
(3523, 1, 'срочно оформить кредитную карту', 72),
(3524, 2, 'кредитные карты с большим льготный период', 72),
(3525, 1, 'помощь кредитные карты', 72),
(3526, 2, 'кредитная карта с временной регистрацией', 72),
(3527, 1, 'кредитная карта по почте без справок', 72),
(3528, 2, 'кредитная история в банке', 72),
(3529, 1, 'кредитные карты с 18 лет без справки о доходах', 72),
(3530, 2, 'кредитные карты по почте с плохой кредитной историей', 72),
(3531, 1, 'заявка на получение кредитной карты', 72),
(3532, 2, 'кредитная карта с плохой историей', 72),
(3533, 1, 'кредитные карты с большим льготный период', 72),
(3534, 2, 'кредитные онлайн', 72),
(3535, 1, 'кредитная карта с временной регистрацией', 72),
(3536, 2, 'наличные с плохой кредитной историей', 72),
(3537, 1, 'кредитная история в банке', 72),
(3538, 2, 'срочно нужна кредитная карта', 72),
(3539, 1, 'кредитные карты по почте с плохой кредитной историей', 72),
(3540, 2, 'получить кредитную карту срочно', 72),
(3541, 1, 'кредитные карты по почте с плохой кредитной историей', 72),
(3542, 2, 'кредитные карты онлайн в день обращения', 72),
(3543, 1, 'кредитная карта с плохой историей', 72),
(3544, 2, 'что нужно для получения кредитной карты', 72),
(3545, 1, 'кредитные онлайн', 72),
(3546, 2, 'помощь в оформлении кредитной карты', 72),
(3547, 1, 'наличные с плохой кредитной историей', 72),
(3548, 2, 'кредитная карта с большим лимитом', 72),
(3549, 1, 'срочно нужна кредитная карта', 72),
(3550, 2, 'уберем кредитную историю', 72),
(3551, 1, 'получить кредитную карту срочно', 72),
(3552, 2, 'отправить заявку на кредитную карту', 72),
(3553, 1, 'кредитные карты онлайн в день обращения', 72),
(3554, 2, 'кредитная карта объявление', 72),
(3555, 1, 'что нужно для получения кредитной карты', 72),
(3556, 2, 'кредитная карта условия получения', 72),
(3557, 1, 'помощь в оформлении кредитной карты', 72),
(3558, 2, 'кредитные карты с 18 лет без справок', 72),
(3559, 1, 'кредитная карта с большим лимитом', 72),
(3560, 2, 'кредитная карта с нулевым лимитом', 72),
(3561, 1, 'уберем кредитную историю', 72),
(3562, 2, 'заявка на кредитную карту по почте', 72),
(3563, 1, 'отправить заявку на кредитную карту', 72),
(3564, 2, 'заявка на кредитную историю', 72),
(3565, 1, 'кредитная карта объявление', 72),
(3566, 2, 'оформить кредитную карту для студентов', 72),
(3567, 1, 'кредитная карта условия получения', 72),
(3568, 2, 'кредитные карточки по почте', 72),
(3569, 1, 'кредитные карты с 18 лет без справок', 72),
(3570, 2, 'кредитные карты банка онлайн', 72),
(3571, 1, 'кредитная карта с нулевым лимитом', 72),
(3572, 2, 'условия выдачи кредитной карты', 72),
(3573, 1, 'заявка на кредитную карту по почте', 72),
(3574, 1, 'заявка на кредитную историю', 72),
(3575, 1, 'оформить кредитную карту для студентов', 72),
(3576, 1, 'кредитные карточки по почте', 72),
(3577, 1, 'кредитные карты банка онлайн', 72),
(3578, 1, 'условия выдачи кредитной карты', 72),
(3579, 1, 'дам денег в долг', 73),
(3580, 2, 'дам денег в долг', 73),
(3581, 3, '', 73),
(3582, 4, '', 73),
(3583, 5, '', 73),
(3584, 6, '', 73),
(3585, 7, '', 73),
(3586, 10, '', 73),
(3587, 11, '', 73),
(3588, 12, '', 73),
(3589, 13, '', 73),
(3590, 14, '', 73),
(3591, 1, 'дайте денег в долг', 73),
(3592, 2, 'дайте денег в долг', 73),
(3593, 1, 'дай дeнег в долг', 73),
(3594, 2, 'дай дeнег в долг', 73),
(3595, 1, 'дам денег в долг под расписку', 73),
(3596, 2, 'дам денег в долг под расписку', 73),
(3597, 1, 'даю денег в долг под расписку', 73),
(3598, 2, 'даю денег в долг под расписку', 73),
(3599, 1, 'дать денег в долг под расписку', 73),
(3600, 2, 'дать денег в долг под расписку', 73),
(3601, 1, 'в долг ру', 73),
(3602, 2, 'в долг ру', 73),
(3603, 1, 'взять в долг денег', 73),
(3604, 2, 'взять в долг денег', 73),
(3605, 1, 'возьму денег в долг у частных лиц', 73),
(3606, 2, 'возьму денег в долг у частных лиц', 73),
(3607, 1, 'дам денег в долг под проценты', 73),
(3608, 2, 'дам денег в долг под проценты', 73),
(3609, 1, 'расписка в получении денег в долг', 73),
(3610, 2, 'расписка в получении денег в долг', 73),
(3611, 1, 'дам в долг', 73),
(3612, 2, 'дам в долг', 73),
(3613, 1, 'дайте в долг', 73),
(3614, 2, 'дайте в долг', 73),
(3615, 1, 'даю в долг', 73),
(3616, 2, 'даю в долг', 73),
(3617, 1, 'даем в долг', 73),
(3618, 2, 'даем в долг', 73),
(3619, 1, 'дам в долг под расписку', 73),
(3620, 2, 'дам в долг под расписку', 73),
(3621, 1, 'дают в долг под расписку', 73),
(3622, 2, 'дают в долг под расписку', 73),
(3623, 1, 'даю в долг под расписку', 73),
(3624, 2, 'даю в долг под расписку', 73),
(3625, 1, 'дам в долг денег частное лицо', 73),
(3626, 2, 'дам в долг денег частное лицо', 73),
(3627, 1, 'частное лицо даст денег в долг', 73),
(3628, 2, 'частное лицо даст денег в долг', 73),
(3629, 1, 'взыскание долга по расписке', 73),
(3630, 2, 'взыскание долга по расписке', 73),
(3631, 1, 'взять денег в долг под расписку', 73),
(3632, 2, 'взять денег в долг под расписку', 73),
(3633, 1, 'как выбить долги', 73),
(3634, 2, 'как выбить долги', 73),
(3635, 1, 'в долг', 73),
(3636, 2, 'в долг', 73),
(3637, 1, 'дам в долг под проценты', 73),
(3638, 2, 'дам в долг под проценты', 73),
(3639, 1, 'даю в долг под проценты', 73),
(3640, 2, 'даю в долг под проценты', 73),
(3641, 1, 'взять денег в долг срочно', 73),
(3642, 2, 'взять денег в долг срочно', 73),
(3643, 1, 'взять в долг', 73),
(3644, 2, 'взять в долг', 73),
(3645, 1, 'денег в долг под проценты', 73),
(3646, 2, 'денег в долг под проценты', 73),
(3647, 1, 'занять денег в долг', 73),
(3648, 2, 'занять денег в долг', 73),
(3649, 1, 'как вылезти из долга', 73),
(3650, 2, 'как вылезти из долга', 73),
(3651, 1, 'взять в долг у частного лица', 73),
(3652, 2, 'взять в долг у частного лица', 73),
(3653, 1, 'частное лицо даст в долг', 73),
(3654, 2, 'частное лицо даст в долг', 73),
(3655, 1, 'дам в долг частное лицо', 73),
(3656, 2, 'дам в долг частное лицо', 73),
(3657, 1, 'даю в долг частное лицо', 73),
(3658, 2, 'даю в долг частное лицо', 73),
(3659, 1, 'дам денег в долг срочно', 73),
(3660, 2, 'дам денег в долг срочно', 73),
(3661, 1, 'дайте в долг денег срочно', 73),
(3662, 2, 'дайте в долг денег срочно', 73),
(3663, 1, 'дай денег в долг срочно', 73),
(3664, 2, 'дай денег в долг срочно', 73),
(3665, 1, 'взять денег в долг под проценты', 73),
(3666, 2, 'взять денег в долг под проценты', 73),
(3667, 1, 'как взять в долг на utel', 73),
(3668, 2, 'как взять в долг на utel', 73),
(3669, 1, 'возьму в долг под проценты', 73),
(3670, 2, 'возьму в долг под проценты', 73),
(3671, 1, 'долг банкам', 73),
(3672, 2, 'долг банкам', 73),
(3673, 1, 'дам денег в долг без залога', 73),
(3674, 2, 'дам денег в долг без залога', 73),
(3675, 1, 'взять в долг под расписку', 73),
(3676, 2, 'взять в долг под расписку', 73),
(3677, 1, 'в долг под расписку', 73),
(3678, 2, 'в долг под расписку', 73),
(3679, 1, 'денег в долг до зарплаты', 73),
(3680, 2, 'денег в долг до зарплаты', 73),
(3681, 1, 'в долг под проценты', 73),
(3682, 2, 'в долг под проценты', 73),
(3683, 1, 'взять в долг у теле2', 73),
(3684, 2, 'взять в долг у теле2', 73),
(3685, 1, 'в долг у частного лица', 73),
(3686, 2, 'в долг у частного лица', 73),
(3687, 1, 'дам в долг ру', 73),
(3688, 2, 'дам в долг ру', 73),
(3689, 1, 'наличные в долг', 73),
(3690, 2, 'наличные в долг', 73),
(3691, 1, 'в долг денег частных лиц', 73),
(3692, 2, 'в долг денег частных лиц', 73),
(3693, 1, 'срочно возьму в долг', 73),
(3694, 2, 'срочно возьму в долг', 73),
(3695, 1, 'в долг срочно', 73),
(3696, 2, 'в долг срочно', 73),
(3697, 1, 'взять в долг в интернете', 73),
(3698, 2, 'взять в долг в интернете', 73),
(3699, 1, 'денежные долги', 73),
(3700, 2, 'денежные долги', 73),
(3701, 1, 'рекстуризация долга', 73),
(3702, 2, 'рекстуризация долга', 73),
(3703, 1, 'займу в долг', 73),
(3704, 2, 'займу в долг', 73),
(3705, 1, 'денег в долг не в банке', 73),
(3706, 2, 'денег в долг не в банке', 73),
(3707, 1, 'в долг до зарплаты', 73),
(3708, 2, 'в долг до зарплаты', 73),
(3709, 1, 'дам в долг без залога', 73),
(3710, 2, 'дам в долг без залога', 73),
(3711, 1, 'даю в долг без залога', 73),
(3712, 2, 'даю в долг без залога', 73),
(3713, 1, 'дам в долг срочно', 73),
(3714, 2, 'дам в долг срочно', 73);
INSERT INTO `tbl_text_data` (`id`, `import_var_id`, `import_var_value`, `text_id`) VALUES
(3715, 1, 'дам денег в долг под расписку срочно', 73),
(3716, 2, 'дам денег в долг под расписку срочно', 73),
(3717, 1, 'дам денег в долг объявления', 73),
(3718, 2, 'дам денег в долг объявления', 73),
(3719, 1, 'срочно возьму в долг денег у частных лиц', 73),
(3720, 2, 'срочно возьму в долг денег у частных лиц', 73),
(3721, 1, 'дам денег в долг под проценты без залога', 73),
(3722, 2, 'дам денег в долг под проценты без залога', 73),
(3723, 1, 'объявления дам в долг', 73),
(3724, 2, 'объявления дам в долг', 73),
(3725, 1, '10000 в долг', 73),
(3726, 2, '10000 в долг', 73),
(3727, 1, 'помощь в возвращении долга', 73),
(3728, 2, 'помощь в возвращении долга', 73),
(3729, 1, 'дeньги в долг в новокузнeцкe', 73),
(3730, 2, 'дeньги в долг в новокузнeцкe', 73),
(3731, 1, 'день в долг', 73),
(3732, 2, 'день в долг', 73),
(3733, 1, 'возьму в долг под проценты у частного лица', 73),
(3734, 2, 'возьму в долг под проценты у частного лица', 73),
(3735, 1, 'частный долг', 73),
(3736, 2, 'частный долг', 73),
(3737, 1, 'взять денег в долг быстро', 73),
(3738, 2, 'взять денег в долг быстро', 73),
(3739, 1, 'люди дайте денег в долг', 73),
(3740, 2, 'люди дайте денег в долг', 73),
(3741, 1, 'авто в долг', 73),
(3742, 2, 'авто в долг', 73),
(3743, 1, 'взять в долг с 18 лет', 73),
(3744, 2, 'взять в долг с 18 лет', 73),
(3745, 1, 'вся в долгах что делать', 73),
(3746, 2, 'вся в долгах что делать', 73),
(3747, 1, 'дам денег в долг под проценты частное лицо', 73),
(3748, 2, 'дам денег в долг под проценты частное лицо', 73),
(3749, 1, 'дам в долг всем', 73),
(3750, 2, 'дам в долг всем', 73),
(3751, 1, 'помощь с долгами', 73),
(3752, 2, 'помощь с долгами', 73),
(3753, 1, '50000 в долг', 73),
(3754, 2, '50000 в долг', 73),
(3755, 1, 'даю всем в долг', 73),
(3756, 2, 'даю всем в долг', 73),
(3757, 1, 'автокредит без первоначального взноса', 74),
(3758, 2, 'автокредит без первоначального взноса', 74),
(3759, 3, '', 74),
(3760, 4, '', 74),
(3761, 5, '', 74),
(3762, 6, '', 74),
(3763, 7, '', 74),
(3764, 10, '', 74),
(3765, 11, '', 74),
(3766, 12, '', 74),
(3767, 13, '', 74),
(3768, 14, '', 74),
(3769, 1, 'автокредит без каско', 74),
(3770, 2, 'автокредит без каско', 74),
(3771, 1, 'выгодный автокредит', 74),
(3772, 2, 'выгодный автокредит', 74),
(3773, 1, 'автокредит по двум документам', 74),
(3774, 2, 'автокредит по двум документам', 74),
(3775, 1, 'автокредит онлайн', 74),
(3776, 2, 'автокредит онлайн', 74),
(3777, 1, 'автокредит без справок и поручителей', 74),
(3778, 2, 'автокредит без справок и поручителей', 74),
(3779, 1, 'автокредит без первого взноса', 74),
(3780, 2, 'автокредит без первого взноса', 74),
(3781, 1, 'автокредит по двум документам без первоначального взноса', 74),
(3782, 2, 'автокредит по двум документам без первоначального взноса', 74),
(3783, 1, 'автокредит онлайн заявка', 74),
(3784, 2, 'автокредит онлайн заявка', 74),
(3785, 1, 'условия автокредита', 74),
(3786, 2, 'условия автокредита', 74),
(3787, 1, 'автокредиты банков', 74),
(3788, 2, 'автокредиты банков', 74),
(3789, 1, 'автокредит без первоначального взноса на подержанный автомобиль', 74),
(3790, 2, 'автокредит без первоначального взноса на подержанный автомобиль', 74),
(3791, 1, 'автокредит в банке', 74),
(3792, 2, 'автокредит в банке', 74),
(3793, 1, 'автокредит ставки', 74),
(3794, 2, 'автокредит ставки', 74),
(3795, 1, 'безпроцентный автокредит', 74),
(3796, 2, 'безпроцентный автокредит', 74),
(3797, 1, 'помощь в получении автокредита', 74),
(3798, 2, 'помощь в получении автокредита', 74),
(3799, 1, 'взять автокредит', 74),
(3800, 2, 'взять автокредит', 74),
(3801, 1, 'взять автокредит без первоначального взноса', 74),
(3802, 2, 'взять автокредит без первоначального взноса', 74),
(3803, 1, 'автокредит с 20 лет', 74),
(3804, 2, 'автокредит с 20 лет', 74),
(3805, 1, 'автокредит с 18 лет', 74),
(3806, 2, 'автокредит с 18 лет', 74),
(3807, 1, 'автокредит по 2 документам', 74),
(3808, 2, 'автокредит по 2 документам', 74),
(3809, 1, 'автокредит в автосалоне', 74),
(3810, 2, 'автокредит в автосалоне', 74),
(3811, 1, 'самые низкие проценты по автокредиту', 74),
(3812, 2, 'самые низкие проценты по автокредиту', 74),
(3813, 1, 'автокредит наличными', 74),
(3814, 2, 'автокредит наличными', 74),
(3815, 1, 'автокредит без процентов', 74),
(3816, 2, 'автокредит без процентов', 74),
(3817, 1, 'оформить автокредит онлайн', 74),
(3818, 2, 'оформить автокредит онлайн', 74),
(3819, 1, 'автокредит без справок', 74),
(3820, 2, 'автокредит без справок', 74),
(3821, 1, 'подать онлайн заявку на автокредит', 74),
(3822, 2, 'подать онлайн заявку на автокредит', 74),
(3823, 1, 'онлайн заявка на автокредит без первоначального взноса', 74),
(3824, 2, 'онлайн заявка на автокредит без первоначального взноса', 74),
(3825, 1, 'автокредит на 10 лет', 74),
(3826, 2, 'автокредит на 10 лет', 74),
(3827, 1, 'автокредит на авто с пробегом', 74),
(3828, 2, 'автокредит на авто с пробегом', 74),
(3829, 1, 'автокредит без первоначального взноса банки', 74),
(3830, 2, 'автокредит без первоначального взноса банки', 74),
(3831, 1, 'автокредит без взноса', 74),
(3832, 2, 'автокредит без взноса', 74),
(3833, 1, 'взять автокредит без справок и поручителей', 74),
(3834, 2, 'взять автокредит без справок и поручителей', 74),
(3835, 1, 'автокредит без первоначального взноса и каско', 74),
(3836, 2, 'автокредит без первоначального взноса и каско', 74),
(3837, 1, 'быстрый автокредит', 74),
(3838, 2, 'быстрый автокредит', 74),
(3839, 1, 'автокредит 0', 74),
(3840, 2, 'автокредит 0', 74),
(3841, 1, 'получить автокредит', 74),
(3842, 2, 'получить автокредит', 74),
(3843, 1, 'автокредит с пробегом', 74),
(3844, 2, 'автокредит с пробегом', 74),
(3845, 1, 'автокредит 0 годовых', 74),
(3846, 2, 'автокредит 0 годовых', 74),
(3847, 1, 'оформить заявку на автокредит', 74),
(3848, 2, 'оформить заявку на автокредит', 74),
(3849, 1, 'автокредит на выгодных условиях', 74),
(3850, 2, 'автокредит на выгодных условиях', 74),
(3851, 1, 'оформить автокредит', 74),
(3852, 2, 'оформить автокредит', 74),
(3853, 1, 'автокредиты на новые автомобили', 74),
(3854, 2, 'автокредиты на новые автомобили', 74),
(3855, 1, 'автокредит с 21 года', 74),
(3856, 2, 'автокредит с 21 года', 74),
(3857, 1, 'автокредит помощь', 74),
(3858, 2, 'автокредит помощь', 74),
(3859, 1, 'автокредит под низкий процент', 74),
(3860, 2, 'автокредит под низкий процент', 74),
(3861, 1, 'автокредит с первоначальным взносом 10', 74),
(3862, 2, 'автокредит с первоначальным взносом 10', 74),
(3863, 1, 'низкий процент автокредит', 74),
(3864, 2, 'низкий процент автокредит', 74),
(3865, 1, 'автокредит без первоначального взноса без справок и поручителей', 74),
(3866, 2, 'автокредит без первоначального взноса без справок и поручителей', 74),
(3867, 1, 'помощь в оформлении автокредита', 74),
(3868, 2, 'помощь в оформлении автокредита', 74),
(3869, 1, 'автокредит заявка', 74),
(3870, 2, 'автокредит заявка', 74),
(3871, 1, 'автокредиты тулы', 74),
(3872, 2, 'автокредиты тулы', 74),
(3873, 1, 'автокредит без первоначального взноса онлайн', 74),
(3874, 2, 'автокредит без первоначального взноса онлайн', 74),
(3875, 1, 'автокредит для женщин', 74),
(3876, 2, 'автокредит для женщин', 74),
(3877, 1, 'автокредит без залога', 74),
(3878, 2, 'автокредит без залога', 74),
(3879, 1, 'автокредит без первоначального', 74),
(3880, 2, 'автокредит без первоначального', 74),
(3881, 1, 'автокредиты с 18 лет без справок о доходах', 74),
(3882, 2, 'автокредиты с 18 лет без справок о доходах', 74),
(3883, 1, 'автокредит за час', 74),
(3884, 2, 'автокредит за час', 74),
(3885, 1, 'оформить заявку на автокредит онлайн', 74),
(3886, 2, 'оформить заявку на автокредит онлайн', 74),
(3887, 1, 'автокредит срочно', 74),
(3888, 2, 'автокредит срочно', 74),
(3889, 1, 'срочный автокредит', 74),
(3890, 2, 'срочный автокредит', 74),
(3891, 1, 'автокредит на автомобили с пробегом', 74),
(3892, 2, 'автокредит на автомобили с пробегом', 74),
(3893, 1, 'автокредит без первоначального взноса без справок', 74),
(3894, 2, 'автокредит без первоначального взноса без справок', 74),
(3895, 1, 'получение автокредита', 74),
(3896, 2, 'получение автокредита', 74),
(3897, 1, 'автокредит подать заявку', 74),
(3898, 2, 'автокредит подать заявку', 74),
(3899, 1, 'автокредит 2 9', 74),
(3900, 2, 'автокредит 2 9', 74),
(3901, 1, 'автокредит 0 первоначальный взнос', 74),
(3902, 2, 'автокредит 0 первоначальный взнос', 74),
(3903, 1, 'умягчение воды', 75),
(3904, 2, '', 75),
(3905, 3, 'Умягчение', 75),
(3906, 4, 'umyagchenie', 75),
(3907, 5, 'умягчение', 75),
(3908, 6, 'прдерварительное дескриптион', 75),
(3909, 7, '<p><br>длинное описание для контента1</p>', 75),
(3910, 8, '<p><br>какой-то текст для content2</p>', 75),
(3911, 9, '<p><br>длинный текст для content3</p>', 75),
(3912, 10, 'текст для H!', 75),
(3913, 11, 'заголовок для H2', 75),
(3914, 12, 'краткий заголовок для H3', 75),
(3915, 13, 'для для анонса в задании', 75),
(3916, 14, 'какой-то strong', 75),
(3917, 15, 'умягчение', 75),
(3918, 16, 'my-site.ru/mail', 75),
(3919, 17, 'миралинкс 2 умягчение, анкор', 75),
(3920, 18, 'какой-то param1', 75),
(3921, 19, 'снова какой-то param2', 75),
(3922, 20, 'и наконец param3', 75),
(3923, 21, 'какой-то текст для гогетлинкс', 75),
(3924, 1, 'умягчение артезианской воды', 75),
(3925, 1, 'внутренняя вставка для умягчения воды как установить', 75),
(3926, 1, 'количество воды необходимое для умягчения воды', 75),
(3927, 1, 'порядок расчета количества потребления воды для умягчения при горячем водоснабжении', 75),
(3928, 1, 'умягчение воды кипячением', 75),
(3929, 1, 'умягчение воды для жкх', 75),
(3930, 1, 'теоретические основы умягчения воды', 75),
(3931, 1, 'внутренняя вставка для умягчения воды', 75),
(3932, 1, 'порядок проведения умягчения воды', 75),
(3933, 1, 'простое умягчение воды', 75),
(3934, 1, 'колбы для умягчения воды', 75),
(3935, 1, 'проведение опытного умягчения воды', 75),
(3936, 1, 'умягчение воды в быту', 75),
(3937, 1, 'умягчение оборотной воды', 75),
(3938, 1, 'умягчение воды известкованием', 75),
(3939, 1, 'умягчение воды лекции', 75),
(3940, 1, 'умягчение воды ионитами', 75),
(3941, 1, 'умягчение воды для полива', 75),
(3942, 1, 'умягчение воды торфом', 75),
(3943, 1, 'умягчение пресной воды', 75),
(3944, 1, 'умягчение воды cхема', 75),
(3945, 1, 'расчеты для умягчения воды', 75),
(3946, 1, 'гидразин для умягчения воды', 75),
(3947, 1, 'градирни умягчение воды', 75),
(3948, 1, 'жидкость для умягчения воды', 75),
(3949, 1, 'затравка умягчение воды', 75),
(3950, 1, 'и умягчения воды', 75),
(3951, 1, 'ингибитор для умягчения воды', 75),
(3952, 1, 'коронный разряд умягчение воды', 75),
(3953, 1, 'котельны умягчения воды', 75),
(3954, 1, 'может быть проведена ионизация воды умягчение', 75),
(3955, 1, 'сброс с умягчения воды', 75),
(3956, 1, 'специальная обработка воды умягчение', 75),
(3957, 1, 'сульфит для умягчения воды', 75),
(3958, 1, 'умягчение бутилированной воды', 75),
(3959, 1, 'умягчение воды для питья', 75),
(3960, 1, 'умягчение воды для цтп', 75),
(3961, 1, 'умягчение воды замораживанием', 75),
(3962, 1, 'умягчение воды петербург', 75),
(3963, 1, 'умягчение воды с помощью ионитов', 75),
(3964, 1, 'умягчение воды с помощью микроорганизмов', 75),
(3965, 1, 'умягчение воды чем пользоваться', 75),
(3966, 1, 'умягчение воды щелоком', 75),
(3967, 1, 'умягчение питательной воды', 75),
(3968, 1, 'безреaгентное умягчение воды', 75),
(3969, 1, 'водоочистители умягчение воды', 75),
(3970, 1, 'гвс умягчение воды', 75),
(3971, 1, 'глубокое умягчение воды', 75),
(3972, 1, 'для чего нужно умягчение воды', 75),
(3973, 1, 'зачем нужно умягчение воды', 75),
(3974, 1, 'ионный обмен умягчение воды', 75),
(3975, 1, 'кавитационное умягчение воды', 75),
(3976, 1, 'картинки умягчение воды', 75),
(3977, 1, 'ионитное умягчение воды', 75),
(3978, 1, 'наши работы умягчение воды', 75),
(3979, 1, 'влияние марганца на умягчение воды', 75),
(3980, 1, 'умягчение', 75),
(3981, 1, 'умягчение воды известью', 75),
(3982, 1, 'расчет стоков для фильтров умягчения', 75),
(3983, 1, 'умягчение воды падение давления', 75),
(3984, 1, 'количества промывных вод умягчения воды', 75),
(3985, 1, 'умягчению воды необходима для', 75),
(3986, 1, 'нанофильтрация для умягчения воды', 75),
(3987, 1, 'подготовка воды умягчение воды больниц', 75),
(3988, 1, 'умягчение воды запах', 75),
(3989, 1, 'умягчение воды для автомойки', 75),
(3990, 1, 'умягчение воды нанотехнологии', 75),
(3991, 1, 'умягчение воды колодец', 75),
(3992, 1, 'вредность при умягчении воды', 75),
(3993, 1, 'удаление из воды растворенных веществ умягчение воды', 75),
(3994, 1, 'ультрафильтрация умягчение воды', 75),
(3995, 1, 'умягчение с помощью ультрафильтрации', 75),
(3996, 1, 'умягчение воды слив в септик', 75),
(3997, 1, 'умягчение воды h водородной', 75),
(3998, 1, 'умягчение воды анионирование', 75),
(3999, 1, 'умягчение подпиточной воды', 75),
(4000, 1, 'эффективное умягчение воды', 75),
(4001, 1, 'умягчение воды нвр', 75),
(4002, 1, 'фосфатное до умягчение воды', 75),
(4003, 1, 'умягчение воды на тэс', 75),
(4004, 1, 'умягчение воды на птицефабрика', 75),
(4005, 1, 'аппарат умягчения воды', 75),
(4006, 1, 'деньги в долг срочно', 76),
(4007, 2, 'деньги в долг срочно', 76),
(4008, 3, '', 76),
(4009, 4, '', 76),
(4010, 5, '', 76),
(4011, 6, '', 76),
(4012, 7, '', 76),
(4013, 10, '', 76),
(4014, 11, '', 76),
(4015, 12, '', 76),
(4016, 13, '', 76),
(4017, 14, '', 76),
(4018, 1, 'деньги в долг', 76),
(4019, 2, 'деньги в долг', 76),
(4020, 1, 'деньги в долг под расписку', 76),
(4021, 2, 'деньги в долг под расписку', 76),
(4022, 1, 'быстрые деньги', 76),
(4023, 2, 'быстрые деньги', 76),
(4024, 1, 'срочно нужны деньги', 76),
(4025, 2, 'срочно нужны деньги', 76),
(4026, 1, 'деньги онлайн', 76),
(4027, 2, 'деньги онлайн', 76),
(4028, 1, 'помогите деньгами', 76),
(4029, 2, 'помогите деньгами', 76),
(4030, 1, 'деньги до зарплаты', 76),
(4031, 2, 'деньги до зарплаты', 76),
(4032, 1, 'срочно нужны деньги в долг', 76),
(4033, 2, 'срочно нужны деньги в долг', 76),
(4034, 1, 'деньги на дом', 76),
(4035, 2, 'деньги на дом', 76),
(4036, 1, 'онлайн игры на деньги', 76),
(4037, 2, 'онлайн игры на деньги', 76),
(4038, 1, 'срочно деньги', 76),
(4039, 2, 'срочно деньги', 76),
(4040, 1, 'срочные деньги', 76),
(4041, 2, 'срочные деньги', 76),
(4042, 1, 'дам деньги в долг', 76),
(4043, 2, 'дам деньги в долг', 76),
(4044, 1, 'даю деньги в долг', 76),
(4045, 2, 'даю деньги в долг', 76),
(4046, 1, 'даем деньги в долг', 76),
(4047, 2, 'даем деньги в долг', 76),
(4048, 1, 'дать деньги в долг', 76),
(4049, 2, 'дать деньги в долг', 76),
(4050, 1, 'деньги под проценты', 76),
(4051, 2, 'деньги под проценты', 76),
(4052, 1, 'деньги сразу', 76),
(4053, 2, 'деньги сразу', 76),
(4054, 1, 'интим за деньги', 76),
(4055, 2, 'интим за деньги', 76),
(4056, 1, 'деньги в долг под расписку от частного лица', 76),
(4057, 2, 'деньги в долг под расписку от частного лица', 76),
(4058, 1, 'дам деньги', 76),
(4059, 2, 'дам деньги', 76),
(4060, 1, 'даем деньги', 76),
(4061, 2, 'даем деньги', 76),
(4062, 1, 'деньги дай', 76),
(4063, 2, 'деньги дай', 76),
(4064, 1, 'деньги в долг даем деньги', 76),
(4065, 2, 'деньги в долг даем деньги', 76),
(4066, 1, 'деньги за час', 76),
(4067, 2, 'деньги за час', 76),
(4068, 1, 'отдамся за деньги', 76),
(4069, 2, 'отдамся за деньги', 76),
(4070, 1, 'деньги сущность денег функции денег', 76),
(4071, 2, 'деньги сущность денег функции денег', 76),
(4072, 1, 'срочно срочно нужны деньги', 76),
(4073, 2, 'срочно срочно нужны деньги', 76),
(4074, 1, 'нужны деньги', 76),
(4075, 2, 'нужны деньги', 76),
(4076, 1, 'мгновенные деньги', 76),
(4077, 2, 'мгновенные деньги', 76),
(4078, 1, 'деньги мгновенно', 76),
(4079, 2, 'деньги мгновенно', 76),
(4080, 1, 'деньги под расписку', 76),
(4081, 2, 'деньги под расписку', 76),
(4082, 1, 'дам деньги в долг под расписку', 76),
(4083, 2, 'дам деньги в долг под расписку', 76),
(4084, 1, 'даю деньги в долг под расписку', 76),
(4085, 2, 'даю деньги в долг под расписку', 76),
(4086, 1, 'дают деньги в долг под расписку', 76),
(4087, 2, 'дают деньги в долг под расписку', 76),
(4088, 1, 'дал деньги в долг под расписку', 76),
(4089, 2, 'дал деньги в долг под расписку', 76),
(4090, 1, 'деньги частные займы частным лицам', 76),
(4091, 2, 'деньги частные займы частным лицам', 76),
(4092, 1, 'минет за деньги', 76),
(4093, 2, 'минет за деньги', 76),
(4094, 1, 'срочно нужны деньги плохая кредитная история', 76),
(4095, 2, 'срочно нужны деньги плохая кредитная история', 76),
(4096, 1, 'взять деньги в долг', 76),
(4097, 2, 'взять деньги в долг', 76),
(4098, 1, 'деньги в долг срочно с плохой кредитной историей', 76),
(4099, 2, 'деньги в долг срочно с плохой кредитной историей', 76),
(4100, 1, 'деньги в займы', 76),
(4101, 2, 'деньги в займы', 76),
(4102, 1, 'взять деньги в долг у частного лица', 76),
(4103, 2, 'взять деньги в долг у частного лица', 76),
(4104, 1, 'занять деньги', 76),
(4105, 2, 'занять деньги', 76),
(4106, 1, 'интернет деньги', 76),
(4107, 2, 'интернет деньги', 76),
(4108, 1, 'дам деньги в долг под проценты', 76),
(4109, 2, 'дам деньги в долг под проценты', 76),
(4110, 1, 'даю деньги в долг под проценты', 76),
(4111, 2, 'даю деньги в долг под проценты', 76),
(4112, 1, 'даем деньги в долг под проценты', 76),
(4113, 2, 'даем деньги в долг под проценты', 76),
(4114, 1, 'дайте деньги в долг под проценты', 76),
(4115, 2, 'дайте деньги в долг под проценты', 76),
(4116, 1, 'срочно нужны деньги в долг под расписку', 76),
(4117, 2, 'срочно нужны деньги в долг под расписку', 76),
(4118, 1, 'быстрые деньги в долг', 76),
(4119, 2, 'быстрые деньги в долг', 76),
(4120, 1, 'быстро деньги в долг', 76),
(4121, 2, 'быстро деньги в долг', 76),
(4122, 1, 'деньги дома', 76),
(4123, 2, 'деньги дома', 76),
(4124, 1, 'вложить деньги под проценты', 76),
(4125, 2, 'вложить деньги под проценты', 76),
(4126, 1, 'деньги под проценты у частного лица', 76),
(4127, 2, 'деньги под проценты у частного лица', 76),
(4128, 1, 'деньги наличными', 76),
(4129, 2, 'деньги наличными', 76),
(4130, 1, 'дам деньги в долг частное лицо', 76),
(4131, 2, 'дам деньги в долг частное лицо', 76),
(4132, 1, 'частное лицо даст деньги в долг', 76),
(4133, 2, 'частное лицо даст деньги в долг', 76),
(4134, 1, 'чaстноe лицо дам деньги в долг', 76),
(4135, 2, 'чaстноe лицо дам деньги в долг', 76),
(4136, 1, 'деньги в рассрочку', 76),
(4137, 2, 'деньги в рассрочку', 76),
(4138, 1, 'быстрые деньги займ', 76),
(4139, 2, 'быстрые деньги займ', 76),
(4140, 1, 'деньги взаймы', 76),
(4141, 2, 'деньги взаймы', 76),
(4142, 1, 'срочный займ займу деньги', 76),
(4143, 2, 'срочный займ займу деньги', 76),
(4144, 1, 'деньги в долг с плохой кредитной историей', 76),
(4145, 2, 'деньги в долг с плохой кредитной историей', 76),
(4146, 1, 'деньги срочно с плохой кредитной историей', 76),
(4147, 2, 'деньги срочно с плохой кредитной историей', 76),
(4148, 1, 'дам деньги под проценты', 76),
(4149, 2, 'дам деньги под проценты', 76),
(4150, 1, 'даю деньги под проценты', 76),
(4151, 2, 'даю деньги под проценты', 76),
(4152, 1, 'дать деньги под проценты', 76),
(4153, 2, 'дать деньги под проценты', 76),
(4154, 1, 'займу деньги под расписку', 76),
(4155, 2, 'займу деньги под расписку', 76),
(4156, 1, 'займу деньги под проценты', 76),
(4157, 2, 'займу деньги под проценты', 76),
(4158, 1, 'вложу деньги в бизнес', 76),
(4159, 2, 'вложу деньги в бизнес', 76),
(4160, 1, 'деньги в займы срочно', 76),
(4161, 2, 'деньги в займы срочно', 76),
(4162, 1, 'возьму деньги под проценты', 76),
(4163, 2, 'возьму деньги под проценты', 76),
(4164, 1, 'дам деньги под расписку', 76),
(4165, 2, 'дам деньги под расписку', 76),
(4166, 1, 'даю деньги под расписку', 76),
(4167, 2, 'даю деньги под расписку', 76),
(4168, 1, 'даем деньги под расписку', 76),
(4169, 2, 'даем деньги под расписку', 76),
(4170, 1, 'взять деньги в долг под расписку', 76),
(4171, 2, 'взять деньги в долг под расписку', 76),
(4172, 1, 'деньги ру', 76),
(4173, 2, 'деньги ру', 76),
(4174, 1, 'деньги в долг теле2', 76),
(4175, 2, 'деньги в долг теле2', 76),
(4176, 1, 'деньги в долг без банка', 76),
(4177, 2, 'деньги в долг без банка', 76),
(4178, 1, 'деньги в долг без банков', 76),
(4179, 2, 'деньги в долг без банков', 76),
(4180, 1, 'деньги под честное слово', 76),
(4181, 2, 'деньги под честное слово', 76),
(4182, 1, 'деньги день в день', 76),
(4183, 2, 'деньги день в день', 76),
(4184, 1, 'возьму деньги в долг под проценты у частного лица', 76),
(4185, 2, 'возьму деньги в долг под проценты у частного лица', 76),
(4186, 1, 'деньги в банк под проценты', 76),
(4187, 2, 'деньги в банк под проценты', 76),
(4188, 1, 'занять деньги срочно', 76),
(4189, 2, 'занять деньги срочно', 76),
(4190, 1, 'деньги до зарплаты онлайн', 76),
(4191, 2, 'деньги до зарплаты онлайн', 76),
(4192, 1, 'взять деньги в долг срочно', 76),
(4193, 2, 'взять деньги в долг срочно', 76),
(4194, 1, 'срочный взять деньги в долг', 76),
(4195, 2, 'срочный взять деньги в долг', 76),
(4196, 1, 'любовь за деньги', 76),
(4197, 2, 'любовь за деньги', 76),
(4198, 1, 'деньги в долг под проценты', 76),
(4199, 2, 'деньги в долг под проценты', 76),
(4200, 1, 'деньги взаймы срочно', 76),
(4201, 2, 'деньги взаймы срочно', 76),
(4202, 1, 'деньги всем', 76),
(4203, 2, 'деньги всем', 76),
(4204, 1, 'деньги в день обращения', 76),
(4205, 2, 'деньги в день обращения', 76),
(4206, 1, 'занять деньги в долг', 76),
(4207, 2, 'занять деньги в долг', 76),
(4208, 1, 'деньги под расписку срочно', 76),
(4209, 2, 'деньги под расписку срочно', 76),
(4210, 1, 'одолжу деньги', 76),
(4211, 2, 'одолжу деньги', 76),
(4212, 1, 'срочно нужны деньги помогите', 76),
(4213, 2, 'срочно нужны деньги помогите', 76),
(4214, 1, 'деньги срочный займ', 76),
(4215, 2, 'деньги срочный займ', 76),
(4216, 1, 'доступные деньги', 76),
(4217, 2, 'доступные деньги', 76),
(4218, 1, 'занять деньги у частного лица', 76),
(4219, 2, 'занять деньги у частного лица', 76),
(4220, 1, 'моментальные деньги', 76),
(4221, 2, 'моментальные деньги', 76),
(4222, 1, 'срочные деньги в долг от частного лица', 76),
(4223, 2, 'срочные деньги в долг от частного лица', 76),
(4224, 1, 'соцопросы за деньги', 76),
(4225, 2, 'соцопросы за деньги', 76),
(4226, 1, 'займу деньги ру', 76),
(4227, 2, 'займу деньги ру', 76),
(4228, 1, 'деньги в долг по паспорту', 76),
(4229, 2, 'деньги в долг по паспорту', 76),
(4230, 1, 'помощь деньгами', 76),
(4231, 2, 'помощь деньгами', 76),
(4232, 1, 'онлайн деньги в долг', 76),
(4233, 2, 'онлайн деньги в долг', 76),
(4234, 1, 'дам деньги в долг срочно', 76),
(4235, 2, 'дам деньги в долг срочно', 76),
(4236, 1, 'даю деньги в долг срочно', 76),
(4237, 2, 'даю деньги в долг срочно', 76),
(4238, 1, 'возьму деньги под проценты у частного лица', 76),
(4239, 2, 'возьму деньги под проценты у частного лица', 76),
(4240, 1, 'срочно деньги под проценты', 76),
(4241, 2, 'срочно деньги под проценты', 76),
(4242, 1, 'срочно взять срочно деньги в долг', 76),
(4243, 2, 'срочно взять срочно деньги в долг', 76),
(4244, 1, 'деньги получить', 76),
(4245, 2, 'деньги получить', 76),
(4246, 1, 'деньги наличными в день обращения', 76),
(4247, 2, 'деньги наличными в день обращения', 76),
(4248, 1, 'взять деньги', 76),
(4249, 2, 'взять деньги', 76),
(4250, 1, 'деньги на бизнеса', 76),
(4251, 2, 'деньги на бизнеса', 76),
(4252, 1, 'очень срочно нужны деньги', 76),
(4253, 2, 'очень срочно нужны деньги', 76),
(4254, 1, 'срочно нужны деньги в долг с плохой кредитной историей', 76),
(4255, 2, 'срочно нужны деньги в долг с плохой кредитной историей', 76),
(4256, 1, 'возьму деньги в долг под проценты', 76),
(4257, 2, 'возьму деньги в долг под проценты', 76),
(4258, 1, 'деньги за 15 минут', 76),
(4259, 2, 'деньги за 15 минут', 76),
(4260, 1, 'деньги в долг срочно под расписку', 76),
(4261, 2, 'деньги в долг срочно под расписку', 76),
(4262, 1, 'деньги в долг в нсс', 76),
(4263, 2, 'деньги в долг в нсс', 76),
(4264, 1, 'быстрые деньги онлайн', 76),
(4265, 2, 'быстрые деньги онлайн', 76),
(4266, 1, 'как вернуть деньги по расписке', 76),
(4267, 2, 'как вернуть деньги по расписке', 76),
(4268, 1, 'очень нужны деньги', 76),
(4269, 2, 'очень нужны деньги', 76),
(4270, 1, 'нужны деньги в долг', 76),
(4271, 2, 'нужны деньги в долг', 76),
(4272, 1, 'микро деньги', 76),
(4273, 2, 'микро деньги', 76),
(4274, 1, 'деньги на дом срочно', 76),
(4275, 2, 'деньги на дом срочно', 76),
(4276, 1, 'дам деньги на бизнес', 76),
(4277, 2, 'дам деньги на бизнес', 76),
(4278, 1, 'банк быстро деньги', 76),
(4279, 2, 'банк быстро деньги', 76),
(4280, 1, 'деньги до зарплаты франшиза', 76),
(4281, 2, 'деньги до зарплаты франшиза', 76),
(4282, 1, 'частные деньги', 76),
(4283, 2, 'частные деньги', 76),
(4284, 1, 'деньги по паспорту', 76),
(4285, 2, 'деньги по паспорту', 76),
(4286, 1, 'взять деньги в долг с плохой кредитной историей', 76),
(4287, 2, 'взять деньги в долг с плохой кредитной историей', 76),
(4288, 1, 'деньги в долг срочно с 18 лет', 76),
(4289, 2, 'деньги в долг срочно с 18 лет', 76),
(4290, 1, 'деньги с плохой кредитной историей', 76),
(4291, 2, 'деньги с плохой кредитной историей', 76),
(4292, 1, 'срочные деньги в долг с 18 лет', 76),
(4293, 2, 'срочные деньги в долг с 18 лет', 76),
(4294, 1, 'деньги в долг безработным', 76),
(4295, 2, 'деньги в долг безработным', 76),
(4296, 1, 'куни за деньги', 76),
(4297, 2, 'куни за деньги', 76),
(4298, 1, 'микрофинанс деньги сразу', 76),
(4299, 2, 'микрофинанс деньги сразу', 76),
(4300, 1, 'деньги без справок и поручителей', 76),
(4301, 2, 'деньги без справок и поручителей', 76),
(4302, 1, 'даю деньги в долг без залога', 76),
(4303, 2, 'даю деньги в долг без залога', 76),
(4304, 1, 'дам деньги в долг без залога', 76),
(4305, 2, 'дам деньги в долг без залога', 76),
(4306, 1, 'одолжу деньги под проценты', 76),
(4307, 2, 'одолжу деньги под проценты', 76),
(4308, 1, 'взять деньги под расписку', 76),
(4309, 2, 'взять деньги под расписку', 76),
(4310, 1, 'деньги в долг до зарплаты', 76),
(4311, 2, 'деньги в долг до зарплаты', 76),
(4312, 1, 'даем деньги ру', 76),
(4313, 2, 'даем деньги ру', 76),
(4314, 1, 'дам деньги ру', 76),
(4315, 2, 'дам деньги ру', 76),
(4316, 1, 'нано деньги', 76),
(4317, 2, 'нано деньги', 76),
(4318, 1, 'деньги частный займ', 76),
(4319, 2, 'деньги частный займ', 76),
(4320, 1, 'деньги в долг под расписку без залога', 76),
(4321, 2, 'деньги в долг под расписку без залога', 76),
(4322, 1, 'нужны деньги под проценты', 76),
(4323, 2, 'нужны деньги под проценты', 76),
(4324, 1, 'деньги без проблем', 76),
(4325, 2, 'деньги без проблем', 76),
(4326, 1, 'взять деньги быстро', 76),
(4327, 2, 'взять деньги быстро', 76),
(4328, 1, 'взять быстрые деньги', 76),
(4329, 2, 'взять быстрые деньги', 76),
(4330, 1, 'мгновенные деньги онлайн заявка', 76),
(4331, 2, 'мгновенные деньги онлайн заявка', 76),
(4332, 1, 'центрозайм деньги до зарплаты', 76),
(4333, 2, 'центрозайм деньги до зарплаты', 76),
(4334, 1, 'быстрые деньги до зарплаты', 76),
(4335, 2, 'быстрые деньги до зарплаты', 76),
(4336, 1, 'деньги до получки', 76),
(4337, 2, 'деньги до получки', 76),
(4338, 1, 'деньги до зарплаты быстро', 76),
(4339, 2, 'деньги до зарплаты быстро', 76),
(4340, 1, 'срочно нужны деньги под проценты', 76),
(4341, 2, 'срочно нужны деньги под проценты', 76),
(4342, 1, 'пересплю за деньги', 76),
(4343, 2, 'пересплю за деньги', 76),
(4344, 1, 'деньги взаймы под проценты', 76),
(4345, 2, 'деньги взаймы под проценты', 76),
(4346, 1, 'срочно взять деньги', 76),
(4347, 2, 'срочно взять деньги', 76),
(4348, 1, 'деньги в долг срочно у частного лица', 76),
(4349, 2, 'деньги в долг срочно у частного лица', 76),
(4350, 1, 'взять деньги в рассрочку', 76),
(4351, 2, 'взять деньги в рассрочку', 76),
(4352, 1, 'обои для рабочего стола деньги рубли', 76),
(4353, 2, 'обои для рабочего стола деньги рубли', 76),
(4354, 1, 'деньги в долг объявления', 76),
(4355, 2, 'деньги в долг объявления', 76),
(4356, 1, 'деньги на малого бизнеса', 76),
(4357, 2, 'деньги на малого бизнеса', 76),
(4358, 1, 'деньги в долг без процентов', 76),
(4359, 2, 'деньги в долг без процентов', 76),
(4360, 1, 'деньги в кармане', 76),
(4361, 2, 'деньги в кармане', 76),
(4362, 1, 'деньги в долг деньги до зарплаты', 76),
(4363, 2, 'деньги в долг деньги до зарплаты', 76),
(4364, 1, 'деньги в долг без залога', 76),
(4365, 2, 'деньги в долг без залога', 76),
(4366, 1, 'деньги без залога и поручителей', 76),
(4367, 2, 'деньги без залога и поручителей', 76),
(4368, 1, 'получит деньги быстро', 76),
(4369, 2, 'получит деньги быстро', 76),
(4370, 1, 'быстрые деньги получить', 76),
(4371, 2, 'быстрые деньги получить', 76),
(4372, 1, 'деньги без банка', 76),
(4373, 2, 'деньги без банка', 76),
(4374, 1, 'деньги людям', 76),
(4375, 2, 'деньги людям', 76),
(4376, 1, 'занять деньги до зарплаты', 76),
(4377, 2, 'занять деньги до зарплаты', 76),
(4378, 1, 'нужны деньги с плохой кредитной историей', 76),
(4379, 2, 'нужны деньги с плохой кредитной историей', 76),
(4380, 1, 'кто дает деньги под проценты', 76),
(4381, 2, 'кто дает деньги под проценты', 76),
(4382, 1, 'дам деньги под проценты срочно', 76),
(4383, 2, 'дам деньги под проценты срочно', 76),
(4384, 1, 'дам деньги в долг срочно деньги', 76),
(4385, 2, 'дам деньги в долг срочно деньги', 76),
(4386, 1, 'ищу деньги в долг', 76),
(4387, 2, 'ищу деньги в долг', 76),
(4388, 1, 'деньги с 18 лет', 76),
(4389, 2, 'деньги с 18 лет', 76),
(4390, 1, 'занять деньги быстро', 76),
(4391, 2, 'занять деньги быстро', 76),
(4392, 1, 'дайте деньги срочно под проценты', 76),
(4393, 2, 'дайте деньги срочно под проценты', 76),
(4394, 1, 'дам деньги под проценты у частного лица', 76),
(4395, 2, 'дам деньги под проценты у частного лица', 76),
(4396, 1, 'нужна помощь деньгами', 76),
(4397, 2, 'нужна помощь деньгами', 76),
(4398, 1, 'деньги в долг в гродно', 76),
(4399, 2, 'деньги в долг в гродно', 76),
(4400, 1, 'даю деньги под проценты у частных лиц', 76),
(4401, 2, 'даю деньги под проценты у частных лиц', 76),
(4402, 1, 'дам в рот за деньги', 76),
(4403, 2, 'дам в рот за деньги', 76),
(4404, 1, 'деньги студентам', 76),
(4405, 2, 'деньги студентам', 76),
(4406, 1, 'если срочно нужны деньги что делать', 76),
(4407, 2, 'если срочно нужны деньги что делать', 76),
(4408, 1, 'объявления о деньгах', 76),
(4409, 2, 'объявления о деньгах', 76),
(4410, 1, 'взять деньги до зарплаты', 76),
(4411, 2, 'взять деньги до зарплаты', 76),
(4412, 1, 'дам деньги в займы', 76),
(4413, 2, 'дам деньги в займы', 76),
(4414, 1, 'даем в займы деньги', 76),
(4415, 2, 'даем в займы деньги', 76),
(4416, 1, 'даю деньги в займы', 76),
(4417, 2, 'даю деньги в займы', 76),
(4418, 1, 'деньги под проценты без залога', 76),
(4419, 2, 'деньги под проценты без залога', 76),
(4420, 1, 'срочно нужны деньги до зарплаты', 76),
(4421, 2, 'срочно нужны деньги до зарплаты', 76),
(4422, 1, 'деньги под проценты под расписку', 76),
(4423, 2, 'деньги под проценты под расписку', 76),
(4424, 1, 'получить деньги в долг', 76),
(4425, 2, 'получить деньги в долг', 76),
(4426, 1, 'бизнес деньги в долг', 76),
(4427, 2, 'бизнес деньги в долг', 76),
(4428, 1, 'дом под деньги под', 76),
(4429, 2, 'дом под деньги под', 76),
(4430, 1, 'деньги под паспорт', 76),
(4431, 2, 'деньги под паспорт', 76),
(4432, 1, 'срочно деньги безработным', 76),
(4433, 2, 'срочно деньги безработным', 76),
(4434, 1, 'как получить деньги с должника', 76),
(4435, 2, 'как получить деньги с должника', 76),
(4436, 1, 'возьму деньги взаймы', 76),
(4437, 2, 'возьму деньги взаймы', 76),
(4438, 1, 'нужны деньги помогите', 76),
(4439, 2, 'нужны деньги помогите', 76),
(4440, 1, 'деньги в залог', 76),
(4441, 2, 'деньги в залог', 76),
(4442, 1, 'деньги в долг без справок и поручителей', 76),
(4443, 2, 'деньги в долг без справок и поручителей', 76),
(4444, 1, 'деньги без справок', 76),
(4445, 2, 'деньги без справок', 76),
(4446, 1, 'деньги в долг без справок без поручителей', 76),
(4447, 2, 'деньги в долг без справок без поручителей', 76),
(4448, 1, 'взять деньги у частного лица', 76),
(4449, 2, 'взять деньги у частного лица', 76),
(4450, 1, 'деловые деньги', 76),
(4451, 2, 'деловые деньги', 76),
(4452, 1, 'дам деньги под проценты без залога', 76),
(4453, 2, 'дам деньги под проценты без залога', 76),
(4454, 1, 'деньги срочно до зарплаты', 76),
(4455, 2, 'деньги срочно до зарплаты', 76),
(4456, 1, 'взять деньги в займы', 76),
(4457, 2, 'взять деньги в займы', 76),
(4458, 1, 'срочно надо деньги', 76),
(4459, 2, 'срочно надо деньги', 76),
(4460, 1, 'активные деньги', 76),
(4461, 2, 'активные деньги', 76),
(4462, 1, 'деньги в долг круглосуточно', 76),
(4463, 2, 'деньги в долг круглосуточно', 76),
(4464, 1, 'деньги в долг на дом', 76),
(4465, 2, 'деньги в долг на дом', 76),
(4466, 1, 'деньги в долг qiwi', 76),
(4467, 2, 'деньги в долг qiwi', 76),
(4468, 1, 'срочно нужны деньги от частного лица', 76),
(4469, 2, 'срочно нужны деньги от частного лица', 76),
(4470, 1, 'деньги в долг студентам', 76),
(4471, 2, 'деньги в долг студентам', 76),
(4472, 1, 'деньги до зп', 76),
(4473, 2, 'деньги до зп', 76),
(4474, 1, 'деньги за 30 минут', 76),
(4475, 2, 'деньги за 30 минут', 76),
(4476, 1, 'возьму деньги в долг у частного лица под расписку', 76),
(4477, 2, 'возьму деньги в долг у частного лица под расписку', 76),
(4478, 1, 'нуждаюсь в деньгах', 76),
(4479, 2, 'нуждаюсь в деньгах', 76),
(4480, 1, 'деньги наличными срочно', 76),
(4481, 2, 'деньги наличными срочно', 76),
(4482, 1, 'деньги под зарплату', 76),
(4483, 2, 'деньги под зарплату', 76),
(4484, 1, 'дам деньги взаймы', 76),
(4485, 2, 'дам деньги взаймы', 76),
(4486, 1, 'дам деньги в долг объявления', 76),
(4487, 2, 'дам деньги в долг объявления', 76),
(4488, 1, 'срочно дам деньги в долг под расписку', 76),
(4489, 2, 'срочно дам деньги в долг под расписку', 76),
(4490, 1, 'объявление даю деньги в долг', 76),
(4491, 2, 'объявление даю деньги в долг', 76),
(4492, 1, 'дают деньги взаймы', 76),
(4493, 2, 'дают деньги взаймы', 76),
(4494, 1, 'займу деньги без залога', 76),
(4495, 2, 'займу деньги без залога', 76),
(4496, 1, 'помощь в получение деньги', 76),
(4497, 2, 'помощь в получение деньги', 76),
(4498, 1, 'деньги в долг не банк', 76),
(4499, 2, 'деньги в долг не банк', 76),
(4500, 1, 'деньги в долг срочно под проценты', 76),
(4501, 2, 'деньги в долг срочно под проценты', 76),
(4502, 1, 'деньги 1', 76),
(4503, 2, 'деньги 1', 76),
(4504, 1, 'деньги ссуду', 76),
(4505, 2, 'деньги ссуду', 76),
(4506, 1, 'взять деньги под проценты срочно', 76),
(4507, 2, 'взять деньги под проценты срочно', 76),
(4508, 1, 'взять деньги в долг срочно у частного лица', 76),
(4509, 2, 'взять деньги в долг срочно у частного лица', 76),
(4510, 1, 'деньги под бизнес', 76),
(4511, 2, 'деньги под бизнес', 76),
(4512, 1, 'встречусь за деньги', 76),
(4513, 2, 'встречусь за деньги', 76),
(4514, 1, 'частные объявления деньги в долг', 76),
(4515, 2, 'частные объявления деньги в долг', 76),
(4516, 1, 'деньги в долг с 20 лет', 76),
(4517, 2, 'деньги в долг с 20 лет', 76);
INSERT INTO `tbl_text_data` (`id`, `import_var_id`, `import_var_value`, `text_id`) VALUES
(4518, 1, 'деньги под', 76),
(4519, 2, 'деньги под', 76),
(4520, 1, 'окажу помощь деньгами', 76),
(4521, 2, 'окажу помощь деньгами', 76),
(4522, 1, 'дам деньги всем', 76),
(4523, 2, 'дам деньги всем', 76),
(4524, 1, 'деньги в долг в залог паспорт', 76),
(4525, 2, 'деньги в долг в залог паспорт', 76),
(4526, 1, 'даем деньги всем', 76),
(4527, 2, 'даем деньги всем', 76),
(4528, 1, 'даю деньги в долг под проценты без залога', 76),
(4529, 2, 'даю деньги в долг под проценты без залога', 76),
(4530, 1, 'деньги в долг от 18 лет', 76),
(4531, 2, 'деньги в долг от 18 лет', 76),
(4532, 1, 'срочно нужны деньги сегодня', 76),
(4533, 2, 'срочно нужны деньги сегодня', 76),
(4534, 1, 'дам деньги в долг под процент без залога', 76),
(4535, 2, 'дам деньги в долг под процент без залога', 76),
(4536, 1, 'займ на дом деньги на дом', 76),
(4537, 2, 'займ на дом деньги на дом', 76),
(4538, 1, 'быстро нужны деньги', 76),
(4539, 2, 'быстро нужны деньги', 76),
(4540, 1, 'нужны быстрые деньги', 76),
(4541, 2, 'нужны быстрые деньги', 76),
(4542, 1, 'деньги в долг за час', 76),
(4543, 2, 'деньги в долг за час', 76),
(4544, 1, 'деньги в долг срочно онлайн', 76),
(4545, 2, 'деньги в долг срочно онлайн', 76),
(4546, 1, 'деньги по расписке', 76),
(4547, 2, 'деньги по расписке', 76),
(4548, 1, 'деньги в долг ру', 76),
(4549, 2, 'деньги в долг ру', 76),
(4550, 1, 'дам деньги в долг без залога под расписку', 76),
(4551, 2, 'дам деньги в долг без залога под расписку', 76),
(4552, 1, 'срочно деньги от частного лица', 76),
(4553, 2, 'срочно деньги от частного лица', 76),
(4554, 1, 'займы и деньги', 76),
(4555, 2, 'займы и деньги', 76),
(4556, 1, 'занять деньги у частного лица под проценты', 76),
(4557, 2, 'занять деньги у частного лица под проценты', 76),
(4558, 1, 'деньги в долг не работающим', 76),
(4559, 2, 'деньги в долг не работающим', 76),
(4560, 1, 'деньги в долг без предоплаты', 76),
(4561, 2, 'деньги в долг без предоплаты', 76),
(4562, 1, 'деньги срочно в долг по паспорту', 76),
(4563, 2, 'деньги срочно в долг по паспорту', 76),
(4564, 1, 'быстрые деньги наличными', 76),
(4565, 2, 'быстрые деньги наличными', 76),
(4566, 1, 'как получить деньги на бизнеса', 76),
(4567, 2, 'как получить деньги на бизнеса', 76),
(4568, 1, 'деньги в долг наличными', 76),
(4569, 2, 'деньги в долг наличными', 76),
(4570, 1, 'дам деньги под', 76),
(4571, 2, 'дам деньги под', 76),
(4572, 1, 'деньги наличными без предоплаты', 76),
(4573, 2, 'деньги наличными без предоплаты', 76),
(4574, 1, 'срочно дам деньги', 76),
(4575, 2, 'срочно дам деньги', 76),
(4576, 1, 'деньги по вызову', 76),
(4577, 2, 'деньги по вызову', 76),
(4578, 1, 'занять деньги онлайн', 76),
(4579, 2, 'занять деньги онлайн', 76),
(4580, 1, 'даю деньги под', 76),
(4581, 2, 'даю деньги под', 76),
(4582, 1, 'деньги на любые нужды', 76),
(4583, 2, 'деньги на любые нужды', 76),
(4584, 1, 'моментально деньги в долг', 76),
(4585, 2, 'моментально деньги в долг', 76),
(4586, 1, 'деньги в долг 24', 76),
(4587, 2, 'деньги в долг 24', 76),
(4588, 1, 'деньги в долг без прописки', 76),
(4589, 2, 'деньги в долг без прописки', 76),
(4590, 1, 'нужны деньги сегодня', 76),
(4591, 2, 'нужны деньги сегодня', 76),
(4592, 1, 'деньги на месяц', 76),
(4593, 2, 'деньги на месяц', 76),
(4594, 1, 'помогите деньгами срочно', 76),
(4595, 2, 'помогите деньгами срочно', 76),
(4596, 1, 'быстро взять деньги в долг', 76),
(4597, 2, 'быстро взять деньги в долг', 76),
(4598, 1, 'деньги в долг срочно сегодня', 76),
(4599, 2, 'деньги в долг срочно сегодня', 76),
(4600, 1, 'деньги в долг всем', 76),
(4601, 2, 'деньги в долг всем', 76),
(4602, 1, 'деньги в долг на покупку авто', 76),
(4603, 2, 'деньги в долг на покупку авто', 76),
(4604, 1, 'деньги сегодня срочно', 76),
(4605, 2, 'деньги сегодня срочно', 76),
(4606, 1, 'деньги взаймы до зарплаты', 76),
(4607, 2, 'деньги взаймы до зарплаты', 76),
(4608, 1, 'получить срочно деньги', 76),
(4609, 2, 'получить срочно деньги', 76),
(4610, 1, 'деньги для развития бизнеса', 76),
(4611, 2, 'деньги для развития бизнеса', 76),
(4612, 1, 'деньги срочно онлайн', 76),
(4613, 2, 'деньги срочно онлайн', 76),
(4614, 1, 'деньги в долг в день обращения', 76),
(4615, 2, 'деньги в долг в день обращения', 76),
(4616, 1, 'дам деньги в долг под проценты частное лицо', 76),
(4617, 2, 'дам деньги в долг под проценты частное лицо', 76),
(4618, 1, 'срочно деньги в день обращения', 76),
(4619, 2, 'срочно деньги в день обращения', 76),
(4620, 1, 'деньги в долг под паспорт', 76),
(4621, 2, 'деньги в долг под паспорт', 76),
(4622, 1, 'деньги в долг без справок', 76),
(4623, 2, 'деньги в долг без справок', 76),
(4624, 1, 'быстрые деньги заявка', 76),
(4625, 2, 'быстрые деньги заявка', 76),
(4626, 1, 'деньги на авто', 76),
(4627, 2, 'деньги на авто', 76),
(4628, 1, 'деньги в долг под расписку без предоплаты', 76),
(4629, 2, 'деньги в долг под расписку без предоплаты', 76),
(4630, 1, 'частное лицо даст в долг деньги под проценты', 76),
(4631, 2, 'частное лицо даст в долг деньги под проценты', 76),
(4632, 1, 'срочные деньги по паспорту', 76),
(4633, 2, 'срочные деньги по паспорту', 76),
(4634, 1, 'моментальные деньги займ', 76),
(4635, 2, 'моментальные деньги займ', 76),
(4636, 1, 'деньги по договору займа', 76),
(4637, 2, 'деньги по договору займа', 76),
(4638, 1, 'даю деньги в рассрочку', 76),
(4639, 2, 'даю деньги в рассрочку', 76),
(4640, 1, 'деньги в займы с 18 лет', 76),
(4641, 2, 'деньги в займы с 18 лет', 76),
(4642, 1, 'взять деньги с плохой кредитной историей', 76),
(4643, 2, 'взять деньги с плохой кредитной историей', 76),
(4644, 1, 'быстрые деньги по паспорту', 76),
(4645, 2, 'быстрые деньги по паспорту', 76),
(4646, 1, 'деньги в долг без участия банка', 76),
(4647, 2, 'деньги в долг без участия банка', 76),
(4648, 1, 'деньги в долг у ростовщиков', 76),
(4649, 2, 'деньги в долг у ростовщиков', 76),
(4650, 1, 'банки деньги под проценты', 76),
(4651, 2, 'банки деньги под проценты', 76),
(4652, 1, 'деньги в долг без участия банков', 76),
(4653, 2, 'деньги в долг без участия банков', 76),
(4654, 1, 'онлайн взять деньги в долг', 76),
(4655, 2, 'онлайн взять деньги в долг', 76),
(4656, 1, 'быстро деньги по паспорту', 76),
(4657, 2, 'быстро деньги по паспорту', 76),
(4658, 1, 'как получить деньги на малого бизнеса', 76),
(4659, 2, 'как получить деньги на малого бизнеса', 76),
(4660, 1, 'займу деньги под', 76),
(4661, 2, 'займу деньги под', 76),
(4662, 1, 'быстрые деньги онлайн заявка', 76),
(4663, 2, 'быстрые деньги онлайн заявка', 76),
(4664, 1, 'деньги в рассрочку дам', 76),
(4665, 2, 'деньги в рассрочку дам', 76),
(4666, 1, 'срочно нужны деньги 50000', 76),
(4667, 2, 'срочно нужны деньги 50000', 76),
(4668, 1, 'дают деньги в рассрочку', 76),
(4669, 2, 'дают деньги в рассрочку', 76),
(4670, 1, 'займы до зарплаты', 77),
(4671, 2, 'займы до зарплаты', 77),
(4672, 3, '', 77),
(4673, 4, '', 77),
(4674, 5, '', 77),
(4675, 6, '', 77),
(4676, 7, '', 77),
(4677, 10, '', 77),
(4678, 11, '', 77),
(4679, 12, '', 77),
(4680, 13, '', 77),
(4681, 14, '', 77),
(4682, 1, 'быстрые займы', 77),
(4683, 2, 'быстрые займы', 77),
(4684, 1, 'займ быстро', 77),
(4685, 2, 'займ быстро', 77),
(4686, 1, 'займы онлайн', 77),
(4687, 2, 'займы онлайн', 77),
(4688, 1, 'займы денег', 77),
(4689, 2, 'займы денег', 77),
(4690, 1, 'займы срочно', 77),
(4691, 2, 'займы срочно', 77),
(4692, 1, 'срочные займы', 77),
(4693, 2, 'срочные займы', 77),
(4694, 1, 'cрочные займы', 77),
(4695, 2, 'cрочные займы', 77),
(4696, 1, 'займы до зарплаты займ', 77),
(4697, 2, 'займы до зарплаты займ', 77),
(4698, 1, 'займы до зарплаты займ', 77),
(4699, 2, 'займы под расписку', 77),
(4700, 1, 'займы под расписку', 77),
(4701, 2, 'займы с плохой кредитной историей', 77),
(4702, 1, 'займы с плохой кредитной историей', 77),
(4703, 2, 'краткосрочные займы', 77),
(4704, 1, 'краткосрочные займы', 77),
(4705, 2, 'займы по паспорту', 77),
(4706, 1, 'займы по паспорту', 77),
(4707, 2, 'частный займ от частного лица', 77),
(4708, 1, 'частный займ от частного лица', 77),
(4709, 2, 'займы физическим лицам', 77),
(4710, 1, 'займы физическим лицам', 77),
(4711, 2, 'займ денег у частных лиц', 77),
(4712, 1, 'займ денег у частных лиц', 77),
(4713, 2, 'займ от частного лица без залога', 77),
(4714, 1, 'займ от частного лица без залога', 77),
(4715, 2, 'частный займ под расписку', 77),
(4716, 1, 'частный займ под расписку', 77),
(4717, 2, 'частный займ', 77),
(4718, 1, 'частный займ', 77),
(4719, 2, 'займы населению', 77),
(4720, 1, 'займы населению', 77),
(4721, 2, 'частный займ без залога', 77),
(4722, 1, 'частный займ без залога', 77),
(4723, 2, 'денежные займы', 77),
(4724, 1, 'денежные займы', 77),
(4725, 2, 'быстрые займы денег', 77),
(4726, 1, 'быстрые займы денег', 77),
(4727, 2, 'займ денег быстро', 77),
(4728, 1, 'займ денег быстро', 77),
(4729, 2, 'заем или займ', 77),
(4730, 1, 'заем или займ', 77),
(4731, 2, 'займ денег под расписку', 77),
(4732, 1, 'займ денег под расписку', 77),
(4733, 2, 'взять займ', 77),
(4734, 1, 'взять займ', 77),
(4735, 2, 'займ от частного лица под расписку', 77),
(4736, 1, 'займ от частного лица под расписку', 77),
(4737, 2, 'срочный займ с плохой кредитной историей', 77),
(4738, 1, 'срочный займ с плохой кредитной историей', 77),
(4739, 2, 'займы срочно с плохой кредитной историей', 77),
(4740, 1, 'займы срочно с плохой кредитной историей', 77),
(4741, 2, 'займ легко', 77),
(4742, 1, 'займ легко', 77),
(4743, 2, 'легкие займы', 77),
(4744, 1, 'легкие займы', 77),
(4745, 2, 'срочный займ от частного лица', 77),
(4746, 1, 'срочный займ от частного лица', 77),
(4747, 2, 'срочно займ от частного лица', 77),
(4748, 1, 'срочно займ от частного лица', 77),
(4749, 2, 'быстрый займ по паспорту', 77),
(4750, 1, 'быстрый займ по паспорту', 77),
(4751, 2, 'займы быстро по паспорту', 77),
(4752, 1, 'займы быстро по паспорту', 77),
(4753, 2, 'займ денег под проценты', 77),
(4754, 1, 'займ денег под проценты', 77),
(4755, 2, 'быстрые займы онлайн', 77),
(4756, 1, 'быстрые займы онлайн', 77),
(4757, 2, 'займ онлайн быстро', 77),
(4758, 1, 'займ онлайн быстро', 77),
(4759, 2, 'срочные займы онлайн', 77),
(4760, 1, 'срочные займы онлайн', 77),
(4761, 2, 'онлайн займ срочно', 77),
(4762, 1, 'онлайн займ срочно', 77),
(4763, 2, 'займ через интернет', 77),
(4764, 1, 'займ через интернет', 77),
(4765, 2, 'частный займ срочно', 77),
(4766, 1, 'частный займ срочно', 77),
(4767, 2, 'срочный частный займ', 77),
(4768, 1, 'срочный частный займ', 77),
(4769, 2, 'мгновенные займы', 77),
(4770, 1, 'мгновенные займы', 77),
(4771, 2, 'взять займ у частного лица', 77),
(4772, 1, 'взять займ у частного лица', 77),
(4773, 2, 'моментальные займы', 77),
(4774, 1, 'моментальные займы', 77),
(4775, 2, 'срочно взять займ', 77),
(4776, 1, 'срочно взять займ', 77),
(4777, 2, 'взять срочный займ', 77),
(4778, 1, 'взять срочный займ', 77),
(4779, 2, 'срочный займ денег', 77),
(4780, 1, 'срочный займ денег', 77),
(4781, 2, 'займ денег срочно', 77),
(4782, 1, 'займ денег срочно', 77),
(4783, 2, 'интернет займы', 77),
(4784, 1, 'интернет займы', 77),
(4785, 2, 'займы безработным', 77),
(4786, 1, 'займы безработным', 77),
(4787, 2, 'займ в день обращения', 77),
(4788, 1, 'займ в день обращения', 77),
(4789, 2, 'займы до 50000', 77),
(4790, 1, 'займы до 50000', 77),
(4791, 2, 'займы срочно по паспорту', 77),
(4792, 1, 'займы срочно по паспорту', 77),
(4793, 2, 'займы с 18 лет', 77),
(4794, 1, 'займы с 18 лет', 77),
(4795, 2, 'займ без справок и поручителей', 77),
(4796, 1, 'займ без справок и поручителей', 77),
(4797, 2, 'займы без залогов', 77),
(4798, 1, 'займы без залогов', 77),
(4799, 2, 'даем в займы', 77),
(4800, 1, 'даем в займы', 77),
(4801, 2, 'долгосрочные займы', 77),
(4802, 1, 'долгосрочные займы', 77),
(4803, 2, 'займ без залога', 77),
(4804, 1, 'займ без залога', 77),
(4805, 2, 'займ на карту', 77),
(4806, 1, 'займ на карту', 77),
(4807, 2, 'займ ру', 77),
(4808, 1, 'займ ру', 77),
(4809, 2, 'займ под проценты', 77),
(4810, 1, 'займ под проценты', 77),
(4811, 2, 'дам займ', 77),
(4812, 1, 'дам займ', 77),
(4813, 2, 'дадим займ', 77),
(4814, 1, 'дадим займ', 77),
(4815, 2, 'даю займ', 77),
(4816, 1, 'даю займ', 77),
(4817, 2, 'взять займ онлайн', 77),
(4818, 1, 'взять займ онлайн', 77),
(4819, 2, 'займ наличными', 77),
(4820, 1, 'займ наличными', 77),
(4821, 2, 'займы на дом', 77),
(4822, 1, 'займы на дом', 77),
(4823, 2, 'займы без проверки кредитной истории', 77),
(4824, 1, 'займы без проверки кредитной истории', 77),
(4825, 2, 'займы всем', 77),
(4826, 1, 'займы всем', 77),
(4827, 2, 'срочный займ до зарплаты', 77),
(4828, 1, 'срочный займ до зарплаты', 77),
(4829, 2, 'займ до зарплаты срочно', 77),
(4830, 1, 'займ до зарплаты срочно', 77),
(4831, 2, 'займы для бизнеса', 77),
(4832, 1, 'займы для бизнеса', 77),
(4833, 2, 'займы до 100000', 77),
(4834, 1, 'займы до 100000', 77),
(4835, 2, 'получить займ', 77),
(4836, 1, 'получить займ', 77),
(4837, 2, 'выдам частный займ', 77),
(4838, 1, 'выдам частный займ', 77),
(4839, 2, 'займы без залога и поручителей', 77),
(4840, 1, 'займы без залога и поручителей', 77),
(4841, 2, 'займы без залогов и поручителей', 77),
(4842, 1, 'займы без залогов и поручителей', 77),
(4843, 2, 'займы денег до зарплаты', 77),
(4844, 1, 'займы денег до зарплаты', 77),
(4845, 2, 'частный займ денег', 77),
(4846, 1, 'частный займ денег', 77),
(4847, 2, 'быстро получить займ', 77),
(4848, 1, 'быстро получить займ', 77),
(4849, 2, 'быстрый займ до зарплаты', 77),
(4850, 1, 'быстрый займ до зарплаты', 77),
(4851, 2, 'займ денег онлайн', 77),
(4852, 1, 'займ денег онлайн', 77),
(4853, 2, 'займы без процентов', 77),
(4854, 1, 'займы без процентов', 77),
(4855, 2, 'быстрые займы с плохой кредитной историей', 77),
(4856, 1, 'быстрые займы с плохой кредитной историей', 77),
(4857, 2, 'займ за 5 минут', 77),
(4858, 1, 'займ за 5 минут', 77),
(4859, 2, 'частный займ без предоплаты', 77),
(4860, 1, 'частный займ без предоплаты', 77),
(4861, 2, 'займ за час', 77),
(4862, 1, 'займ за час', 77),
(4863, 2, 'дам займ под расписку', 77),
(4864, 1, 'дам займ под расписку', 77),
(4865, 2, 'даю займ под расписку', 77),
(4866, 1, 'даю займ под расписку', 77),
(4867, 2, 'займы не выходя из дома', 77),
(4868, 1, 'займы не выходя из дома', 77),
(4869, 2, 'ипотечные займы', 77),
(4870, 1, 'ипотечные займы', 77),
(4871, 2, 'предоставлю займ', 77),
(4872, 1, 'предоставлю займ', 77),
(4873, 2, 'займ круглосуточно', 77),
(4874, 1, 'займ круглосуточно', 77),
(4875, 2, 'кредитные займы', 77),
(4876, 1, 'кредитные займы', 77),
(4877, 2, 'займ оформить онлайн', 77),
(4878, 1, 'займ оформить онлайн', 77),
(4879, 2, 'помощь в получении займа', 77),
(4880, 1, 'помощь в получении займа', 77),
(4881, 2, 'ссуды займы', 77),
(4882, 1, 'ссуды займы', 77),
(4883, 2, 'cсуда займ', 77),
(4884, 1, 'cсуда займ', 77),
(4885, 2, 'взять займ с плохой кредитной историей', 77),
(4886, 1, 'взять займ с плохой кредитной историей', 77),
(4887, 2, 'даю частный займ', 77),
(4888, 1, 'даю частный займ', 77),
(4889, 2, 'дам частный займ', 77),
(4890, 1, 'дам частный займ', 77),
(4891, 2, 'даем частные займы', 77),
(4892, 1, 'даем частные займы', 77),
(4893, 2, 'займы студентам', 77),
(4894, 1, 'займы студентам', 77),
(4895, 2, 'процентные займы', 77),
(4896, 1, 'процентные займы', 77),
(4897, 2, 'дам денег в займы', 77),
(4898, 1, 'дам денег в займы', 77),
(4899, 2, 'срочно нужны займ', 77),
(4900, 1, 'срочно нужны займ', 77),
(4901, 2, 'дайте денег в займы', 77),
(4902, 1, 'дайте денег в займы', 77),
(4903, 2, 'нужен срочный займ', 77),
(4904, 1, 'нужен срочный займ', 77),
(4905, 2, 'займы срочно с плохой кредитной историей срочно', 77),
(4906, 1, 'займы срочно с плохой кредитной историей срочно', 77),
(4907, 2, 'займы для пенсионеров', 77),
(4908, 1, 'займы для пенсионеров', 77),
(4909, 2, 'займ денег с 18 лет', 77),
(4910, 1, 'займ денег с 18 лет', 77),
(4911, 2, 'онлайн заявка на займ', 77),
(4912, 1, 'онлайн заявка на займ', 77),
(4913, 2, 'малый займ', 77),
(4914, 1, 'малый займ', 77),
(4915, 2, 'моментальные онлайн займы', 77),
(4916, 1, 'моментальные онлайн займы', 77),
(4917, 2, 'мгновенные займы на карту', 77),
(4918, 1, 'мгновенные займы на карту', 77),
(4919, 2, 'нужен займ', 77),
(4920, 1, 'нужен займ', 77),
(4921, 2, 'заявка на займ', 77),
(4922, 1, 'заявка на займ', 77),
(4923, 2, 'займ без справок', 77),
(4924, 1, 'займ без справок', 77),
(4925, 2, 'займ до 10000', 77),
(4926, 1, 'займ до 10000', 77),
(4927, 2, 'займы малому бизнесу', 77),
(4928, 1, 'займы малому бизнесу', 77),
(4929, 2, 'срочно нужен частный займ', 77),
(4930, 1, 'срочно нужен частный займ', 77),
(4931, 2, 'займы до 30000', 77),
(4932, 1, 'займы до 30000', 77),
(4933, 2, 'займ денег в долг', 77),
(4934, 1, 'займ денег в долг', 77),
(4935, 2, 'быстрый частный займ', 77),
(4936, 1, 'быстрый частный займ', 77),
(4937, 2, 'быстрые денежные займы', 77),
(4938, 1, 'быстрые денежные займы', 77),
(4939, 2, 'денежные займы быстро', 77),
(4940, 1, 'денежные займы быстро', 77),
(4941, 2, 'займы до получки', 77),
(4942, 1, 'займы до получки', 77),
(4943, 2, 'займы на год', 77),
(4944, 1, 'займы на год', 77),
(4945, 2, 'срочные денежные займы', 77),
(4946, 1, 'срочные денежные займы', 77),
(4947, 2, 'денежный займ срочно', 77),
(4948, 1, 'денежный займ срочно', 77),
(4949, 2, 'займы без предоплаты', 77),
(4950, 1, 'займы без предоплаты', 77),
(4951, 2, 'займы с доставкой', 77),
(4952, 1, 'займы с доставкой', 77),
(4953, 2, 'взять денег в займы', 77),
(4954, 1, 'взять денег в займы', 77),
(4955, 2, 'взять частный займ', 77),
(4956, 1, 'взять частный займ', 77),
(4957, 2, 'взять быстрый займ', 77),
(4958, 1, 'взять быстрый займ', 77),
(4959, 2, 'срочный займ через интернет', 77),
(4960, 1, 'срочный займ через интернет', 77),
(4961, 2, 'взять займ быстро', 77),
(4962, 1, 'взять займ быстро', 77),
(4963, 2, 'мгновенный онлайн займ', 77),
(4964, 1, 'мгновенный онлайн займ', 77),
(4965, 2, 'займы с 20 лет', 77),
(4966, 1, 'займы с 20 лет', 77),
(4967, 2, 'займ без банков', 77),
(4968, 1, 'займ без банков', 77),
(4969, 2, 'блиц займ', 77),
(4970, 1, 'блиц займ', 77),
(4971, 2, 'предоставлю частный займ от частного лица без предоплаты', 77),
(4972, 1, 'предоставлю частный займ от частного лица без предоплаты', 77),
(4973, 2, 'займ 20000', 77),
(4974, 1, 'займ 20000', 77),
(4975, 2, 'займы в питере', 77),
(4976, 1, 'займы в питере', 77),
(4977, 2, 'займ денег без залога', 77),
(4978, 1, 'займ денег без залога', 77),
(4979, 2, 'оформить займ', 77),
(4980, 1, 'оформить займ', 77),
(4981, 2, 'взять займ до зарплаты', 77),
(4982, 1, 'взять займ до зарплаты', 77),
(4983, 2, 'займы без поручителей', 77),
(4984, 1, 'займы без поручителей', 77),
(4985, 2, 'быстрый займ через интернет', 77),
(4986, 1, 'быстрый займ через интернет', 77),
(4987, 2, 'займы по расписке', 77),
(4988, 1, 'займы по расписке', 77),
(4989, 2, 'займы без прописки', 77),
(4990, 1, 'займы без прописки', 77),
(4991, 2, 'предоставлю частный займ', 77),
(4992, 1, 'предоставлю частный займ', 77),
(4993, 2, '100 займы', 77),
(4994, 1, '100 займы', 77),
(4995, 2, 'дай пять займы', 77),
(4996, 1, 'дай пять займы', 77),
(4997, 2, 'займ 5000 рублей', 77),
(4998, 1, 'займ 5000 рублей', 77),
(4999, 2, 'быстро займ с 18 лет', 77),
(5000, 1, 'быстро займ с 18 лет', 77),
(5001, 2, 'быстрый займ с 18 лет', 77),
(5002, 1, 'быстрый займ с 18 лет', 77),
(5003, 2, 'взять займ через интернет', 77),
(5004, 1, 'взять займ через интернет', 77),
(5005, 2, 'срочные займы на дом', 77),
(5006, 1, 'срочные займы на дом', 77),
(5007, 2, 'мелкие займы', 77),
(5008, 1, 'мелкие займы', 77),
(5009, 2, 'займы срочно на дом', 77),
(5010, 1, 'займы срочно на дом', 77),
(5011, 2, 'займ денег через интернет', 77),
(5012, 1, 'займ денег через интернет', 77),
(5013, 2, 'займы в долг', 77),
(5014, 1, 'займы в долг', 77),
(5015, 2, 'займы под', 77),
(5016, 1, 'займы под', 77),
(5017, 2, 'займ под авто', 77),
(5018, 1, 'займ под авто', 77),
(5019, 2, 'займ денег в интернете', 77),
(5020, 1, 'займ денег в интернете', 77),
(5021, 2, 'займ под расписку срочно', 77),
(5022, 1, 'займ под расписку срочно', 77),
(5023, 2, 'срочный займ под расписку', 77),
(5024, 1, 'срочный займ под расписку', 77),
(5025, 2, 'займ без справок о доходах', 77),
(5026, 1, 'займ без справок о доходах', 77),
(5027, 2, 'частные займы без залога под расписку', 77),
(5028, 1, 'частные займы без залога под расписку', 77),
(5029, 2, 'срочный интернет займ', 77),
(5030, 1, 'срочный интернет займ', 77),
(5031, 2, 'быстрый займ от частного лица', 77),
(5032, 1, 'быстрый займ от частного лица', 77),
(5033, 2, 'интернет займы срочно', 77),
(5034, 1, 'интернет займы срочно', 77),
(5035, 2, 'займ на месяц', 77),
(5036, 1, 'займ на месяц', 77),
(5037, 2, 'займ денег на дом', 77),
(5038, 1, 'займ денег на дом', 77),
(5039, 2, 'очень срочные займы', 77),
(5040, 1, 'очень срочные займы', 77),
(5041, 2, 'займы наличными с 18 лет', 77),
(5042, 1, 'займы наличными с 18 лет', 77),
(5043, 2, 'быстрые займы без проверок кредитных историй', 77),
(5044, 1, 'быстрые займы без проверок кредитных историй', 77),
(5045, 2, 'займ 30000 рублей', 77),
(5046, 1, 'займ 30000 рублей', 77),
(5047, 2, 'займ до 5000', 77),
(5048, 1, 'займ до 5000', 77),
(5049, 2, 'займы по двум документам', 77),
(5050, 1, 'займы по двум документам', 77),
(5051, 2, 'доверительные займы', 77),
(5052, 1, 'доверительные займы', 77),
(5053, 2, 'быстрый интернет займ', 77),
(5054, 1, 'быстрый интернет займ', 77),
(5055, 2, 'займы физическим лицам без залога', 77),
(5056, 1, 'займы физическим лицам без залога', 77),
(5057, 2, 'денежные займы онлайн', 77),
(5058, 1, 'денежные займы онлайн', 77),
(5059, 2, 'ссуды и займы', 77),
(5060, 1, 'ссуды и займы', 77),
(5061, 2, 'срочный взять займ у частного лица', 77),
(5062, 1, 'срочный взять займ у частного лица', 77),
(5063, 2, 'займы денег круглосуточно', 77),
(5064, 1, 'займы денег круглосуточно', 77),
(5065, 2, 'частные займы с 18 лет', 77),
(5066, 1, 'частные займы с 18 лет', 77),
(5067, 2, 'срочный займ с 18 лет', 77),
(5068, 1, 'срочный займ с 18 лет', 77),
(5069, 2, 'срочные займы наличными', 77),
(5070, 1, 'срочные займы наличными', 77),
(5071, 2, 'займ с 18 лет срочно', 77),
(5072, 1, 'займ с 18 лет срочно', 77),
(5073, 2, 'частные займы без залога без предоплаты', 77),
(5074, 1, 'частные займы без залога без предоплаты', 77),
(5075, 2, 'частные объявления о займах', 77),
(5076, 1, 'частные объявления о займах', 77),
(5077, 2, 'быстрый займ наличными', 77),
(5078, 1, 'быстрый займ наличными', 77),
(5079, 2, 'дам частный займ от частного лица без предоплаты', 77),
(5080, 1, 'дам частный займ от частного лица без предоплаты', 77),
(5081, 2, 'срочный займ всем', 77),
(5082, 1, 'срочный займ всем', 77),
(5083, 2, 'займы денег без процентов', 77),
(5084, 1, 'займы денег без процентов', 77),
(5085, 2, 'займы всем срочно', 77),
(5086, 1, 'займы всем срочно', 77),
(5087, 2, 'займ денег с плохой кредитной историей', 77),
(5088, 1, 'займ денег с плохой кредитной историей', 77),
(5089, 2, 'займ без проблем', 77),
(5090, 1, 'займ без проблем', 77),
(5091, 2, 'получить займ через интернет', 77),
(5092, 1, 'получить займ через интернет', 77),
(5093, 2, 'займы наличными срочно', 77),
(5094, 1, 'займы наличными срочно', 77),
(5095, 2, 'займы наличными быстро', 77),
(5096, 1, 'займы наличными быстро', 77),
(5097, 2, 'займ без кредитной истории', 77),
(5098, 1, 'займ без кредитной истории', 77),
(5099, 2, 'займы населению через интернет', 77),
(5100, 1, 'займы населению через интернет', 77),
(5101, 2, 'быстрые займы без залога и поручителя', 77),
(5102, 1, 'быстрые займы без залога и поручителя', 77),
(5103, 2, 'займы 50 000', 77),
(5104, 1, 'займы 50 000', 77),
(5105, 2, 'дать займ под проценты', 77),
(5106, 1, 'дать займ под проценты', 77),
(5107, 2, 'займ за 30 минут', 77),
(5108, 1, 'займ за 30 минут', 77),
(5109, 2, 'займ денег по паспорту', 77),
(5110, 1, 'займ денег по паспорту', 77),
(5111, 2, 'онлайн займы с плохой кредитной историей', 77),
(5112, 1, 'онлайн займы с плохой кредитной историей', 77),
(5113, 2, 'кредитная история не важна займ', 77),
(5114, 1, 'кредитная история не важна займ', 77),
(5115, 2, 'быстрый займ в питере', 77),
(5116, 1, 'быстрый займ в питере', 77),
(5117, 1, 'кредитные брокеры', 78),
(5118, 2, 'кредитные брокеры', 78),
(5119, 3, '', 78),
(5120, 4, '', 78),
(5121, 5, '', 78),
(5122, 6, '', 78),
(5123, 7, '', 78),
(5124, 10, '', 78),
(5125, 11, '', 78),
(5126, 12, '', 78),
(5127, 13, '', 78),
(5128, 14, '', 78),
(5129, 1, 'кредитные карты онлайн', 78),
(5130, 2, 'кредитные карты онлайн', 78),
(5131, 1, 'оформить кредитную карту онлайн', 78),
(5132, 2, 'оформить кредитную карту онлайн', 78),
(5133, 1, 'кредитные карты без справок о доходах', 78),
(5134, 2, 'кредитные карты без справок о доходах', 78),
(5135, 1, 'кредитная карта онлайн заявка', 78),
(5136, 2, 'кредитная карта онлайн заявка', 78),
(5137, 1, 'кредитные карты отп банка', 78),
(5138, 2, 'кредитные карты отп банка', 78),
(5139, 1, 'кредитные карты без справок и поручителей', 78),
(5140, 2, 'кредитные карты без справок и поручителей', 78),
(5141, 1, 'кредитная карта по почте', 78),
(5142, 2, 'кредитная карта по почте', 78),
(5143, 1, 'кредитные карты в день обращения', 78),
(5144, 2, 'кредитные карты в день обращения', 78),
(5145, 1, 'оформить кредитную карту', 78),
(5146, 2, 'оформить кредитную карту', 78),
(5147, 1, 'оформляем кредитную карту', 78),
(5148, 2, 'оформляем кредитную карту', 78),
(5149, 1, 'кредитная карта с льготным периодом', 78),
(5150, 2, 'кредитная карта с льготным периодом', 78),
(5151, 1, 'как исправить кредитную историю', 78),
(5152, 2, 'как исправить кредитную историю', 78),
(5153, 1, 'кредитные карты банков', 78),
(5154, 2, 'кредитные карты банков', 78),
(5155, 1, 'кредитная карта банка', 78),
(5156, 2, 'кредитная карта банка', 78),
(5157, 1, 'банк кредитных карт', 78),
(5158, 2, 'банк кредитных карт', 78),
(5159, 1, 'микрозаймы с плохой кредитной историей', 78),
(5160, 2, 'микрозаймы с плохой кредитной историей', 78),
(5161, 1, 'микрозайм с плохой кредитной историей', 78),
(5162, 2, 'микрозайм с плохой кредитной историей', 78),
(5163, 1, 'оформить кредитную карту онлайн без справок', 78),
(5164, 2, 'оформить кредитную карту онлайн без справок', 78),
(5165, 1, 'кредитные карты с 18 лет', 78),
(5166, 2, 'кредитные карты с 18 лет', 78),
(5167, 1, 'моментальная кредитная карта', 78),
(5168, 2, 'моментальная кредитная карта', 78),
(5169, 1, 'моментально кредитную карту', 78),
(5170, 2, 'моментально кредитную карту', 78),
(5171, 1, 'быстрые кредитные карты', 78),
(5172, 2, 'быстрые кредитные карты', 78),
(5173, 1, 'кредитные карты быстро', 78),
(5174, 2, 'кредитные карты быстро', 78),
(5175, 1, 'плохая кредитная история', 78),
(5176, 2, 'плохая кредитная история', 78),
(5177, 1, 'получить кредитную карту', 78),
(5178, 2, 'получить кредитную карту', 78),
(5179, 1, 'кредитные карты с плохой кредитной историей', 78),
(5180, 2, 'кредитные карты с плохой кредитной историей', 78),
(5181, 1, 'кредитные карты с плохой кредитной историей', 78),
(5182, 2, 'кредитные карты с льготным периодом кредитования', 78),
(5183, 1, 'кредитные карты с льготным периодом кредитования', 78),
(5184, 2, 'кредитная карта по паспорту', 78),
(5185, 1, 'кредитная карта по паспорту', 78),
(5186, 2, 'кредитные карты с 20 лет', 78),
(5187, 1, 'кредитные карты с 20 лет', 78),
(5188, 2, 'заявка на кредитные карты', 78),
(5189, 1, 'заявка на кредитные карты', 78),
(5190, 2, 'кредитная карта заказать онлайн', 78),
(5191, 1, 'кредитная карта заказать онлайн', 78),
(5192, 2, 'кредитная карта оформление онлайн', 78),
(5193, 1, 'кредитная карта оформление онлайн', 78),
(5194, 2, 'кредитные карты без справок', 78),
(5195, 1, 'кредитные карты без справок', 78),
(5196, 2, 'кредитная карта с льготным периодом на снятие наличных', 78),
(5197, 1, 'кредитная карта с льготным периодом на снятие наличных', 78),
(5198, 2, 'кредитная карта на дом', 78),
(5199, 1, 'кредитная карта на дом', 78),
(5200, 2, 'оформление кредитной карты', 78),
(5201, 1, 'оформление кредитной карты', 78),
(5202, 2, 'кредитная карта с 19 лет', 78),
(5203, 1, 'кредитная карта с 19 лет', 78),
(5204, 2, 'кредитные карты безработным', 78),
(5205, 1, 'кредитные карты безработным', 78),
(5206, 2, 'кредитные карты с доставкой на дом', 78),
(5207, 1, 'кредитные карты с доставкой на дом', 78),
(5208, 2, 'кредитная карта онлайн без справок', 78),
(5209, 1, 'кредитная карта онлайн без справок', 78),
(5210, 2, 'получить кредитную карту по почте', 78),
(5211, 1, 'получить кредитную карту по почте', 78),
(5212, 2, 'убрир кредитная карта', 78),
(5213, 1, 'убрир кредитная карта', 78),
(5214, 2, 'заказать кредитную карту', 78),
(5215, 1, 'заказать кредитную карту', 78),
(5216, 2, 'кредитные карты срочно', 78),
(5217, 1, 'кредитные карты срочно', 78),
(5218, 2, 'срочные кредитные карты', 78),
(5219, 1, 'срочные кредитные карты', 78),
(5220, 2, 'кредитная карта без справок в день обращения', 78),
(5221, 1, 'кредитная карта без справок в день обращения', 78),
(5222, 2, 'кредитные карты с льготным периодом 100 дней', 78),
(5223, 1, 'кредитные карты с льготным периодом 100 дней', 78),
(5224, 2, 'кредитная карта за 15 минут', 78),
(5225, 1, 'кредитная карта за 15 минут', 78),
(5226, 2, 'лучшие кредитные карты', 78),
(5227, 1, 'лучшие кредитные карты', 78),
(5228, 2, 'кредитные ставки', 78),
(5229, 1, 'кредитные ставки', 78),
(5230, 2, 'заказать кредитную карту по почте', 78),
(5231, 1, 'заказать кредитную карту по почте', 78),
(5232, 2, 'кредитная карта за 5 минут', 78),
(5233, 1, 'кредитная карта за 5 минут', 78),
(5234, 2, 'кредитная карта за 1 день', 78),
(5235, 1, 'кредитная карта за 1 день', 78),
(5236, 2, 'очищаю кредитную историю', 78),
(5237, 1, 'очищаю кредитную историю', 78),
(5238, 2, 'очищу кредитную историю', 78),
(5239, 1, 'очищу кредитную историю', 78),
(5240, 2, 'ипотека с плохой кредитной историей', 78),
(5241, 1, 'ипотека с плохой кредитной историей', 78),
(5242, 2, 'кредитные карты студентам', 78),
(5243, 1, 'кредитные карты студентам', 78),
(5244, 2, 'оформить кредитную карту через интернет', 78),
(5245, 1, 'оформить кредитную карту через интернет', 78),
(5246, 2, 'плохая кредитная история что делать', 78),
(5247, 1, 'плохая кредитная история что делать', 78),
(5248, 2, 'заказать кредитную карту через интернет', 78),
(5249, 1, 'заказать кредитную карту через интернет', 78),
(5250, 2, 'подать заявку на кредитную карту', 78),
(5251, 1, 'подать заявку на кредитную карту', 78),
(5252, 2, 'кредитная карта за час', 78),
(5253, 1, 'кредитная карта за час', 78),
(5254, 2, 'кредитная карта через интернет', 78),
(5255, 1, 'кредитная карта через интернет', 78),
(5256, 2, 'взять кредитную карту', 78),
(5257, 1, 'взять кредитную карту', 78),
(5258, 2, 'кредитная карта с 21 года', 78),
(5259, 1, 'кредитная карта с 21 года', 78),
(5260, 2, 'почистить кредитную историю', 78),
(5261, 1, 'почистить кредитную историю', 78),
(5262, 2, 'кредитные карты пенсионером', 78),
(5263, 1, 'кредитные карты пенсионером', 78),
(5264, 2, 'кредитная карта за один день', 78),
(5265, 1, 'кредитная карта за один день', 78),
(5266, 2, 'кредитная карта по двум документам', 78),
(5267, 1, 'кредитная карта по двум документам', 78),
(5268, 2, 'оформить заявку на кредитную карту', 78),
(5269, 1, 'оформить заявку на кредитную карту', 78),
(5270, 2, 'кредитная карта условия', 78),
(5271, 1, 'кредитная карта условия', 78),
(5272, 2, 'кредитная карта за 30 минут', 78),
(5273, 1, 'кредитная карта за 30 минут', 78),
(5274, 2, 'получить кредитную карту в день обращения', 78),
(5275, 1, 'получить кредитную карту в день обращения', 78),
(5276, 2, 'оформить онлайн кредитную карту без справок и поручителей', 78),
(5277, 1, 'оформить онлайн кредитную карту без справок и поручителей', 78),
(5278, 2, 'помощь в получении кредитной карты', 78),
(5279, 1, 'помощь в получении кредитной карты', 78),
(5280, 2, 'кредитные карты без посещения банка', 78),
(5281, 1, 'кредитные карты без посещения банка', 78),
(5282, 2, 'выдача кредитов с плохой кредитной историей', 78),
(5283, 1, 'выдача кредитов с плохой кредитной историей', 78),
(5284, 2, 'оформить кредитную карту с плохой кредитной историей', 78),
(5285, 1, 'оформить кредитную карту с плохой кредитной историей', 78),
(5286, 2, 'оформить кредитную карту быстро', 78),
(5287, 1, 'оформить кредитную карту с плохой кредитной историей', 78),
(5288, 2, 'кредитные заявки', 78),
(5289, 1, 'оформить кредитную карту быстро', 78),
(5290, 2, 'перекредитование с плохой кредитной историей', 78),
(5291, 1, 'кредитные заявки', 78),
(5292, 2, 'кредитные карты получение', 78),
(5293, 1, 'перекредитование с плохой кредитной историей', 78),
(5294, 2, 'альфа кредитная карта', 78),
(5295, 1, 'кредитные карты получение', 78),
(5296, 2, 'кредитные карты с льготным периодом 200 дней', 78),
(5297, 1, 'альфа кредитная карта', 78),
(5298, 2, 'кредитные долги', 78),
(5299, 1, 'кредитные карты с льготным периодом 200 дней', 78),
(5300, 2, 'помощь в получении ипотеки с плохой кредитной историей', 78),
(5301, 1, 'кредитные долги', 78),
(5302, 2, 'получить кредитную карту с плохой кредитной историей', 78),
(5303, 1, 'помощь в получении ипотеки с плохой кредитной историей', 78),
(5304, 2, 'кредитная карта без регистрации', 78),
(5305, 1, 'получить кредитную карту с плохой кредитной историей', 78),
(5306, 2, 'кредитные карты по 2 документам', 78),
(5307, 1, 'получить кредитную карту с плохой кредитной историей', 78),
(5308, 2, 'оформить кредитную карту без справок о доходах', 78),
(5309, 1, 'кредитная карта без регистрации', 78),
(5310, 2, 'взять кредитную карту с плохой кредитной историей', 78),
(5311, 1, 'кредитные карты по 2 документам', 78),
(5312, 2, 'как активировать кредитную карту', 78),
(5313, 1, 'оформить кредитную карту без справок о доходах', 78),
(5314, 2, 'кредитная карта без прописки', 78),
(5315, 1, 'взять кредитную карту с плохой кредитной историей', 78),
(5316, 2, 'быстрое оформление кредитной карты', 78),
(5317, 1, 'взять кредитную карту с плохой кредитной историей', 78),
(5318, 2, 'кредитный дом', 78),
(5319, 1, 'как активировать кредитную карту', 78),
(5320, 2, 'взять кредитную карту без справок и поручителей', 78),
(5321, 1, 'кредитная карта без прописки', 78),
(5322, 2, 'взять кредитную карту онлайн', 78),
(5323, 1, 'быстрое оформление кредитной карты', 78),
(5324, 2, 'сделать кредитную карту', 78),
(5325, 1, 'кредитный дом', 78),
(5326, 2, 'дайте кредитную карту', 78),
(5327, 1, 'взять кредитную карту без справок и поручителей', 78),
(5328, 2, 'помощь в получении автокредита с плохой кредитной историей', 78),
(5329, 1, 'взять кредитную карту онлайн', 78),
(5330, 2, 'получить кредитную историю', 78),
(5331, 1, 'сделать кредитную карту', 78),
(5332, 2, 'заказ кредитной карты онлайн', 78),
(5333, 1, 'дайте кредитную карту', 78),
(5334, 2, 'оформление кредитной карты через интернет', 78),
(5335, 1, 'помощь в получении автокредита с плохой кредитной историей', 78),
(5336, 2, 'взять кредитную карту быстро', 78);
INSERT INTO `tbl_text_data` (`id`, `import_var_id`, `import_var_value`, `text_id`) VALUES
(5337, 1, 'получить кредитную историю', 78),
(5338, 2, 'онлайн заявка на кредитную карту без справок', 78),
(5339, 1, 'заказ кредитной карты онлайн', 78),
(5340, 2, 'кредитная история физических лиц', 78),
(5341, 1, 'оформление кредитной карты через интернет', 78),
(5342, 2, 'кредитная карта по одному документу', 78),
(5343, 1, 'взять кредитную карту быстро', 78),
(5344, 2, 'кредитная карта за 1 час', 78),
(5345, 1, 'онлайн заявка на кредитную карту без справок', 78),
(5346, 2, 'кредитная помощь', 78),
(5347, 1, 'кредитная история физических лиц', 78),
(5348, 2, 'кредитная карта со льготным периодом', 78),
(5349, 1, 'кредитная карта по одному документу', 78),
(5350, 2, 'кредитные карты оформить с 18 лет', 78),
(5351, 1, 'кредитная карта за 1 час', 78),
(5352, 2, 'кредитная карта оформить без справок', 78),
(5353, 1, 'кредитная помощь', 78),
(5354, 2, 'оформить онлайн заявку на кредитную карту', 78),
(5355, 1, 'кредитная карта со льготным периодом', 78),
(5356, 2, 'ссуды с плохой кредитной историей', 78),
(5357, 1, 'кредитные карты оформить с 18 лет', 78),
(5358, 2, 'запросить кредитную историю', 78),
(5359, 1, 'кредитная карта оформить без справок', 78),
(5360, 2, 'кредитные карты по интернету', 78),
(5361, 1, 'оформить онлайн заявку на кредитную карту', 78),
(5362, 2, 'кредитные карты с низким процентом', 78),
(5363, 1, 'ссуды с плохой кредитной историей', 78),
(5364, 2, 'кредитная карта с доставкой по почте', 78),
(5365, 1, 'запросить кредитную историю', 78),
(5366, 2, 'оформить кредитную карту на дом', 78),
(5367, 1, 'кредитные карты по интернету', 78),
(5368, 2, 'оставить заявку на кредитную карту', 78),
(5369, 1, 'кредитные карты с низким процентом', 78),
(5370, 2, 'хочу оформить кредитную карту', 78),
(5371, 1, 'кредитная карта с доставкой по почте', 78),
(5372, 2, 'заказ кредитных карт', 78),
(5373, 1, 'оформить кредитную карту на дом', 78),
(5374, 2, 'кредитные карты с моментальным решением', 78),
(5375, 1, 'оставить заявку на кредитную карту', 78),
(5376, 2, 'кредитные карты без справок быстро', 78),
(5377, 1, 'хочу оформить кредитную карту', 78),
(5378, 2, 'нужна кредитная карта', 78),
(5379, 1, 'заказ кредитных карт', 78),
(5380, 2, 'расчет по кредитным картам', 78),
(5381, 1, 'кредитные карты с моментальным решением', 78),
(5382, 2, 'оформление кредитной карты с 18 лет', 78),
(5383, 1, 'кредитные карты без справок быстро', 78),
(5384, 2, 'кредитная карта с плохой кредитной', 78),
(5385, 1, 'нужна кредитная карта', 78),
(5386, 2, 'помощь с плохой кредитной историей', 78),
(5387, 1, 'расчет по кредитным картам', 78),
(5388, 2, 'получить кредитную карту по паспорту', 78),
(5389, 1, 'оформление кредитной карты с 18 лет', 78),
(5390, 2, 'кредитование с плохой кредитной историей', 78),
(5391, 1, 'кредитная карта с плохой кредитной', 78),
(5392, 2, 'кредитная карта моментального выпуска', 78),
(5393, 1, 'кредитная карта с плохой кредитной', 78),
(5394, 2, 'оформить кредитную карту по паспорту', 78),
(5395, 1, 'помощь с плохой кредитной историей', 78),
(5396, 2, 'как быстро получить кредитную карту', 78),
(5397, 1, 'получить кредитную карту по паспорту', 78),
(5398, 2, 'срочно оформить кредитную карту', 78),
(5399, 1, 'кредитование с плохой кредитной историей', 78),
(5400, 2, 'помощь кредитные карты', 78),
(5401, 1, 'кредитная карта моментального выпуска', 78),
(5402, 2, 'кредитная карта по почте без справок', 78),
(5403, 1, 'оформить кредитную карту по паспорту', 78),
(5404, 2, 'кредитные карты с 18 лет без справки о доходах', 78),
(5405, 1, 'как быстро получить кредитную карту', 78),
(5406, 2, 'заявка на получение кредитной карты', 78),
(5407, 1, 'срочно оформить кредитную карту', 78),
(5408, 2, 'кредитные карты с большим льготный период', 78),
(5409, 1, 'помощь кредитные карты', 78),
(5410, 2, 'кредитная карта с временной регистрацией', 78),
(5411, 1, 'кредитная карта по почте без справок', 78),
(5412, 2, 'кредитная история в банке', 78),
(5413, 1, 'кредитные карты с 18 лет без справки о доходах', 78),
(5414, 2, 'кредитные карты по почте с плохой кредитной историей', 78),
(5415, 1, 'заявка на получение кредитной карты', 78),
(5416, 2, 'кредитная карта с плохой историей', 78),
(5417, 1, 'кредитные карты с большим льготный период', 78),
(5418, 2, 'кредитные онлайн', 78),
(5419, 1, 'кредитная карта с временной регистрацией', 78),
(5420, 2, 'наличные с плохой кредитной историей', 78),
(5421, 1, 'кредитная история в банке', 78),
(5422, 2, 'срочно нужна кредитная карта', 78),
(5423, 1, 'кредитные карты по почте с плохой кредитной историей', 78),
(5424, 2, 'получить кредитную карту срочно', 78),
(5425, 1, 'кредитные карты по почте с плохой кредитной историей', 78),
(5426, 2, 'кредитные карты онлайн в день обращения', 78),
(5427, 1, 'кредитная карта с плохой историей', 78),
(5428, 2, 'что нужно для получения кредитной карты', 78),
(5429, 1, 'кредитные онлайн', 78),
(5430, 2, 'помощь в оформлении кредитной карты', 78),
(5431, 1, 'наличные с плохой кредитной историей', 78),
(5432, 2, 'кредитная карта с большим лимитом', 78),
(5433, 1, 'срочно нужна кредитная карта', 78),
(5434, 2, 'уберем кредитную историю', 78),
(5435, 1, 'получить кредитную карту срочно', 78),
(5436, 2, 'отправить заявку на кредитную карту', 78),
(5437, 1, 'кредитные карты онлайн в день обращения', 78),
(5438, 2, 'кредитная карта объявление', 78),
(5439, 1, 'что нужно для получения кредитной карты', 78),
(5440, 2, 'кредитная карта условия получения', 78),
(5441, 1, 'помощь в оформлении кредитной карты', 78),
(5442, 2, 'кредитные карты с 18 лет без справок', 78),
(5443, 1, 'кредитная карта с большим лимитом', 78),
(5444, 2, 'кредитная карта с нулевым лимитом', 78),
(5445, 1, 'уберем кредитную историю', 78),
(5446, 2, 'заявка на кредитную карту по почте', 78),
(5447, 1, 'отправить заявку на кредитную карту', 78),
(5448, 2, 'заявка на кредитную историю', 78),
(5449, 1, 'кредитная карта объявление', 78),
(5450, 2, 'оформить кредитную карту для студентов', 78),
(5451, 1, 'кредитная карта условия получения', 78),
(5452, 2, 'кредитные карточки по почте', 78),
(5453, 1, 'кредитные карты с 18 лет без справок', 78),
(5454, 2, 'кредитные карты банка онлайн', 78),
(5455, 1, 'кредитная карта с нулевым лимитом', 78),
(5456, 2, 'условия выдачи кредитной карты', 78),
(5457, 1, 'заявка на кредитную карту по почте', 78),
(5458, 1, 'заявка на кредитную историю', 78),
(5459, 1, 'оформить кредитную карту для студентов', 78),
(5460, 1, 'кредитные карточки по почте', 78),
(5461, 1, 'кредитные карты банка онлайн', 78),
(5462, 1, 'условия выдачи кредитной карты', 78),
(5463, 1, 'дам денег в долг', 79),
(5464, 2, 'дам денег в долг', 79),
(5465, 3, '', 79),
(5466, 4, '', 79),
(5467, 5, '', 79),
(5468, 6, '', 79),
(5469, 7, '', 79),
(5470, 10, '', 79),
(5471, 11, '', 79),
(5472, 12, '', 79),
(5473, 13, '', 79),
(5474, 14, '', 79),
(5475, 1, 'дайте денег в долг', 79),
(5476, 2, 'дайте денег в долг', 79),
(5477, 1, 'дай дeнег в долг', 79),
(5478, 2, 'дай дeнег в долг', 79),
(5479, 1, 'дам денег в долг под расписку', 79),
(5480, 2, 'дам денег в долг под расписку', 79),
(5481, 1, 'даю денег в долг под расписку', 79),
(5482, 2, 'даю денег в долг под расписку', 79),
(5483, 1, 'дать денег в долг под расписку', 79),
(5484, 2, 'дать денег в долг под расписку', 79),
(5485, 1, 'в долг ру', 79),
(5486, 2, 'в долг ру', 79),
(5487, 1, 'взять в долг денег', 79),
(5488, 2, 'взять в долг денег', 79),
(5489, 1, 'возьму денег в долг у частных лиц', 79),
(5490, 2, 'возьму денег в долг у частных лиц', 79),
(5491, 1, 'дам денег в долг под проценты', 79),
(5492, 2, 'дам денег в долг под проценты', 79),
(5493, 1, 'расписка в получении денег в долг', 79),
(5494, 2, 'расписка в получении денег в долг', 79),
(5495, 1, 'дам в долг', 79),
(5496, 2, 'дам в долг', 79),
(5497, 1, 'дайте в долг', 79),
(5498, 2, 'дайте в долг', 79),
(5499, 1, 'даю в долг', 79),
(5500, 2, 'даю в долг', 79),
(5501, 1, 'даем в долг', 79),
(5502, 2, 'даем в долг', 79),
(5503, 1, 'дам в долг под расписку', 79),
(5504, 2, 'дам в долг под расписку', 79),
(5505, 1, 'дают в долг под расписку', 79),
(5506, 2, 'дают в долг под расписку', 79),
(5507, 1, 'даю в долг под расписку', 79),
(5508, 2, 'даю в долг под расписку', 79),
(5509, 1, 'дам в долг денег частное лицо', 79),
(5510, 2, 'дам в долг денег частное лицо', 79),
(5511, 1, 'частное лицо даст денег в долг', 79),
(5512, 2, 'частное лицо даст денег в долг', 79),
(5513, 1, 'взыскание долга по расписке', 79),
(5514, 2, 'взыскание долга по расписке', 79),
(5515, 1, 'взять денег в долг под расписку', 79),
(5516, 2, 'взять денег в долг под расписку', 79),
(5517, 1, 'как выбить долги', 79),
(5518, 2, 'как выбить долги', 79),
(5519, 1, 'в долг', 79),
(5520, 2, 'в долг', 79),
(5521, 1, 'дам в долг под проценты', 79),
(5522, 2, 'дам в долг под проценты', 79),
(5523, 1, 'даю в долг под проценты', 79),
(5524, 2, 'даю в долг под проценты', 79),
(5525, 1, 'взять денег в долг срочно', 79),
(5526, 2, 'взять денег в долг срочно', 79),
(5527, 1, 'взять в долг', 79),
(5528, 2, 'взять в долг', 79),
(5529, 1, 'денег в долг под проценты', 79),
(5530, 2, 'денег в долг под проценты', 79),
(5531, 1, 'занять денег в долг', 79),
(5532, 2, 'занять денег в долг', 79),
(5533, 1, 'как вылезти из долга', 79),
(5534, 2, 'как вылезти из долга', 79),
(5535, 1, 'взять в долг у частного лица', 79),
(5536, 2, 'взять в долг у частного лица', 79),
(5537, 1, 'частное лицо даст в долг', 79),
(5538, 2, 'частное лицо даст в долг', 79),
(5539, 1, 'дам в долг частное лицо', 79),
(5540, 2, 'дам в долг частное лицо', 79),
(5541, 1, 'даю в долг частное лицо', 79),
(5542, 2, 'даю в долг частное лицо', 79),
(5543, 1, 'дам денег в долг срочно', 79),
(5544, 2, 'дам денег в долг срочно', 79),
(5545, 1, 'дайте в долг денег срочно', 79),
(5546, 2, 'дайте в долг денег срочно', 79),
(5547, 1, 'дай денег в долг срочно', 79),
(5548, 2, 'дай денег в долг срочно', 79),
(5549, 1, 'взять денег в долг под проценты', 79),
(5550, 2, 'взять денег в долг под проценты', 79),
(5551, 1, 'как взять в долг на utel', 79),
(5552, 2, 'как взять в долг на utel', 79),
(5553, 1, 'возьму в долг под проценты', 79),
(5554, 2, 'возьму в долг под проценты', 79),
(5555, 1, 'долг банкам', 79),
(5556, 2, 'долг банкам', 79),
(5557, 1, 'дам денег в долг без залога', 79),
(5558, 2, 'дам денег в долг без залога', 79),
(5559, 1, 'взять в долг под расписку', 79),
(5560, 2, 'взять в долг под расписку', 79),
(5561, 1, 'в долг под расписку', 79),
(5562, 2, 'в долг под расписку', 79),
(5563, 1, 'денег в долг до зарплаты', 79),
(5564, 2, 'денег в долг до зарплаты', 79),
(5565, 1, 'в долг под проценты', 79),
(5566, 2, 'в долг под проценты', 79),
(5567, 1, 'взять в долг у теле2', 79),
(5568, 2, 'взять в долг у теле2', 79),
(5569, 1, 'в долг у частного лица', 79),
(5570, 2, 'в долг у частного лица', 79),
(5571, 1, 'дам в долг ру', 79),
(5572, 2, 'дам в долг ру', 79),
(5573, 1, 'наличные в долг', 79),
(5574, 2, 'наличные в долг', 79),
(5575, 1, 'в долг денег частных лиц', 79),
(5576, 2, 'в долг денег частных лиц', 79),
(5577, 1, 'срочно возьму в долг', 79),
(5578, 2, 'срочно возьму в долг', 79),
(5579, 1, 'в долг срочно', 79),
(5580, 2, 'в долг срочно', 79),
(5581, 1, 'взять в долг в интернете', 79),
(5582, 2, 'взять в долг в интернете', 79),
(5583, 1, 'денежные долги', 79),
(5584, 2, 'денежные долги', 79),
(5585, 1, 'рекстуризация долга', 79),
(5586, 2, 'рекстуризация долга', 79),
(5587, 1, 'займу в долг', 79),
(5588, 2, 'займу в долг', 79),
(5589, 1, 'денег в долг не в банке', 79),
(5590, 2, 'денег в долг не в банке', 79),
(5591, 1, 'в долг до зарплаты', 79),
(5592, 2, 'в долг до зарплаты', 79),
(5593, 1, 'дам в долг без залога', 79),
(5594, 2, 'дам в долг без залога', 79),
(5595, 1, 'даю в долг без залога', 79),
(5596, 2, 'даю в долг без залога', 79),
(5597, 1, 'дам в долг срочно', 79),
(5598, 2, 'дам в долг срочно', 79),
(5599, 1, 'дам денег в долг под расписку срочно', 79),
(5600, 2, 'дам денег в долг под расписку срочно', 79),
(5601, 1, 'дам денег в долг объявления', 79),
(5602, 2, 'дам денег в долг объявления', 79),
(5603, 1, 'срочно возьму в долг денег у частных лиц', 79),
(5604, 2, 'срочно возьму в долг денег у частных лиц', 79),
(5605, 1, 'дам денег в долг под проценты без залога', 79),
(5606, 2, 'дам денег в долг под проценты без залога', 79),
(5607, 1, 'объявления дам в долг', 79),
(5608, 2, 'объявления дам в долг', 79),
(5609, 1, '10000 в долг', 79),
(5610, 2, '10000 в долг', 79),
(5611, 1, 'помощь в возвращении долга', 79),
(5612, 2, 'помощь в возвращении долга', 79),
(5613, 1, 'дeньги в долг в новокузнeцкe', 79),
(5614, 2, 'дeньги в долг в новокузнeцкe', 79),
(5615, 1, 'день в долг', 79),
(5616, 2, 'день в долг', 79),
(5617, 1, 'возьму в долг под проценты у частного лица', 79),
(5618, 2, 'возьму в долг под проценты у частного лица', 79),
(5619, 1, 'частный долг', 79),
(5620, 2, 'частный долг', 79),
(5621, 1, 'взять денег в долг быстро', 79),
(5622, 2, 'взять денег в долг быстро', 79),
(5623, 1, 'люди дайте денег в долг', 79),
(5624, 2, 'люди дайте денег в долг', 79),
(5625, 1, 'авто в долг', 79),
(5626, 2, 'авто в долг', 79),
(5627, 1, 'взять в долг с 18 лет', 79),
(5628, 2, 'взять в долг с 18 лет', 79),
(5629, 1, 'вся в долгах что делать', 79),
(5630, 2, 'вся в долгах что делать', 79),
(5631, 1, 'дам денег в долг под проценты частное лицо', 79),
(5632, 2, 'дам денег в долг под проценты частное лицо', 79),
(5633, 1, 'дам в долг всем', 79),
(5634, 2, 'дам в долг всем', 79),
(5635, 1, 'помощь с долгами', 79),
(5636, 2, 'помощь с долгами', 79),
(5637, 1, '50000 в долг', 79),
(5638, 2, '50000 в долг', 79),
(5639, 1, 'даю всем в долг', 79),
(5640, 2, 'даю всем в долг', 79),
(5641, 1, 'автокредит без первоначального взноса', 80),
(5642, 2, 'автокредит без первоначального взноса', 80),
(5643, 3, '', 80),
(5644, 4, '', 80),
(5645, 5, '', 80),
(5646, 6, '', 80),
(5647, 7, '', 80),
(5648, 10, '', 80),
(5649, 11, '', 80),
(5650, 12, '', 80),
(5651, 13, '', 80),
(5652, 14, '', 80),
(5653, 1, 'автокредит без каско', 80),
(5654, 2, 'автокредит без каско', 80),
(5655, 1, 'выгодный автокредит', 80),
(5656, 2, 'выгодный автокредит', 80),
(5657, 1, 'автокредит по двум документам', 80),
(5658, 2, 'автокредит по двум документам', 80),
(5659, 1, 'автокредит онлайн', 80),
(5660, 2, 'автокредит онлайн', 80),
(5661, 1, 'автокредит без справок и поручителей', 80),
(5662, 2, 'автокредит без справок и поручителей', 80),
(5663, 1, 'автокредит без первого взноса', 80),
(5664, 2, 'автокредит без первого взноса', 80),
(5665, 1, 'автокредит по двум документам без первоначального взноса', 80),
(5666, 2, 'автокредит по двум документам без первоначального взноса', 80),
(5667, 1, 'автокредит онлайн заявка', 80),
(5668, 2, 'автокредит онлайн заявка', 80),
(5669, 1, 'условия автокредита', 80),
(5670, 2, 'условия автокредита', 80),
(5671, 1, 'автокредиты банков', 80),
(5672, 2, 'автокредиты банков', 80),
(5673, 1, 'автокредит без первоначального взноса на подержанный автомобиль', 80),
(5674, 2, 'автокредит без первоначального взноса на подержанный автомобиль', 80),
(5675, 1, 'автокредит в банке', 80),
(5676, 2, 'автокредит в банке', 80),
(5677, 1, 'автокредит ставки', 80),
(5678, 2, 'автокредит ставки', 80),
(5679, 1, 'безпроцентный автокредит', 80),
(5680, 2, 'безпроцентный автокредит', 80),
(5681, 1, 'помощь в получении автокредита', 80),
(5682, 2, 'помощь в получении автокредита', 80),
(5683, 1, 'взять автокредит', 80),
(5684, 2, 'взять автокредит', 80),
(5685, 1, 'взять автокредит без первоначального взноса', 80),
(5686, 2, 'взять автокредит без первоначального взноса', 80),
(5687, 1, 'автокредит с 20 лет', 80),
(5688, 2, 'автокредит с 20 лет', 80),
(5689, 1, 'автокредит с 18 лет', 80),
(5690, 2, 'автокредит с 18 лет', 80),
(5691, 1, 'автокредит по 2 документам', 80),
(5692, 2, 'автокредит по 2 документам', 80),
(5693, 1, 'автокредит в автосалоне', 80),
(5694, 2, 'автокредит в автосалоне', 80),
(5695, 1, 'самые низкие проценты по автокредиту', 80),
(5696, 2, 'самые низкие проценты по автокредиту', 80),
(5697, 1, 'автокредит наличными', 80),
(5698, 2, 'автокредит наличными', 80),
(5699, 1, 'автокредит без процентов', 80),
(5700, 2, 'автокредит без процентов', 80),
(5701, 1, 'оформить автокредит онлайн', 80),
(5702, 2, 'оформить автокредит онлайн', 80),
(5703, 1, 'автокредит без справок', 80),
(5704, 2, 'автокредит без справок', 80),
(5705, 1, 'подать онлайн заявку на автокредит', 80),
(5706, 2, 'подать онлайн заявку на автокредит', 80),
(5707, 1, 'онлайн заявка на автокредит без первоначального взноса', 80),
(5708, 2, 'онлайн заявка на автокредит без первоначального взноса', 80),
(5709, 1, 'автокредит на 10 лет', 80),
(5710, 2, 'автокредит на 10 лет', 80),
(5711, 1, 'автокредит на авто с пробегом', 80),
(5712, 2, 'автокредит на авто с пробегом', 80),
(5713, 1, 'автокредит без первоначального взноса банки', 80),
(5714, 2, 'автокредит без первоначального взноса банки', 80),
(5715, 1, 'автокредит без взноса', 80),
(5716, 2, 'автокредит без взноса', 80),
(5717, 1, 'взять автокредит без справок и поручителей', 80),
(5718, 2, 'взять автокредит без справок и поручителей', 80),
(5719, 1, 'автокредит без первоначального взноса и каско', 80),
(5720, 2, 'автокредит без первоначального взноса и каско', 80),
(5721, 1, 'быстрый автокредит', 80),
(5722, 2, 'быстрый автокредит', 80),
(5723, 1, 'автокредит 0', 80),
(5724, 2, 'автокредит 0', 80),
(5725, 1, 'получить автокредит', 80),
(5726, 2, 'получить автокредит', 80),
(5727, 1, 'автокредит с пробегом', 80),
(5728, 2, 'автокредит с пробегом', 80),
(5729, 1, 'автокредит 0 годовых', 80),
(5730, 2, 'автокредит 0 годовых', 80),
(5731, 1, 'оформить заявку на автокредит', 80),
(5732, 2, 'оформить заявку на автокредит', 80),
(5733, 1, 'автокредит на выгодных условиях', 80),
(5734, 2, 'автокредит на выгодных условиях', 80),
(5735, 1, 'оформить автокредит', 80),
(5736, 2, 'оформить автокредит', 80),
(5737, 1, 'автокредиты на новые автомобили', 80),
(5738, 2, 'автокредиты на новые автомобили', 80),
(5739, 1, 'автокредит с 21 года', 80),
(5740, 2, 'автокредит с 21 года', 80),
(5741, 1, 'автокредит помощь', 80),
(5742, 2, 'автокредит помощь', 80),
(5743, 1, 'автокредит под низкий процент', 80),
(5744, 2, 'автокредит под низкий процент', 80),
(5745, 1, 'автокредит с первоначальным взносом 10', 80),
(5746, 2, 'автокредит с первоначальным взносом 10', 80),
(5747, 1, 'низкий процент автокредит', 80),
(5748, 2, 'низкий процент автокредит', 80),
(5749, 1, 'автокредит без первоначального взноса без справок и поручителей', 80),
(5750, 2, 'автокредит без первоначального взноса без справок и поручителей', 80),
(5751, 1, 'помощь в оформлении автокредита', 80),
(5752, 2, 'помощь в оформлении автокредита', 80),
(5753, 1, 'автокредит заявка', 80),
(5754, 2, 'автокредит заявка', 80),
(5755, 1, 'автокредиты тулы', 80),
(5756, 2, 'автокредиты тулы', 80),
(5757, 1, 'автокредит без первоначального взноса онлайн', 80),
(5758, 2, 'автокредит без первоначального взноса онлайн', 80),
(5759, 1, 'автокредит для женщин', 80),
(5760, 2, 'автокредит для женщин', 80),
(5761, 1, 'автокредит без залога', 80),
(5762, 2, 'автокредит без залога', 80),
(5763, 1, 'автокредит без первоначального', 80),
(5764, 2, 'автокредит без первоначального', 80),
(5765, 1, 'автокредиты с 18 лет без справок о доходах', 80),
(5766, 2, 'автокредиты с 18 лет без справок о доходах', 80),
(5767, 1, 'автокредит за час', 80),
(5768, 2, 'автокредит за час', 80),
(5769, 1, 'оформить заявку на автокредит онлайн', 80),
(5770, 2, 'оформить заявку на автокредит онлайн', 80),
(5771, 1, 'автокредит срочно', 80),
(5772, 2, 'автокредит срочно', 80),
(5773, 1, 'срочный автокредит', 80),
(5774, 2, 'срочный автокредит', 80),
(5775, 1, 'автокредит на автомобили с пробегом', 80),
(5776, 2, 'автокредит на автомобили с пробегом', 80),
(5777, 1, 'автокредит без первоначального взноса без справок', 80),
(5778, 2, 'автокредит без первоначального взноса без справок', 80),
(5779, 1, 'получение автокредита', 80),
(5780, 2, 'получение автокредита', 80),
(5781, 1, 'автокредит подать заявку', 80),
(5782, 2, 'автокредит подать заявку', 80),
(5783, 1, 'автокредит 2 9', 80),
(5784, 2, 'автокредит 2 9', 80),
(5785, 1, 'автокредит 0 первоначальный взнос', 80),
(5786, 2, 'автокредит 0 первоначальный взнос', 80);

-- --------------------------------------------------------

--
-- Структура таблицы `tbl_users`
--

CREATE TABLE IF NOT EXISTS `tbl_users` (
  `id` int(11) NOT NULL AUTO_INCREMENT,
  `username` varchar(20) NOT NULL,
  `password` varchar(128) NOT NULL,
  `activkey` varchar(128) NOT NULL DEFAULT '',
  `create_at` timestamp NOT NULL DEFAULT CURRENT_TIMESTAMP,
  `lastvisit_at` timestamp NOT NULL DEFAULT '0000-00-00 00:00:00',
  `superuser` int(1) NOT NULL DEFAULT '0',
  `status` int(1) NOT NULL DEFAULT '0',
  `role` varchar(45) NOT NULL COMMENT 'роль пользователя системы(админ,редактор,копирайтор)',
  `rate` int(11) NOT NULL COMMENT 'ставка редактора за 1К знаков без пробелов',
  PRIMARY KEY (`id`),
  UNIQUE KEY `username` (`username`),
  KEY `status` (`status`),
  KEY `superuser` (`superuser`)
) ENGINE=InnoDB  DEFAULT CHARSET=utf8 AUTO_INCREMENT=25 ;

--
-- Дамп данных таблицы `tbl_users`
--

INSERT INTO `tbl_users` (`id`, `username`, `password`, `activkey`, `create_at`, `lastvisit_at`, `superuser`, `status`, `role`, `rate`) VALUES
(1, 'admin', '21232f297a57a5a743894a0e4a801fc3', '9a24eff8c15a6a141ece27eb6947da0f', '2012-10-17 06:40:52', '2013-01-03 23:28:28', 1, 1, 'super_administrator', 0),
(2, 'demo', 'fe01ce2a7fbac8fafaed7c982a04e229', '099f825543f7850cc038b90aaff39fac', '2012-10-17 06:40:52', '2012-10-18 05:30:34', 0, 1, 'administrator', 0),
(10, 'redactor', '827ccb0eea8a706c4c34a16891f84e7b', 'd392f4538c6555bab1711e29c9bd88bf', '2012-11-18 21:55:52', '2012-12-25 22:52:48', 0, 1, 'editor', 250),
(18, '47kinftl', '036c692f75451bc8accbce76093a7921', '13e2108eb3438ef21bf84a1321ee1e59', '2012-11-23 02:48:30', '2012-11-23 05:06:33', 0, 1, 'copywriter', 0),
(19, 'rl0h1xnzi', '9a4602883c2c6180c3ff9a2afc76060d', 'ad0c16b1ab91524e8a8ff6b2a7707b23', '2012-11-23 05:11:55', '2012-12-04 03:00:32', 0, 1, 'copywriter', 0),
(20, 'admin1', '827ccb0eea8a706c4c34a16891f84e7b', '2a25bb14e3e5711f1a3eba64020aa07a', '2012-12-06 22:31:29', '2012-12-07 01:34:46', 0, 1, 'administrator', 0),
(21, 'p9uogz7nv', 'c840d1e5f006336113ea29e5ea26d37d', 'f8ca2ecff7669650327b0f068dabe1d6', '2012-12-07 09:42:22', '2012-12-19 20:54:10', 0, 1, 'copywriter', 0),
(22, '4nxi', '28706ea81d4f12c2cc7c42d7e0cf1867', 'b30e5fc34478703af5573d2c95d1d9c1', '2012-12-24 12:21:09', '0000-00-00 00:00:00', 0, 1, 'copywriter', 0),
(23, '5yucxpze', '2a37618748bc77875cbc5d922e43e691', '0a71ce8ab6ede31bc3e702c39c33f948', '2012-12-24 12:54:38', '2012-12-24 22:09:47', 0, 1, 'copywriter', 0),
(24, '219x413er', '95cbf50f925fb343d98926a81cb92001', '42a987adc99c399dbed0f44ea7732c34', '2012-12-25 21:12:27', '2013-01-01 09:34:22', 0, 1, 'copywriter', 0);

--
-- Ограничения внешнего ключа сохраненных таблиц
--

--
-- Ограничения внешнего ключа таблицы `tbl_description_template`
--
ALTER TABLE `tbl_description_template`
  ADD CONSTRAINT `FK_tbl_description_template_tbl_category` FOREIGN KEY (`category_id`) REFERENCES `tbl_category` (`id`);

--
-- Ограничения внешнего ключа таблицы `tbl_profiles`
--
ALTER TABLE `tbl_profiles`
  ADD CONSTRAINT `user_profile_id` FOREIGN KEY (`user_id`) REFERENCES `tbl_users` (`id`) ON DELETE CASCADE;

--
-- Ограничения внешнего ключа таблицы `tbl_project`
--
ALTER TABLE `tbl_project`
  ADD CONSTRAINT `FK_tbl_project_tbl_category` FOREIGN KEY (`category_id`) REFERENCES `tbl_category` (`id`);

/*!40101 SET CHARACTER_SET_CLIENT=@OLD_CHARACTER_SET_CLIENT */;
/*!40101 SET CHARACTER_SET_RESULTS=@OLD_CHARACTER_SET_RESULTS */;
/*!40101 SET COLLATION_CONNECTION=@OLD_COLLATION_CONNECTION */;
