-- phpMyAdmin SQL Dump
-- version 3.4.5
-- http://www.phpmyadmin.net
--
-- Хост: localhost
-- Время создания: Ноя 29 2012 г., 08:17
-- Версия сервера: 5.1.40
-- Версия PHP: 5.3.1

SET SQL_MODE="NO_AUTO_VALUE_ON_ZERO";
SET time_zone = "+00:00";


/*!40101 SET @OLD_CHARACTER_SET_CLIENT=@@CHARACTER_SET_CLIENT */;
/*!40101 SET @OLD_CHARACTER_SET_RESULTS=@@CHARACTER_SET_RESULTS */;
/*!40101 SET @OLD_COLLATION_CONNECTION=@@COLLATION_CONNECTION */;
/*!40101 SET NAMES utf8 */;

--
-- База данных: `management`
--

-- --------------------------------------------------------

--
-- Структура таблицы `tbl_category`
--

CREATE TABLE IF NOT EXISTS `tbl_category` (
  `id` int(11) NOT NULL AUTO_INCREMENT,
  `title` varchar(255) NOT NULL,
  PRIMARY KEY (`id`)
) ENGINE=InnoDB  DEFAULT CHARSET=utf8 COMMENT='список категорий' AUTO_INCREMENT=179 ;

--
-- Дамп данных таблицы `tbl_category`
--

INSERT INTO `tbl_category` (`id`, `title`) VALUES
(1, 'тестовая категория'),
(2, 'Автомобили'),
(3, 'Автозвук'),
(4, 'Автопробеги/Автошоу'),
(5, 'Автосервис'),
(6, 'Автохимия'),
(7, 'Обзоры автомобилей'),
(8, 'Тюнинг'),
(9, 'Бизнес'),
(10, 'GR/Правовое регулирование'),
(11, 'PR'),
(12, 'Малый бизнес'),
(13, 'Маркетинг'),
(14, 'Менеджмент'),
(15, 'Партнерские отношения'),
(16, 'Платежные системы'),
(17, 'Реклама'),
(18, 'Форекс'),
(19, 'Бухгалтерия и финансы'),
(20, 'Арендные отношения'),
(21, 'Аудиторская деятельность'),
(22, 'Банковская деятельность'),
(23, 'Бухгалтерский учет'),
(24, 'Кредитование'),
(25, 'Налоги'),
(26, 'Нормативные документы'),
(27, 'Отчетность'),
(28, 'Страхование'),
(29, 'Финансы и инвестиции'),
(30, 'Высокие технологии'),
(31, 'Авиация/космонавтика'),
(32, 'Беспроводные технологии'),
(33, 'Биотехнологии'),
(34, 'Интернет-технологии'),
(35, 'Продвижение сайтов'),
(36, 'Создание сайтов'),
(37, 'Искусственный интеллект'),
(38, 'Нанотехнологии'),
(39, 'Оборонные технологии'),
(40, 'Программирование'),
(41, 'Робототехника'),
(42, 'Системы безопасности, контроля, автоматизации'),
(43, 'Энергетика'),
(44, 'Живая природа/Растительный мир'),
(45, 'Животные'),
(46, 'Охота'),
(47, 'Птицы'),
(48, 'Растения'),
(49, 'Рыбалка'),
(50, 'Экология'),
(51, 'Журналистика'),
(52, 'Журналистская этика'),
(53, 'Издательство и полиграфия'),
(54, 'СМИ и периодика'),
(55, 'Закон и право'),
(56, 'Арбитраж'),
(57, 'Законодательство'),
(58, 'Нормативные, законодательные базы'),
(59, 'Юридические услуги'),
(60, 'История'),
(61, 'Войны'),
(62, 'Исторические памятники'),
(63, 'Этапы развития'),
(64, 'Кулинария'),
(65, 'Национальные кухни'),
(66, 'Питание/Диеты'),
(67, 'Культура'),
(68, 'Живопись'),
(69, 'Кинематограф'),
(70, 'Мультипликация'),
(71, 'Культуры разных стран'),
(72, 'Литература'),
(73, 'Стихи'),
(74, 'Тексты песен'),
(75, 'Музыка'),
(76, 'Памятники культуры'),
(77, 'Театр'),
(78, 'Философия'),
(79, 'Жизнь и философия'),
(80, 'Знаменитые философы'),
(81, 'Источники философии'),
(82, 'Философские направления и школы'),
(83, 'Фотография'),
(84, 'Медицина/Здоровье'),
(85, 'Анатомия'),
(86, 'Беременность'),
(87, 'Заболевания'),
(88, 'Йога/Лечебная гимнастика'),
(89, 'Косметические и ухаживающие средства'),
(90, 'Массаж'),
(91, 'Медицинская этика/Медицинское законодательство'),
(92, 'Медицинское оборудование/Медицинские технологии'),
(93, 'Методики лечения'),
(94, 'Народная медицина'),
(95, 'Парфюмерия и ароматерапия'),
(96, 'Питание/Диеты'),
(97, 'Сауна/Баня'),
(98, 'Фармакология'),
(99, 'Мода и стиль'),
(100, 'Аксессуары'),
(101, 'Бренды'),
(102, 'Дизайнеры/Бутики'),
(103, 'Модели'),
(104, 'Модные тенденции'),
(105, 'Показы мод/Модные мероприятия'),
(106, 'Общество'),
(107, 'Дом и семья'),
(108, 'Бытовые услуги'),
(109, 'Дети/Воспитание детей'),
(110, 'Домашнее хозяйство'),
(111, 'Домашние питомцы'),
(112, 'Домашний интерьер'),
(113, 'Подарки и поздравления'),
(114, 'Полезные советы'),
(115, 'Сад/Огород'),
(116, 'Семейные отношения'),
(117, 'Семейный отдых/Семейные праздники'),
(118, 'Товары для дома'),
(119, 'Знаменитости'),
(120, 'Образование'),
(121, 'Языки'),
(122, 'Переводы'),
(123, 'Языковедение'),
(124, 'Политика'),
(125, 'Религия'),
(126, 'Трудоустройство/Поиск работы'),
(127, 'Экономика'),
(128, 'Отдых и Туризм'),
(129, 'Гостиницы/Отели'),
(130, 'Обзор стран и городов'),
(131, 'Побережье городов/Водная стихия'),
(132, 'Путешествия/Туры'),
(133, 'Психология'),
(134, 'Психология в разных сферах жизни'),
(135, 'Самосовершенствование'),
(136, 'Тренинги/Тесты'),
(137, 'Разное'),
(138, 'Астрология'),
(139, 'Гадания, предсказания, магия'),
(140, 'Другое'),
(141, 'Народные поверья'),
(142, 'Необъяснимо, но факт'),
(143, 'Происшествия'),
(144, 'Развлечения'),
(145, 'Видеоигры'),
(146, 'MMORPG'),
(147, 'Случаи из жизни'),
(148, 'Хобби и увлечения'),
(149, 'Юмор'),
(150, 'Спорт'),
(151, 'Виды спорта'),
(152, 'Соревнования/Чемпионаты'),
(153, 'Спорт и здоровье'),
(154, 'Спортивное снаряжение/Спортивная форма'),
(155, 'Спортсмены/Тренеры/Комментаторы'),
(156, 'Строительство'),
(157, 'Архитектура'),
(158, 'Дизайн помещений/Ландшафтный дизайн'),
(159, 'Недвижимость'),
(160, 'Ремонт'),
(161, 'Стройматериалы'),
(162, 'Технологии'),
(163, 'Техника'),
(164, 'Аудиотехника'),
(165, 'Бытовая техника'),
(166, 'Вычислительная техника'),
(167, 'Мобильные телефоны'),
(168, 'Промышленная техника'),
(169, 'Светотехника'),
(170, 'Транспорт'),
(171, 'Фототехника'),
(172, 'Электротехника'),
(173, 'Фондовый рынок'),
(174, 'Инвестиционный рынок/Инвестиционные компании'),
(175, 'Рынок ценных бумаг'),
(176, 'Торговые системы'),
(177, 'Трейдинг/Интернет-трейдинг'),
(178, 'Ценообразование на рынке/Курсы валют');

-- --------------------------------------------------------

--
-- Структура таблицы `tbl_check`
--

CREATE TABLE IF NOT EXISTS `tbl_check` (
  `id` int(11) NOT NULL AUTO_INCREMENT,
  `title` varchar(255) NOT NULL COMMENT 'название проверки',
  `class_name` varchar(255) NOT NULL COMMENT 'класс который будет производит проверку текста',
  PRIMARY KEY (`id`)
) ENGINE=MyISAM  DEFAULT CHARSET=utf8 COMMENT='Проверки, котор. нужно сделать по тексту с вызывом классов с' AUTO_INCREMENT=10 ;

--
-- Дамп данных таблицы `tbl_check`
--

INSERT INTO `tbl_check` (`id`, `title`, `class_name`) VALUES
(1, 'Пунктуация', 'Punctuation'),
(2, 'Орфография', 'Spelling'),
(3, 'Уникальность контента', 'Unique'),
(4, 'Плотность вхождения ключей', 'Density'),
(5, 'Точность вхождения ключей', 'Accuracy'),
(6, 'Порядок следования ключей', 'OrderKeys'),
(7, 'Расстояние между словами в ключевике', 'DistanceInWords'),
(8, 'Равномерность распределения ключей', 'Uniformity'),
(9, 'Количество текста', 'AmountText');

-- --------------------------------------------------------

--
-- Структура таблицы `tbl_checking_import_vars`
--

CREATE TABLE IF NOT EXISTS `tbl_checking_import_vars` (
  `id` int(11) NOT NULL AUTO_INCREMENT,
  `type` tinyint(2) NOT NULL COMMENT 'тип:1-шаблон,2-проект',
  `model_id` int(11) NOT NULL COMMENT 'ID проекта или ID шаблона, зависит от типа',
  `import_var_id` int(11) NOT NULL COMMENT 'ID поля по которому нужна или не нужна проверка ИЗ таблицы СХЕМЫ',
  `selected` tinyint(1) NOT NULL COMMENT 'выбрана ли проверка по полю',
  `checked_id` int(11) NOT NULL COMMENT 'id проверки по полю',
  PRIMARY KEY (`id`)
) ENGINE=MyISAM  DEFAULT CHARSET=utf8 COMMENT='выбранные проверки по полям из задания,шаблона' AUTO_INCREMENT=622 ;

--
-- Дамп данных таблицы `tbl_checking_import_vars`
--

INSERT INTO `tbl_checking_import_vars` (`id`, `type`, `model_id`, `import_var_id`, `selected`, `checked_id`) VALUES
(1, 1, 1, 1, 0, 1),
(2, 1, 1, 1, 0, 2),
(3, 1, 1, 1, 0, 3),
(4, 1, 1, 1, 0, 4),
(5, 1, 1, 1, 0, 5),
(6, 1, 1, 1, 0, 6),
(7, 1, 1, 1, 0, 7),
(8, 1, 1, 1, 0, 8),
(9, 1, 1, 1, 0, 9),
(10, 1, 1, 2, 1, 1),
(11, 1, 1, 2, 1, 2),
(12, 1, 1, 2, 1, 3),
(13, 1, 1, 2, 1, 4),
(14, 1, 1, 2, 1, 5),
(15, 1, 1, 2, 1, 6),
(16, 1, 1, 2, 1, 7),
(17, 1, 1, 2, 1, 8),
(18, 1, 1, 2, 1, 9),
(19, 1, 1, 3, 1, 1),
(20, 1, 1, 3, 1, 2),
(21, 1, 1, 3, 1, 3),
(22, 1, 1, 3, 1, 4),
(23, 1, 1, 3, 1, 5),
(24, 1, 1, 3, 1, 6),
(25, 1, 1, 3, 1, 7),
(26, 1, 1, 3, 1, 8),
(27, 1, 1, 3, 1, 9),
(28, 1, 1, 4, 1, 1),
(29, 1, 1, 4, 1, 2),
(30, 1, 1, 4, 1, 3),
(31, 1, 1, 4, 1, 4),
(32, 1, 1, 4, 1, 5),
(33, 1, 1, 4, 1, 6),
(34, 1, 1, 4, 1, 7),
(35, 1, 1, 4, 1, 8),
(36, 1, 1, 4, 1, 9),
(37, 1, 1, 5, 1, 1),
(38, 1, 1, 5, 1, 2),
(39, 1, 1, 5, 1, 3),
(40, 1, 1, 5, 1, 4),
(41, 1, 1, 5, 1, 5),
(42, 1, 1, 5, 1, 6),
(43, 1, 1, 5, 1, 7),
(44, 1, 1, 5, 1, 8),
(45, 1, 1, 5, 1, 9),
(46, 1, 1, 6, 1, 1),
(47, 1, 1, 6, 1, 2),
(48, 1, 1, 6, 1, 3),
(49, 1, 1, 6, 1, 4),
(50, 1, 1, 6, 1, 5),
(51, 1, 1, 6, 1, 6),
(52, 1, 1, 6, 1, 7),
(53, 1, 1, 6, 1, 8),
(54, 1, 1, 6, 1, 9),
(55, 1, 1, 7, 1, 1),
(56, 1, 1, 7, 1, 2),
(57, 1, 1, 7, 1, 3),
(58, 1, 1, 7, 1, 4),
(59, 1, 1, 7, 1, 5),
(60, 1, 1, 7, 1, 6),
(61, 1, 1, 7, 1, 7),
(62, 1, 1, 7, 1, 8),
(63, 1, 1, 7, 1, 9),
(64, 1, 1, 8, 1, 1),
(65, 1, 1, 8, 1, 2),
(66, 1, 1, 8, 1, 3),
(67, 1, 1, 8, 1, 4),
(68, 1, 1, 8, 1, 5),
(69, 1, 1, 8, 1, 6),
(70, 1, 1, 8, 1, 7),
(71, 1, 1, 8, 1, 8),
(72, 1, 1, 8, 1, 9),
(73, 1, 1, 9, 1, 1),
(74, 1, 1, 9, 1, 2),
(75, 1, 1, 9, 1, 3),
(76, 1, 1, 9, 1, 4),
(77, 1, 1, 9, 1, 5),
(78, 1, 1, 9, 1, 6),
(79, 1, 1, 9, 1, 7),
(80, 1, 1, 9, 1, 8),
(81, 1, 1, 9, 1, 9),
(82, 1, 1, 10, 1, 1),
(83, 1, 1, 10, 1, 2),
(84, 1, 1, 10, 1, 3),
(85, 1, 1, 10, 1, 4),
(86, 1, 1, 10, 1, 5),
(87, 1, 1, 10, 1, 6),
(88, 1, 1, 10, 1, 7),
(89, 1, 1, 10, 1, 8),
(90, 1, 1, 10, 1, 9),
(91, 1, 1, 11, 1, 1),
(92, 1, 1, 11, 1, 2),
(93, 1, 1, 11, 1, 3),
(94, 1, 1, 11, 1, 4),
(95, 1, 1, 11, 1, 5),
(96, 1, 1, 11, 1, 6),
(97, 1, 1, 11, 1, 7),
(98, 1, 1, 11, 1, 8),
(99, 1, 1, 11, 1, 9),
(100, 1, 1, 12, 1, 1),
(101, 1, 1, 12, 1, 2),
(102, 1, 1, 12, 1, 3),
(103, 1, 1, 12, 1, 4),
(104, 1, 1, 12, 1, 5),
(105, 1, 1, 12, 1, 6),
(106, 1, 1, 12, 1, 7),
(107, 1, 1, 12, 1, 8),
(108, 1, 1, 12, 1, 9),
(109, 1, 1, 13, 1, 1),
(110, 1, 1, 13, 1, 2),
(111, 1, 1, 13, 1, 3),
(112, 1, 1, 13, 1, 4),
(113, 1, 1, 13, 1, 5),
(114, 1, 1, 13, 1, 6),
(115, 1, 1, 13, 1, 7),
(116, 1, 1, 13, 1, 8),
(117, 1, 1, 13, 1, 9),
(118, 1, 1, 14, 1, 1),
(119, 1, 1, 14, 1, 2),
(120, 1, 1, 14, 1, 3),
(121, 1, 1, 14, 1, 4),
(122, 1, 1, 14, 1, 5),
(123, 1, 1, 14, 1, 6),
(124, 1, 1, 14, 1, 7),
(125, 1, 1, 14, 1, 8),
(126, 1, 1, 14, 1, 9),
(127, 1, 1, 15, 0, 1),
(128, 1, 1, 15, 0, 2),
(129, 1, 1, 15, 0, 3),
(130, 1, 1, 15, 0, 4),
(131, 1, 1, 15, 0, 5),
(132, 1, 1, 15, 0, 6),
(133, 1, 1, 15, 0, 7),
(134, 1, 1, 15, 0, 8),
(135, 1, 1, 15, 0, 9),
(136, 1, 1, 16, 1, 1),
(137, 1, 1, 16, 1, 2),
(138, 1, 1, 16, 1, 3),
(139, 1, 1, 16, 1, 4),
(140, 1, 1, 16, 1, 5),
(141, 1, 1, 16, 1, 6),
(142, 1, 1, 16, 1, 7),
(143, 1, 1, 16, 1, 8),
(144, 1, 1, 16, 1, 9),
(145, 1, 1, 17, 1, 1),
(146, 1, 1, 17, 1, 2),
(147, 1, 1, 17, 1, 3),
(148, 1, 1, 17, 1, 4),
(149, 1, 1, 17, 1, 5),
(150, 1, 1, 17, 1, 6),
(151, 1, 1, 17, 1, 7),
(152, 1, 1, 17, 1, 8),
(153, 1, 1, 17, 1, 9),
(154, 1, 1, 18, 1, 1),
(155, 1, 1, 18, 1, 2),
(156, 1, 1, 18, 1, 3),
(157, 1, 1, 18, 1, 4),
(158, 1, 1, 18, 1, 5),
(159, 1, 1, 18, 1, 6),
(160, 1, 1, 18, 1, 7),
(161, 1, 1, 18, 1, 8),
(162, 1, 1, 18, 1, 9),
(163, 1, 1, 19, 1, 1),
(164, 1, 1, 19, 1, 2),
(165, 1, 1, 19, 1, 3),
(166, 1, 1, 19, 1, 4),
(167, 1, 1, 19, 1, 5),
(168, 1, 1, 19, 1, 6),
(169, 1, 1, 19, 1, 7),
(170, 1, 1, 19, 1, 8),
(171, 1, 1, 19, 1, 9),
(172, 1, 1, 20, 1, 1),
(173, 1, 1, 20, 1, 2),
(174, 1, 1, 20, 1, 3),
(175, 1, 1, 20, 1, 4),
(176, 1, 1, 20, 1, 5),
(177, 1, 1, 20, 1, 6),
(178, 1, 1, 20, 1, 7),
(179, 1, 1, 20, 1, 8),
(180, 1, 1, 20, 1, 9),
(181, 1, 1, 21, 1, 1),
(182, 1, 1, 21, 1, 2),
(183, 1, 1, 21, 1, 3),
(184, 1, 1, 21, 1, 4),
(185, 1, 1, 21, 1, 5),
(186, 1, 1, 21, 1, 6),
(187, 1, 1, 21, 1, 7),
(188, 1, 1, 21, 1, 8),
(189, 1, 1, 21, 1, 9),
(190, 1, 1, 22, 1, 1),
(191, 1, 1, 22, 1, 2),
(192, 1, 1, 22, 1, 3),
(193, 1, 1, 22, 1, 4),
(194, 1, 1, 22, 1, 5),
(195, 1, 1, 22, 1, 6),
(196, 1, 1, 22, 1, 7),
(197, 1, 1, 22, 1, 8),
(198, 1, 1, 22, 1, 9),
(199, 1, 1, 23, 1, 1),
(200, 1, 1, 23, 1, 2),
(201, 1, 1, 23, 1, 3),
(202, 1, 1, 23, 1, 4),
(203, 1, 1, 23, 1, 5),
(204, 1, 1, 23, 1, 6),
(205, 1, 1, 23, 1, 7),
(206, 1, 1, 23, 1, 8),
(207, 1, 1, 23, 1, 9),
(208, 2, 1, 24, 0, 1),
(209, 2, 1, 24, 0, 2),
(210, 2, 1, 24, 0, 3),
(211, 2, 1, 24, 0, 4),
(212, 2, 1, 24, 0, 5),
(213, 2, 1, 24, 0, 6),
(214, 2, 1, 24, 0, 7),
(215, 2, 1, 24, 0, 8),
(216, 2, 1, 24, 0, 9),
(217, 2, 1, 25, 1, 1),
(218, 2, 1, 25, 1, 2),
(219, 2, 1, 25, 1, 3),
(220, 2, 1, 25, 1, 4),
(221, 2, 1, 25, 1, 5),
(222, 2, 1, 25, 1, 6),
(223, 2, 1, 25, 1, 7),
(224, 2, 1, 25, 1, 8),
(225, 2, 1, 25, 1, 9),
(226, 2, 1, 26, 1, 1),
(227, 2, 1, 26, 1, 2),
(228, 2, 1, 26, 1, 3),
(229, 2, 1, 26, 1, 4),
(230, 2, 1, 26, 1, 5),
(231, 2, 1, 26, 1, 6),
(232, 2, 1, 26, 1, 7),
(233, 2, 1, 26, 1, 8),
(234, 2, 1, 26, 1, 9),
(235, 2, 1, 27, 1, 1),
(236, 2, 1, 27, 1, 2),
(237, 2, 1, 27, 1, 3),
(238, 2, 1, 27, 1, 4),
(239, 2, 1, 27, 1, 5),
(240, 2, 1, 27, 1, 6),
(241, 2, 1, 27, 1, 7),
(242, 2, 1, 27, 1, 8),
(243, 2, 1, 27, 1, 9),
(244, 2, 1, 28, 1, 1),
(245, 2, 1, 28, 1, 2),
(246, 2, 1, 28, 1, 3),
(247, 2, 1, 28, 1, 4),
(248, 2, 1, 28, 1, 5),
(249, 2, 1, 28, 1, 6),
(250, 2, 1, 28, 1, 7),
(251, 2, 1, 28, 1, 8),
(252, 2, 1, 28, 1, 9),
(253, 2, 1, 29, 1, 1),
(254, 2, 1, 29, 1, 2),
(255, 2, 1, 29, 1, 3),
(256, 2, 1, 29, 1, 4),
(257, 2, 1, 29, 1, 5),
(258, 2, 1, 29, 1, 6),
(259, 2, 1, 29, 1, 7),
(260, 2, 1, 29, 1, 8),
(261, 2, 1, 29, 1, 9),
(262, 2, 1, 30, 1, 1),
(263, 2, 1, 30, 1, 2),
(264, 2, 1, 30, 1, 3),
(265, 2, 1, 30, 1, 4),
(266, 2, 1, 30, 1, 5),
(267, 2, 1, 30, 1, 6),
(268, 2, 1, 30, 1, 7),
(269, 2, 1, 30, 1, 8),
(270, 2, 1, 30, 1, 9),
(271, 2, 1, 31, 1, 1),
(272, 2, 1, 31, 1, 2),
(273, 2, 1, 31, 1, 3),
(274, 2, 1, 31, 1, 4),
(275, 2, 1, 31, 1, 5),
(276, 2, 1, 31, 1, 6),
(277, 2, 1, 31, 1, 7),
(278, 2, 1, 31, 1, 8),
(279, 2, 1, 31, 1, 9),
(280, 2, 1, 32, 1, 1),
(281, 2, 1, 32, 1, 2),
(282, 2, 1, 32, 1, 3),
(283, 2, 1, 32, 1, 4),
(284, 2, 1, 32, 1, 5),
(285, 2, 1, 32, 1, 6),
(286, 2, 1, 32, 1, 7),
(287, 2, 1, 32, 1, 8),
(288, 2, 1, 32, 1, 9),
(289, 2, 1, 33, 1, 1),
(290, 2, 1, 33, 1, 2),
(291, 2, 1, 33, 1, 3),
(292, 2, 1, 33, 1, 4),
(293, 2, 1, 33, 1, 5),
(294, 2, 1, 33, 1, 6),
(295, 2, 1, 33, 1, 7),
(296, 2, 1, 33, 1, 8),
(297, 2, 1, 33, 1, 9),
(298, 2, 1, 34, 1, 1),
(299, 2, 1, 34, 1, 2),
(300, 2, 1, 34, 1, 3),
(301, 2, 1, 34, 1, 4),
(302, 2, 1, 34, 1, 5),
(303, 2, 1, 34, 1, 6),
(304, 2, 1, 34, 1, 7),
(305, 2, 1, 34, 1, 8),
(306, 2, 1, 34, 1, 9),
(307, 2, 1, 35, 1, 1),
(308, 2, 1, 35, 1, 2),
(309, 2, 1, 35, 1, 3),
(310, 2, 1, 35, 1, 4),
(311, 2, 1, 35, 1, 5),
(312, 2, 1, 35, 1, 6),
(313, 2, 1, 35, 1, 7),
(314, 2, 1, 35, 1, 8),
(315, 2, 1, 35, 1, 9),
(316, 2, 1, 36, 1, 1),
(317, 2, 1, 36, 1, 2),
(318, 2, 1, 36, 1, 3),
(319, 2, 1, 36, 1, 4),
(320, 2, 1, 36, 1, 5),
(321, 2, 1, 36, 1, 6),
(322, 2, 1, 36, 1, 7),
(323, 2, 1, 36, 1, 8),
(324, 2, 1, 36, 1, 9),
(325, 2, 1, 37, 1, 1),
(326, 2, 1, 37, 1, 2),
(327, 2, 1, 37, 1, 3),
(328, 2, 1, 37, 1, 4),
(329, 2, 1, 37, 1, 5),
(330, 2, 1, 37, 1, 6),
(331, 2, 1, 37, 1, 7),
(332, 2, 1, 37, 1, 8),
(333, 2, 1, 37, 1, 9),
(334, 2, 1, 38, 0, 1),
(335, 2, 1, 38, 0, 2),
(336, 2, 1, 38, 0, 3),
(337, 2, 1, 38, 0, 4),
(338, 2, 1, 38, 0, 5),
(339, 2, 1, 38, 0, 6),
(340, 2, 1, 38, 0, 7),
(341, 2, 1, 38, 0, 8),
(342, 2, 1, 38, 0, 9),
(343, 2, 1, 39, 1, 1),
(344, 2, 1, 39, 1, 2),
(345, 2, 1, 39, 1, 3),
(346, 2, 1, 39, 1, 4),
(347, 2, 1, 39, 1, 5),
(348, 2, 1, 39, 1, 6),
(349, 2, 1, 39, 1, 7),
(350, 2, 1, 39, 1, 8),
(351, 2, 1, 39, 1, 9),
(352, 2, 1, 40, 1, 1),
(353, 2, 1, 40, 1, 2),
(354, 2, 1, 40, 1, 3),
(355, 2, 1, 40, 1, 4),
(356, 2, 1, 40, 1, 5),
(357, 2, 1, 40, 1, 6),
(358, 2, 1, 40, 1, 7),
(359, 2, 1, 40, 1, 8),
(360, 2, 1, 40, 1, 9),
(361, 2, 1, 41, 1, 1),
(362, 2, 1, 41, 1, 2),
(363, 2, 1, 41, 1, 3),
(364, 2, 1, 41, 1, 4),
(365, 2, 1, 41, 1, 5),
(366, 2, 1, 41, 1, 6),
(367, 2, 1, 41, 1, 7),
(368, 2, 1, 41, 1, 8),
(369, 2, 1, 41, 1, 9),
(370, 2, 1, 42, 1, 1),
(371, 2, 1, 42, 1, 2),
(372, 2, 1, 42, 1, 3),
(373, 2, 1, 42, 1, 4),
(374, 2, 1, 42, 1, 5),
(375, 2, 1, 42, 1, 6),
(376, 2, 1, 42, 1, 7),
(377, 2, 1, 42, 1, 8),
(378, 2, 1, 42, 1, 9),
(379, 2, 1, 43, 1, 1),
(380, 2, 1, 43, 1, 2),
(381, 2, 1, 43, 1, 3),
(382, 2, 1, 43, 1, 4),
(383, 2, 1, 43, 1, 5),
(384, 2, 1, 43, 1, 6),
(385, 2, 1, 43, 1, 7),
(386, 2, 1, 43, 1, 8),
(387, 2, 1, 43, 1, 9),
(388, 2, 1, 44, 1, 1),
(389, 2, 1, 44, 1, 2),
(390, 2, 1, 44, 1, 3),
(391, 2, 1, 44, 1, 4),
(392, 2, 1, 44, 1, 5),
(393, 2, 1, 44, 1, 6),
(394, 2, 1, 44, 1, 7),
(395, 2, 1, 44, 1, 8),
(396, 2, 1, 44, 1, 9),
(397, 2, 1, 45, 1, 1),
(398, 2, 1, 45, 1, 2),
(399, 2, 1, 45, 1, 3),
(400, 2, 1, 45, 1, 4),
(401, 2, 1, 45, 1, 5),
(402, 2, 1, 45, 1, 6),
(403, 2, 1, 45, 1, 7),
(404, 2, 1, 45, 1, 8),
(405, 2, 1, 45, 1, 9),
(406, 2, 1, 46, 1, 1),
(407, 2, 1, 46, 1, 2),
(408, 2, 1, 46, 1, 3),
(409, 2, 1, 46, 1, 4),
(410, 2, 1, 46, 1, 5),
(411, 2, 1, 46, 1, 6),
(412, 2, 1, 46, 1, 7),
(413, 2, 1, 46, 1, 8),
(414, 2, 1, 46, 1, 9),
(415, 2, 2, 47, 0, 1),
(416, 2, 2, 47, 0, 2),
(417, 2, 2, 47, 0, 3),
(418, 2, 2, 47, 0, 4),
(419, 2, 2, 47, 0, 5),
(420, 2, 2, 47, 0, 6),
(421, 2, 2, 47, 0, 7),
(422, 2, 2, 47, 0, 8),
(423, 2, 2, 47, 0, 9),
(424, 2, 2, 48, 1, 1),
(425, 2, 2, 48, 1, 2),
(426, 2, 2, 48, 1, 3),
(427, 2, 2, 48, 1, 4),
(428, 2, 2, 48, 1, 5),
(429, 2, 2, 48, 1, 6),
(430, 2, 2, 48, 1, 7),
(431, 2, 2, 48, 1, 8),
(432, 2, 2, 48, 1, 9),
(433, 2, 2, 49, 1, 1),
(434, 2, 2, 49, 1, 2),
(435, 2, 2, 49, 1, 3),
(436, 2, 2, 49, 1, 4),
(437, 2, 2, 49, 1, 5),
(438, 2, 2, 49, 1, 6),
(439, 2, 2, 49, 1, 7),
(440, 2, 2, 49, 1, 8),
(441, 2, 2, 49, 1, 9),
(442, 2, 2, 50, 1, 1),
(443, 2, 2, 50, 1, 2),
(444, 2, 2, 50, 1, 3),
(445, 2, 2, 50, 1, 4),
(446, 2, 2, 50, 1, 5),
(447, 2, 2, 50, 1, 6),
(448, 2, 2, 50, 1, 7),
(449, 2, 2, 50, 1, 8),
(450, 2, 2, 50, 1, 9),
(451, 2, 2, 51, 1, 1),
(452, 2, 2, 51, 1, 2),
(453, 2, 2, 51, 1, 3),
(454, 2, 2, 51, 1, 4),
(455, 2, 2, 51, 1, 5),
(456, 2, 2, 51, 1, 6),
(457, 2, 2, 51, 1, 7),
(458, 2, 2, 51, 1, 8),
(459, 2, 2, 51, 1, 9),
(460, 2, 2, 52, 1, 1),
(461, 2, 2, 52, 1, 2),
(462, 2, 2, 52, 1, 3),
(463, 2, 2, 52, 1, 4),
(464, 2, 2, 52, 1, 5),
(465, 2, 2, 52, 1, 6),
(466, 2, 2, 52, 1, 7),
(467, 2, 2, 52, 1, 8),
(468, 2, 2, 52, 1, 9),
(469, 2, 2, 53, 1, 1),
(470, 2, 2, 53, 1, 2),
(471, 2, 2, 53, 1, 3),
(472, 2, 2, 53, 1, 4),
(473, 2, 2, 53, 1, 5),
(474, 2, 2, 53, 1, 6),
(475, 2, 2, 53, 1, 7),
(476, 2, 2, 53, 1, 8),
(477, 2, 2, 53, 1, 9),
(478, 2, 2, 54, 1, 1),
(479, 2, 2, 54, 1, 2),
(480, 2, 2, 54, 1, 3),
(481, 2, 2, 54, 1, 4),
(482, 2, 2, 54, 1, 5),
(483, 2, 2, 54, 1, 6),
(484, 2, 2, 54, 1, 7),
(485, 2, 2, 54, 1, 8),
(486, 2, 2, 54, 1, 9),
(487, 2, 2, 55, 1, 1),
(488, 2, 2, 55, 1, 2),
(489, 2, 2, 55, 1, 3),
(490, 2, 2, 55, 1, 4),
(491, 2, 2, 55, 1, 5),
(492, 2, 2, 55, 1, 6),
(493, 2, 2, 55, 1, 7),
(494, 2, 2, 55, 1, 8),
(495, 2, 2, 55, 1, 9),
(496, 2, 2, 56, 1, 1),
(497, 2, 2, 56, 1, 2),
(498, 2, 2, 56, 1, 3),
(499, 2, 2, 56, 1, 4),
(500, 2, 2, 56, 1, 5),
(501, 2, 2, 56, 1, 6),
(502, 2, 2, 56, 1, 7),
(503, 2, 2, 56, 1, 8),
(504, 2, 2, 56, 1, 9),
(505, 2, 2, 57, 1, 1),
(506, 2, 2, 57, 1, 2),
(507, 2, 2, 57, 1, 3),
(508, 2, 2, 57, 1, 4),
(509, 2, 2, 57, 1, 5),
(510, 2, 2, 57, 1, 6),
(511, 2, 2, 57, 1, 7),
(512, 2, 2, 57, 1, 8),
(513, 2, 2, 57, 1, 9),
(514, 2, 2, 58, 1, 1),
(515, 2, 2, 58, 1, 2),
(516, 2, 2, 58, 1, 3),
(517, 2, 2, 58, 1, 4),
(518, 2, 2, 58, 1, 5),
(519, 2, 2, 58, 1, 6),
(520, 2, 2, 58, 1, 7),
(521, 2, 2, 58, 1, 8),
(522, 2, 2, 58, 1, 9),
(523, 2, 2, 59, 1, 1),
(524, 2, 2, 59, 1, 2),
(525, 2, 2, 59, 1, 3),
(526, 2, 2, 59, 1, 4),
(527, 2, 2, 59, 1, 5),
(528, 2, 2, 59, 1, 6),
(529, 2, 2, 59, 1, 7),
(530, 2, 2, 59, 1, 8),
(531, 2, 2, 59, 1, 9),
(532, 2, 2, 60, 1, 1),
(533, 2, 2, 60, 1, 2),
(534, 2, 2, 60, 1, 3),
(535, 2, 2, 60, 1, 4),
(536, 2, 2, 60, 1, 5),
(537, 2, 2, 60, 1, 6),
(538, 2, 2, 60, 1, 7),
(539, 2, 2, 60, 1, 8),
(540, 2, 2, 60, 1, 9),
(541, 2, 2, 61, 0, 1),
(542, 2, 2, 61, 0, 2),
(543, 2, 2, 61, 0, 3),
(544, 2, 2, 61, 0, 4),
(545, 2, 2, 61, 0, 5),
(546, 2, 2, 61, 0, 6),
(547, 2, 2, 61, 0, 7),
(548, 2, 2, 61, 0, 8),
(549, 2, 2, 61, 0, 9),
(550, 2, 2, 62, 1, 1),
(551, 2, 2, 62, 1, 2),
(552, 2, 2, 62, 1, 3),
(553, 2, 2, 62, 1, 4),
(554, 2, 2, 62, 1, 5),
(555, 2, 2, 62, 1, 6),
(556, 2, 2, 62, 1, 7),
(557, 2, 2, 62, 1, 8),
(558, 2, 2, 62, 1, 9),
(559, 2, 2, 63, 1, 1),
(560, 2, 2, 63, 1, 2),
(561, 2, 2, 63, 1, 3),
(562, 2, 2, 63, 1, 4),
(563, 2, 2, 63, 1, 5),
(564, 2, 2, 63, 1, 6),
(565, 2, 2, 63, 1, 7),
(566, 2, 2, 63, 1, 8),
(567, 2, 2, 63, 1, 9),
(568, 2, 2, 64, 1, 1),
(569, 2, 2, 64, 1, 2),
(570, 2, 2, 64, 1, 3),
(571, 2, 2, 64, 1, 4),
(572, 2, 2, 64, 1, 5),
(573, 2, 2, 64, 1, 6),
(574, 2, 2, 64, 1, 7),
(575, 2, 2, 64, 1, 8),
(576, 2, 2, 64, 1, 9),
(577, 2, 2, 65, 1, 1),
(578, 2, 2, 65, 1, 2),
(579, 2, 2, 65, 1, 3),
(580, 2, 2, 65, 1, 4),
(581, 2, 2, 65, 1, 5),
(582, 2, 2, 65, 1, 6),
(583, 2, 2, 65, 1, 7),
(584, 2, 2, 65, 1, 8),
(585, 2, 2, 65, 1, 9),
(586, 2, 2, 66, 1, 1),
(587, 2, 2, 66, 1, 2),
(588, 2, 2, 66, 1, 3),
(589, 2, 2, 66, 1, 4),
(590, 2, 2, 66, 1, 5),
(591, 2, 2, 66, 1, 6),
(592, 2, 2, 66, 1, 7),
(593, 2, 2, 66, 1, 8),
(594, 2, 2, 66, 1, 9),
(595, 2, 2, 67, 1, 1),
(596, 2, 2, 67, 1, 2),
(597, 2, 2, 67, 1, 3),
(598, 2, 2, 67, 1, 4),
(599, 2, 2, 67, 1, 5),
(600, 2, 2, 67, 1, 6),
(601, 2, 2, 67, 1, 7),
(602, 2, 2, 67, 1, 8),
(603, 2, 2, 67, 1, 9),
(604, 2, 2, 68, 1, 1),
(605, 2, 2, 68, 1, 2),
(606, 2, 2, 68, 1, 3),
(607, 2, 2, 68, 1, 4),
(608, 2, 2, 68, 1, 5),
(609, 2, 2, 68, 1, 6),
(610, 2, 2, 68, 1, 7),
(611, 2, 2, 68, 1, 8),
(612, 2, 2, 68, 1, 9),
(613, 2, 2, 69, 1, 1),
(614, 2, 2, 69, 1, 2),
(615, 2, 2, 69, 1, 3),
(616, 2, 2, 69, 1, 4),
(617, 2, 2, 69, 1, 5),
(618, 2, 2, 69, 1, 6),
(619, 2, 2, 69, 1, 7),
(620, 2, 2, 69, 1, 8),
(621, 2, 2, 69, 1, 9);

-- --------------------------------------------------------

--
-- Структура таблицы `tbl_description_template`
--

CREATE TABLE IF NOT EXISTS `tbl_description_template` (
  `id` int(11) NOT NULL AUTO_INCREMENT,
  `category_id` int(11) NOT NULL,
  `title` varchar(255) NOT NULL COMMENT 'Название шаблона',
  `title_job` varchar(255) NOT NULL COMMENT 'Название задания ',
  `type_job` varchar(255) NOT NULL COMMENT 'Тип работы ',
  `description` text NOT NULL COMMENT 'Описание заказа ',
  `deadline` int(11) NOT NULL COMMENT 'Срок сдачи заказа ',
  `price_th` int(11) NOT NULL COMMENT 'Стоимость 1000 знаков без пробелов ',
  `uniqueness` smallint(3) NOT NULL COMMENT 'Минимально возможная уникальность любого из текстов проекта',
  PRIMARY KEY (`id`),
  KEY `FK_tbl_description_template_tbl_category` (`category_id`)
) ENGINE=InnoDB  DEFAULT CHARSET=utf8 COMMENT='Шаблоны для добавления описания к заданию' AUTO_INCREMENT=2 ;

--
-- Дамп данных таблицы `tbl_description_template`
--

INSERT INTO `tbl_description_template` (`id`, `category_id`, `title`, `title_job`, `type_job`, `description`, `deadline`, `price_th`, `uniqueness`) VALUES
(1, 1, 'Импорт из МегаЛеммы', 'Импортирование задания из Леммы', 'основной тип работы', 'Задание на написания текстов для копирайтора', 1354262400, 100, 95);

-- --------------------------------------------------------

--
-- Структура таблицы `tbl_errors`
--

CREATE TABLE IF NOT EXISTS `tbl_errors` (
  `id` int(11) NOT NULL AUTO_INCREMENT,
  `user_id` int(11) NOT NULL COMMENT 'автор текста ошибки',
  `model` varchar(255) NOT NULL COMMENT 'название модели к котор. подвязана ошибка',
  `error_text` text NOT NULL COMMENT 'текст ошибки - описание',
  `model_id` int(11) NOT NULL COMMENT 'ID модели, к которой подвязана ошибка',
  `create` int(11) NOT NULL COMMENT 'дата создания отчёта об ошибке',
  `type` smallint(2) NOT NULL COMMENT 'тип ошибки',
  PRIMARY KEY (`id`)
) ENGINE=MyISAM  DEFAULT CHARSET=utf8 COMMENT='Ошибки системы, по моделям' AUTO_INCREMENT=2 ;

--
-- Дамп данных таблицы `tbl_errors`
--

INSERT INTO `tbl_errors` (`id`, `user_id`, `model`, `error_text`, `model_id`, `create`, `type`) VALUES
(1, 10, 'Text', 'литературная корректность не верна', 3, 1354181618, 9);

-- --------------------------------------------------------

--
-- Структура таблицы `tbl_import_vars`
--

CREATE TABLE IF NOT EXISTS `tbl_import_vars` (
  `id` int(11) NOT NULL AUTO_INCREMENT,
  `type` smallint(2) NOT NULL COMMENT 'тип поля',
  `title` varchar(255) NOT NULL COMMENT 'название поля',
  `name` varchar(256) NOT NULL,
  PRIMARY KEY (`id`)
) ENGINE=MyISAM  DEFAULT CHARSET=utf8 COMMENT='Переменные которые будут подвязаны в сотвеств. к импортируем' AUTO_INCREMENT=23 ;

--
-- Дамп данных таблицы `tbl_import_vars`
--

INSERT INTO `tbl_import_vars` (`id`, `type`, `title`, `name`) VALUES
(1, 1, 'Ключевые слова', 'key_words'),
(2, 1, 'Сведение', 'reduction'),
(3, 1, 'Title', 'title'),
(4, 1, 'URL', 'url'),
(5, 1, 'keywords', 'keywords'),
(6, 1, 'description', 'description'),
(7, 1, 'content 1', 'content1'),
(8, 1, 'content 2', 'content2'),
(9, 1, 'content 3', 'content3'),
(10, 1, 'H1', 'H1'),
(11, 1, 'H2', 'H2'),
(12, 1, 'H3', 'H3'),
(13, 1, 'анонс', 'preview'),
(14, 1, 'strong', 'strong'),
(15, 1, 'анкор миралинкс 1', 'ankor_mira1'),
(16, 1, 'полный урл', 'full_url'),
(17, 1, 'анкор миралинкс 2', 'ankor_mira2'),
(18, 1, 'param1', 'param1'),
(19, 1, 'param2', 'param2'),
(20, 1, 'param3', 'param3'),
(21, 1, 'анкор для гогетлинкс', 'ankor_goget_links'),
(22, 1, 'Не импортировать', 'empty');

-- --------------------------------------------------------

--
-- Структура таблицы `tbl_import_vars_shema`
--

CREATE TABLE IF NOT EXISTS `tbl_import_vars_shema` (
  `id` int(11) NOT NULL AUTO_INCREMENT,
  `import_var_id` int(11) NOT NULL COMMENT 'ID внутренней переменной и её соответствие столбцу',
  `shema_type` smallint(2) NOT NULL COMMENT 'тип схемы(для шаблона или для проекта)',
  `num_id` int(11) NOT NULL COMMENT 'id записи в таблице(id шаблона к котор. подвязан или id проекта к котор. подвязан)',
  `num` int(11) NOT NULL COMMENT 'номер по порядку поля',
  `edit` tinyint(1) NOT NULL COMMENT 'Редактируемый столбец',
  `visible` tinyint(1) NOT NULL COMMENT 'Отображаемый столбец',
  `wysiwyg` tinyint(1) NOT NULL COMMENT 'Визивиг редактор',
  `label` varchar(256) NOT NULL COMMENT 'название столбца импорта из csv',
  PRIMARY KEY (`id`)
) ENGINE=MyISAM  DEFAULT CHARSET=utf8 COMMENT='схема соответствий полей импорта из файла, внутренним переме' AUTO_INCREMENT=70 ;

--
-- Дамп данных таблицы `tbl_import_vars_shema`
--

INSERT INTO `tbl_import_vars_shema` (`id`, `import_var_id`, `shema_type`, `num_id`, `num`, `edit`, `visible`, `wysiwyg`, `label`) VALUES
(1, 22, 2, 1, 1, 0, 0, 0, 'Номер текста'),
(2, 1, 2, 1, 2, 0, 1, 0, 'Ключевые слова'),
(3, 2, 2, 1, 3, 0, 1, 0, 'Сведение'),
(4, 3, 2, 1, 4, 0, 1, 0, 'Title'),
(5, 4, 2, 1, 5, 0, 1, 0, 'URL'),
(6, 5, 2, 1, 6, 0, 1, 0, 'keywords'),
(7, 6, 2, 1, 7, 1, 1, 0, 'description'),
(8, 7, 2, 1, 8, 1, 1, 1, 'content 1'),
(9, 8, 2, 1, 9, 1, 1, 1, 'content 2'),
(10, 9, 2, 1, 10, 1, 1, 1, 'content 3'),
(11, 10, 2, 1, 11, 1, 1, 0, 'H1'),
(12, 11, 2, 1, 12, 1, 1, 0, 'H2'),
(13, 12, 2, 1, 13, 1, 1, 0, 'H3'),
(14, 13, 2, 1, 14, 1, 1, 0, 'анонс'),
(15, 14, 2, 1, 15, 1, 1, 0, 'strong'),
(16, 15, 2, 1, 16, 1, 1, 0, 'анкор миралинкс 1'),
(17, 16, 2, 1, 17, 1, 1, 0, 'полный урл'),
(18, 17, 2, 1, 18, 1, 1, 0, 'анкор миралинкс 2'),
(19, 22, 2, 1, 19, 1, 0, 0, 'полный урл'),
(20, 18, 2, 1, 20, 1, 1, 0, 'param1'),
(21, 19, 2, 1, 21, 1, 1, 0, 'param2'),
(22, 20, 2, 1, 22, 1, 1, 0, 'param3'),
(23, 21, 2, 1, 23, 1, 1, 0, 'анкор для гогетлинкс'),
(24, 22, 1, 1, 1, 0, 0, 0, 'Номер текста'),
(25, 1, 1, 1, 2, 0, 1, 0, 'Ключевые слова'),
(26, 2, 1, 1, 3, 0, 1, 0, 'Сведение'),
(27, 3, 1, 1, 4, 0, 1, 0, 'Title'),
(28, 4, 1, 1, 5, 0, 1, 0, 'URL'),
(29, 5, 1, 1, 6, 0, 1, 0, 'keywords'),
(30, 6, 1, 1, 7, 1, 1, 0, 'description'),
(31, 7, 1, 1, 8, 1, 1, 1, 'content 1'),
(32, 8, 1, 1, 9, 1, 1, 1, 'content 2'),
(33, 9, 1, 1, 10, 1, 1, 1, 'content 3'),
(34, 10, 1, 1, 11, 1, 1, 0, 'H1'),
(35, 11, 1, 1, 12, 1, 1, 0, 'H2'),
(36, 12, 1, 1, 13, 1, 1, 0, 'H3'),
(37, 13, 1, 1, 14, 1, 1, 0, 'анонс'),
(38, 14, 1, 1, 15, 1, 1, 0, 'strong'),
(39, 15, 1, 1, 16, 1, 1, 0, 'анкор миралинкс 1'),
(40, 16, 1, 1, 17, 1, 1, 0, 'полный урл'),
(41, 17, 1, 1, 18, 1, 1, 0, 'анкор миралинкс 2'),
(42, 22, 1, 1, 19, 1, 0, 0, 'полный урл'),
(43, 18, 1, 1, 20, 1, 1, 0, 'param1'),
(44, 19, 1, 1, 21, 1, 1, 0, 'param2'),
(45, 20, 1, 1, 22, 1, 1, 0, 'param3'),
(46, 21, 1, 1, 23, 1, 1, 0, 'анкор для гогетлинкс'),
(47, 22, 1, 2, 1, 0, 0, 0, 'Номер текста'),
(48, 1, 1, 2, 2, 0, 1, 0, 'Ключевые слова'),
(49, 2, 1, 2, 3, 0, 1, 0, 'Сведение'),
(50, 3, 1, 2, 4, 0, 1, 0, 'Title'),
(51, 4, 1, 2, 5, 0, 1, 0, 'URL'),
(52, 5, 1, 2, 6, 0, 1, 0, 'keywords'),
(53, 6, 1, 2, 7, 1, 1, 0, 'description'),
(54, 7, 1, 2, 8, 1, 1, 1, 'content 1'),
(55, 8, 1, 2, 9, 1, 1, 1, 'content 2'),
(56, 9, 1, 2, 10, 1, 1, 1, 'content 3'),
(57, 10, 1, 2, 11, 1, 1, 0, 'H1'),
(58, 11, 1, 2, 12, 1, 1, 0, 'H2'),
(59, 12, 1, 2, 13, 1, 1, 0, 'H3'),
(60, 13, 1, 2, 14, 1, 1, 0, 'анонс'),
(61, 14, 1, 2, 15, 1, 1, 0, 'strong'),
(62, 15, 1, 2, 16, 1, 1, 0, 'анкор миралинкс 1'),
(63, 16, 1, 2, 17, 1, 1, 0, 'полный урл'),
(64, 17, 1, 2, 18, 1, 1, 0, 'анкор миралинкс 2'),
(65, 22, 1, 2, 19, 1, 0, 0, 'полный урл'),
(66, 18, 1, 2, 20, 1, 1, 0, 'param1'),
(67, 19, 1, 2, 21, 1, 1, 0, 'param2'),
(68, 20, 1, 2, 22, 1, 1, 0, 'param3'),
(69, 21, 1, 2, 23, 1, 1, 0, 'анкор для гогетлинкс');

-- --------------------------------------------------------

--
-- Структура таблицы `tbl_messages`
--

CREATE TABLE IF NOT EXISTS `tbl_messages` (
  `id` int(11) NOT NULL AUTO_INCREMENT,
  `author_id` int(11) NOT NULL COMMENT 'автор сообщения',
  `create` int(11) NOT NULL COMMENT 'дата сообщения',
  `model` varchar(255) NOT NULL,
  `model_id` int(11) NOT NULL,
  `msg_text` text NOT NULL,
  `is_new` tinyint(1) NOT NULL DEFAULT '1' COMMENT 'новое сообщение или прочитанное',
  PRIMARY KEY (`id`)
) ENGINE=MyISAM DEFAULT CHARSET=utf8 COMMENT='личные сообщения между частниками системы' AUTO_INCREMENT=1 ;

-- --------------------------------------------------------

--
-- Структура таблицы `tbl_profiles`
--

CREATE TABLE IF NOT EXISTS `tbl_profiles` (
  `user_id` int(11) NOT NULL AUTO_INCREMENT,
  `lastname` varchar(50) NOT NULL DEFAULT '',
  `firstname` varchar(50) NOT NULL DEFAULT '',
  PRIMARY KEY (`user_id`)
) ENGINE=InnoDB  DEFAULT CHARSET=utf8 AUTO_INCREMENT=20 ;

--
-- Дамп данных таблицы `tbl_profiles`
--

INSERT INTO `tbl_profiles` (`user_id`, `lastname`, `firstname`) VALUES
(1, 'Admin', 'Administrator'),
(2, 'Demo', 'Demo'),
(10, 'Иванов', 'redactor'),
(18, '5jwktqvl8', '07evbg9r3'),
(19, 'lex168yzj0', '4bbe3o0tuvfyic54');

-- --------------------------------------------------------

--
-- Структура таблицы `tbl_profiles_fields`
--

CREATE TABLE IF NOT EXISTS `tbl_profiles_fields` (
  `id` int(10) NOT NULL AUTO_INCREMENT,
  `varname` varchar(50) NOT NULL,
  `title` varchar(255) NOT NULL,
  `field_type` varchar(50) NOT NULL,
  `field_size` varchar(15) NOT NULL DEFAULT '0',
  `field_size_min` varchar(15) NOT NULL DEFAULT '0',
  `required` int(1) NOT NULL DEFAULT '0',
  `match` varchar(255) NOT NULL DEFAULT '',
  `range` varchar(255) NOT NULL DEFAULT '',
  `error_message` varchar(255) NOT NULL DEFAULT '',
  `other_validator` varchar(5000) NOT NULL DEFAULT '',
  `default` varchar(255) NOT NULL DEFAULT '',
  `widget` varchar(255) NOT NULL DEFAULT '',
  `widgetparams` varchar(5000) NOT NULL DEFAULT '',
  `position` int(3) NOT NULL DEFAULT '0',
  `visible` int(1) NOT NULL DEFAULT '0',
  PRIMARY KEY (`id`),
  KEY `varname` (`varname`,`widget`,`visible`)
) ENGINE=InnoDB  DEFAULT CHARSET=utf8 AUTO_INCREMENT=3 ;

--
-- Дамп данных таблицы `tbl_profiles_fields`
--

INSERT INTO `tbl_profiles_fields` (`id`, `varname`, `title`, `field_type`, `field_size`, `field_size_min`, `required`, `match`, `range`, `error_message`, `other_validator`, `default`, `widget`, `widgetparams`, `position`, `visible`) VALUES
(1, 'lastname', 'Last Name', 'VARCHAR', '50', '3', 1, '', '', 'Incorrect Last Name (length between 3 and 50 characters).', '', '', '', '', 1, 3),
(2, 'firstname', 'First Name', 'VARCHAR', '50', '3', 1, '', '', 'Incorrect First Name (length between 3 and 50 characters).', '', '', '', '', 0, 3);

-- --------------------------------------------------------

--
-- Структура таблицы `tbl_project`
--

CREATE TABLE IF NOT EXISTS `tbl_project` (
  `id` int(11) NOT NULL AUTO_INCREMENT,
  `title` varchar(255) NOT NULL COMMENT 'Название задания ',
  `type_job` varchar(255) NOT NULL COMMENT 'Тип работы ',
  `description` varchar(255) NOT NULL COMMENT 'Описание заказа ',
  `deadline` int(11) NOT NULL COMMENT 'Срок сдачи заказа ',
  `price_th` int(11) NOT NULL COMMENT 'Стоимость 1000 знаков без пробелов – оплата за 1000 знаков без пробелов в рублях',
  `total_cost` int(11) NOT NULL COMMENT 'Стоимость проекта – суммарная стоимость проекта',
  `total_num_char` int(11) NOT NULL COMMENT 'Кол-во знаков в проекте – суммарное кол-во знаков в проекте',
  `uniqueness` smallint(2) NOT NULL COMMENT 'Уникальность',
  `category_id` int(11) NOT NULL,
  `performer_login` varchar(256) NOT NULL COMMENT 'логин исполнителя(копирайтора)',
  `performer_pass` varchar(255) NOT NULL COMMENT 'пароль исполнителя, копирайтора',
  `status` tinyint(2) NOT NULL COMMENT 'статус проекта',
  `check_editor` tinyint(1) NOT NULL COMMENT 'включена ли проверка по полям для редактора',
  `check_copywriter` tinyint(1) NOT NULL COMMENT 'включена ли проверка по полям для копирайтора',
  PRIMARY KEY (`id`),
  KEY `FK_tbl_project_tbl_category` (`category_id`)
) ENGINE=InnoDB  DEFAULT CHARSET=utf8 COMMENT='Описание задания' AUTO_INCREMENT=3 ;

--
-- Дамп данных таблицы `tbl_project`
--

INSERT INTO `tbl_project` (`id`, `title`, `type_job`, `description`, `deadline`, `price_th`, `total_cost`, `total_num_char`, `uniqueness`, `category_id`, `performer_login`, `performer_pass`, `status`, `check_editor`, `check_copywriter`) VALUES
(1, 'Импортирование задания из Леммы', 'основной тип работы', 'Задание на написания текстов для копирайтора по тетовой категории', 1354262400, 100, 10000, 20000, 95, 1, '47kinftl', 'p2ar', 1, 1, 1),
(2, 'Импортирование задания из Леммы', 'основной тип работы', 'Задание на написания текстов для копирайтора', 1354348800, 150, 12333, 10000, 95, 1, 'rl0h1xnzi', 'xhv', 1, 0, 1);

-- --------------------------------------------------------

--
-- Структура таблицы `tbl_project_users`
--

CREATE TABLE IF NOT EXISTS `tbl_project_users` (
  `id` int(11) NOT NULL AUTO_INCREMENT,
  `project_id` int(11) NOT NULL COMMENT 'id проекта',
  `user_id` int(11) NOT NULL COMMENT 'id пользователя котор. подвязан к проекту',
  PRIMARY KEY (`id`)
) ENGINE=InnoDB  DEFAULT CHARSET=utf8 COMMENT='таблица связей проекта с пользователями(админами,копирайтора' AUTO_INCREMENT=7 ;

--
-- Дамп данных таблицы `tbl_project_users`
--

INSERT INTO `tbl_project_users` (`id`, `project_id`, `user_id`) VALUES
(1, 1, 18),
(2, 1, 10),
(3, 1, 1),
(4, 2, 19),
(5, 2, 10),
(6, 2, 1);

-- --------------------------------------------------------

--
-- Структура таблицы `tbl_text`
--

CREATE TABLE IF NOT EXISTS `tbl_text` (
  `id` int(11) NOT NULL AUTO_INCREMENT,
  `project_id` int(11) NOT NULL COMMENT 'к какому проекту подвязан текст, id проекта',
  `status` tinyint(2) NOT NULL COMMENT 'статус текста',
  `num` int(11) NOT NULL COMMENT 'номер текста по порядку, в пределах проекта',
  PRIMARY KEY (`id`)
) ENGINE=MyISAM  DEFAULT CHARSET=utf8 COMMENT='тексты, которые необходимо написать копирайтору при создании' AUTO_INCREMENT=5 ;

--
-- Дамп данных таблицы `tbl_text`
--

INSERT INTO `tbl_text` (`id`, `project_id`, `status`, `num`) VALUES
(1, 1, 1, 1),
(2, 1, -1, 2),
(3, 2, 4, 1),
(4, 2, 1, 2);

-- --------------------------------------------------------

--
-- Структура таблицы `tbl_text_data`
--

CREATE TABLE IF NOT EXISTS `tbl_text_data` (
  `id` int(11) NOT NULL AUTO_INCREMENT,
  `import_var_id` int(11) NOT NULL COMMENT 'ID переменной из импорта',
  `import_var_value` text NOT NULL COMMENT 'значение для переменной импорта',
  `text_id` int(11) NOT NULL COMMENT 'id текста, к которому подвязаные входящие данные для напис. текста',
  PRIMARY KEY (`id`)
) ENGINE=MyISAM  DEFAULT CHARSET=utf8 COMMENT='исходные переменные для написания текстов копирайтором, подв' AUTO_INCREMENT=193 ;

--
-- Дамп данных таблицы `tbl_text_data`
--

INSERT INTO `tbl_text_data` (`id`, `import_var_id`, `import_var_value`, `text_id`) VALUES
(1, 1, 'фильтры для умягчения воды', 1),
(2, 2, '', 1),
(3, 3, 'Фильтр умягчение', 1),
(4, 4, 'filtr_umyagchenie', 1),
(5, 5, 'фильтр умягчение', 1),
(6, 6, '', 1),
(7, 7, '', 1),
(8, 8, '', 1),
(9, 9, '', 1),
(10, 10, '', 1),
(11, 11, '', 1),
(12, 12, '', 1),
(13, 13, '', 1),
(14, 14, '', 1),
(15, 15, 'фильтр умягчение', 1),
(16, 16, '', 1),
(17, 17, '', 1),
(18, 18, '', 1),
(19, 19, '', 1),
(20, 20, '', 1),
(21, 21, '', 1),
(22, 1, 'фильтра для очистки и умягчения водопроводной воды', 1),
(23, 1, 'поликарбонатные фильтра для умягчения воды', 1),
(24, 1, 'магистральные фильтры для умягчения воды', 1),
(25, 1, 'фильтры для очистки воды кухня умягчение', 1),
(26, 1, 'фильтр барьер умягчение воды', 1),
(27, 1, 'фильтры для умягчения мягкой воды', 1),
(28, 1, 'фильтры керамические для умягчения воды', 1),
(29, 1, 'фильтры для умягчения воды фотон', 1),
(30, 1, 'фильтры для умягчения воды в казани', 1),
(31, 1, 'как установить фильтр умягчения воды', 1),
(32, 1, 'дешевый фильтр для умягчения воды', 1),
(33, 1, 'водяные фильтры для умягчения воды', 1),
(34, 1, 'продам фильтр для умягчения воды', 1),
(35, 1, 'фильтр для очистки и умягчения воды', 1),
(36, 1, 'фильтры для воды умягчение воды', 1),
(37, 1, 'фильтры для умягчения воды в армении', 1),
(38, 1, 'фильтр умягчение', 1),
(39, 1, 'фильтра по доочистки и умягчению воды для 3м ч', 1),
(40, 1, 'фильтры на умягчение воды американские', 1),
(41, 1, 'умягчение воды фильтр умягчения воды для вас', 1),
(42, 1, 'фильтр для воды нитраты умягчение', 1),
(43, 1, 'умягчение и очистка воды', 1),
(44, 1, 'аппарат для очистки и умягчения воды', 1),
(45, 1, 'очистка и умягчение воды очистка воды', 1),
(46, 1, 'очистка воды умягчение', 1),
(47, 1, 'очистка воды умягчение воды', 1),
(48, 1, 'умягчение очистка от хлора', 1),
(49, 1, 'чем отличается очистка от умягчения воды', 1),
(50, 1, 'ультрафильтр для очистки и умягчения воды', 1),
(51, 1, 'очистки умягчение', 1),
(52, 1, 'очистка воды от нитратов и умягчение', 1),
(53, 1, 'схема очистки воды умягчение воды', 2),
(54, 2, '', 2),
(55, 3, 'Схема умягчения воды', 2),
(56, 4, 'skhema_umyagcheniya_vody', 2),
(57, 5, 'схема умягчения воды', 2),
(58, 6, '', 2),
(59, 7, '', 2),
(60, 8, '', 2),
(61, 9, '', 2),
(62, 10, '', 2),
(63, 11, '', 2),
(64, 12, '', 2),
(65, 13, '', 2),
(66, 14, '', 2),
(67, 15, 'схема умягчения воды', 2),
(68, 16, '', 2),
(69, 17, '', 2),
(70, 18, '', 2),
(71, 19, '', 2),
(72, 20, '', 2),
(73, 21, '', 2),
(74, 1, 'умягчение воды технологические схемы', 2),
(75, 1, 'двухступенчатая схема умягчения воды избыточным количеством извести', 2),
(76, 1, 'двухступенчатая схема умягчении воды', 2),
(77, 1, 'схемы системы умягчения воды', 2),
(78, 1, 'схемы установки умягчения воды', 2),
(79, 1, 'схема умягчения воды', 2),
(80, 1, 'умягчения воды по одноступенчатой схеме', 2),
(81, 1, 'установка умягчения воды схема работы', 2),
(82, 1, 'технологическая схема системы умягчения воды', 2),
(83, 1, 'фильтр умягчения воды схема сборки', 2),
(84, 1, 'схема системы умягчения', 2),
(85, 1, 'монтажная схема умягчения воды', 2),
(86, 1, 'схемы установки системы умягчения воды', 2),
(87, 1, 'схема расключения установки умягчения воды', 2),
(88, 1, 'схема установки фильтра умягчения воды', 2),
(89, 1, 'схема установки установок умягчения воды', 2),
(90, 1, 'схема обвязки установки умягчения воды', 2),
(91, 1, 'технологическая схема установки умягчения', 2),
(92, 1, 'установка умягчения схема', 2),
(93, 1, 'схема бака установки умягчения', 2),
(94, 1, 'схема подключения умягчения воды', 2),
(95, 1, 'принципиальная схема умягчения воды', 2),
(96, 1, 'умягчение технологической воды', 2),
(97, 1, 'фильтры для умягчения воды', 3),
(98, 2, '', 3),
(99, 3, 'Фильтр умягчение', 3),
(100, 4, 'filtr_umyagchenie', 3),
(101, 5, 'фильтр умягчение', 3),
(102, 6, 'вапавп', 3),
(103, 7, '<p>&nbsp;sd sg вап ва пв ва<br></p>', 3),
(104, 8, '<p>&nbsp;вы апыв а пвыап выап выпвыпвпаа вап<br></p>', 3),
(105, 9, '<p>&nbsp;выапвы вы gds gsd gd gd df g<br></p>', 3),
(106, 10, 'авпв вапв апв', 3),
(107, 11, 'впава', 3),
(108, 12, 'вапвап', 3),
(109, 13, 'вапвап', 3),
(110, 14, 'вапвап', 3),
(111, 15, 'фильтр умягчение', 3),
(112, 16, 'вапвап', 3),
(113, 17, 'вапвап', 3),
(114, 18, 'вапвап', 3),
(115, 19, 'вапвап', 3),
(116, 20, 'вапвап', 3),
(117, 21, 'вапвап', 3),
(118, 1, 'фильтра для очистки и умягчения водопроводной воды', 3),
(119, 1, 'поликарбонатные фильтра для умягчения воды', 3),
(120, 1, 'магистральные фильтры для умягчения воды', 3),
(121, 1, 'фильтры для очистки воды кухня умягчение', 3),
(122, 1, 'фильтр барьер умягчение воды', 3),
(123, 1, 'фильтры для умягчения мягкой воды', 3),
(124, 1, 'фильтры керамические для умягчения воды', 3),
(125, 1, 'фильтры для умягчения воды фотон', 3),
(126, 1, 'фильтры для умягчения воды в казани', 3),
(127, 1, 'как установить фильтр умягчения воды', 3),
(128, 1, 'дешевый фильтр для умягчения воды', 3),
(129, 1, 'водяные фильтры для умягчения воды', 3),
(130, 1, 'продам фильтр для умягчения воды', 3),
(131, 1, 'фильтр для очистки и умягчения воды', 3),
(132, 1, 'фильтры для воды умягчение воды', 3),
(133, 1, 'фильтры для умягчения воды в армении', 3),
(134, 1, 'фильтр умягчение', 3),
(135, 1, 'фильтра по доочистки и умягчению воды для 3м ч', 3),
(136, 1, 'фильтры на умягчение воды американские', 3),
(137, 1, 'умягчение воды фильтр умягчения воды для вас', 3),
(138, 1, 'фильтр для воды нитраты умягчение', 3),
(139, 1, 'умягчение и очистка воды', 3),
(140, 1, 'аппарат для очистки и умягчения воды', 3),
(141, 1, 'очистка и умягчение воды очистка воды', 3),
(142, 1, 'очистка воды умягчение', 3),
(143, 1, 'очистка воды умягчение воды', 3),
(144, 1, 'умягчение очистка от хлора', 3),
(145, 1, 'чем отличается очистка от умягчения воды', 3),
(146, 1, 'ультрафильтр для очистки и умягчения воды', 3),
(147, 1, 'очистки умягчение', 3),
(148, 1, 'очистка воды от нитратов и умягчение', 3),
(149, 1, 'схема очистки воды умягчение воды', 4),
(150, 2, '', 4),
(151, 3, 'Схема умягчения воды', 4),
(152, 4, 'skhema_umyagcheniya_vody', 4),
(153, 5, 'схема умягчения воды', 4),
(154, 6, '', 4),
(155, 7, '', 4),
(156, 8, '', 4),
(157, 9, '', 4),
(158, 10, '', 4),
(159, 11, '', 4),
(160, 12, '', 4),
(161, 13, '', 4),
(162, 14, '', 4),
(163, 15, 'схема умягчения воды', 4),
(164, 16, '', 4),
(165, 17, '', 4),
(166, 18, '', 4),
(167, 19, '', 4),
(168, 20, '', 4),
(169, 21, '', 4),
(170, 1, 'умягчение воды технологические схемы', 4),
(171, 1, 'двухступенчатая схема умягчения воды избыточным количеством извести', 4),
(172, 1, 'двухступенчатая схема умягчении воды', 4),
(173, 1, 'схемы системы умягчения воды', 4),
(174, 1, 'схемы установки умягчения воды', 4),
(175, 1, 'схема умягчения воды', 4),
(176, 1, 'умягчения воды по одноступенчатой схеме', 4),
(177, 1, 'установка умягчения воды схема работы', 4),
(178, 1, 'технологическая схема системы умягчения воды', 4),
(179, 1, 'фильтр умягчения воды схема сборки', 4),
(180, 1, 'схема системы умягчения', 4),
(181, 1, 'монтажная схема умягчения воды', 4),
(182, 1, 'схемы установки системы умягчения воды', 4),
(183, 1, 'схема расключения установки умягчения воды', 4),
(184, 1, 'схема установки фильтра умягчения воды', 4),
(185, 1, 'схема установки установок умягчения воды', 4),
(186, 1, 'схема обвязки установки умягчения воды', 4),
(187, 1, 'технологическая схема установки умягчения', 4),
(188, 1, 'установка умягчения схема', 4),
(189, 1, 'схема бака установки умягчения', 4),
(190, 1, 'схема подключения умягчения воды', 4),
(191, 1, 'принципиальная схема умягчения воды', 4),
(192, 1, 'умягчение технологической воды', 4);

-- --------------------------------------------------------

--
-- Структура таблицы `tbl_users`
--

CREATE TABLE IF NOT EXISTS `tbl_users` (
  `id` int(11) NOT NULL AUTO_INCREMENT,
  `username` varchar(20) NOT NULL,
  `password` varchar(128) NOT NULL,
  `activkey` varchar(128) NOT NULL DEFAULT '',
  `create_at` timestamp NOT NULL DEFAULT CURRENT_TIMESTAMP,
  `lastvisit_at` timestamp NOT NULL DEFAULT '0000-00-00 00:00:00',
  `superuser` int(1) NOT NULL DEFAULT '0',
  `status` int(1) NOT NULL DEFAULT '0',
  `role` varchar(45) NOT NULL COMMENT 'роль пользователя системы(админ,редактор,копирайтор)',
  PRIMARY KEY (`id`),
  UNIQUE KEY `username` (`username`),
  KEY `status` (`status`),
  KEY `superuser` (`superuser`)
) ENGINE=InnoDB  DEFAULT CHARSET=utf8 AUTO_INCREMENT=20 ;

--
-- Дамп данных таблицы `tbl_users`
--

INSERT INTO `tbl_users` (`id`, `username`, `password`, `activkey`, `create_at`, `lastvisit_at`, `superuser`, `status`, `role`) VALUES
(1, 'admin', '21232f297a57a5a743894a0e4a801fc3', '9a24eff8c15a6a141ece27eb6947da0f', '2012-10-17 06:40:52', '2012-11-21 23:14:19', 1, 1, 'super_administrator'),
(2, 'demo', 'fe01ce2a7fbac8fafaed7c982a04e229', '099f825543f7850cc038b90aaff39fac', '2012-10-17 06:40:52', '2012-10-18 05:30:34', 0, 1, 'administrator'),
(10, 'redactor', '827ccb0eea8a706c4c34a16891f84e7b', 'd392f4538c6555bab1711e29c9bd88bf', '2012-11-18 21:55:52', '2012-11-28 23:31:42', 0, 1, 'editor'),
(18, '47kinftl', '036c692f75451bc8accbce76093a7921', '13e2108eb3438ef21bf84a1321ee1e59', '2012-11-23 02:48:30', '2012-11-23 05:06:33', 0, 1, 'copywriter'),
(19, 'rl0h1xnzi', '9a4602883c2c6180c3ff9a2afc76060d', 'ad0c16b1ab91524e8a8ff6b2a7707b23', '2012-11-23 05:11:55', '2012-11-28 23:21:22', 0, 1, 'copywriter');

--
-- Ограничения внешнего ключа сохраненных таблиц
--

--
-- Ограничения внешнего ключа таблицы `tbl_description_template`
--
ALTER TABLE `tbl_description_template`
  ADD CONSTRAINT `FK_tbl_description_template_tbl_category` FOREIGN KEY (`category_id`) REFERENCES `tbl_category` (`id`);

--
-- Ограничения внешнего ключа таблицы `tbl_profiles`
--
ALTER TABLE `tbl_profiles`
  ADD CONSTRAINT `user_profile_id` FOREIGN KEY (`user_id`) REFERENCES `tbl_users` (`id`) ON DELETE CASCADE;

--
-- Ограничения внешнего ключа таблицы `tbl_project`
--
ALTER TABLE `tbl_project`
  ADD CONSTRAINT `FK_tbl_project_tbl_category` FOREIGN KEY (`category_id`) REFERENCES `tbl_category` (`id`);

/*!40101 SET CHARACTER_SET_CLIENT=@OLD_CHARACTER_SET_CLIENT */;
/*!40101 SET CHARACTER_SET_RESULTS=@OLD_CHARACTER_SET_RESULTS */;
/*!40101 SET COLLATION_CONNECTION=@OLD_COLLATION_CONNECTION */;
